TRACE::2024-08-09.14:55:18::SCWPlatform::Trying to open the hw design at D:/Projects_Embedded/Closed_Loop/Vitis_3adc/3LFCC_3adc_platform/hw/Design_Closed_Loop_3adc.xsa
TRACE::2024-08-09.14:55:18::SCWPlatform::DSA given D:/Projects_Embedded/Closed_Loop/Vitis_3adc/3LFCC_3adc_platform/hw/Design_Closed_Loop_3adc.xsa
TRACE::2024-08-09.14:55:18::SCWPlatform::DSA absoulate path D:/Projects_Embedded/Closed_Loop/Vitis_3adc/3LFCC_3adc_platform/hw/Design_Closed_Loop_3adc.xsa
TRACE::2024-08-09.14:55:18::SCWPlatform::DSA directory D:/Projects_Embedded/Closed_Loop/Vitis_3adc/3LFCC_3adc_platform/hw
TRACE::2024-08-09.14:55:18::SCWPlatform:: Platform Path D:/Projects_Embedded/Closed_Loop/Vitis_3adc/3LFCC_3adc_platform/hw/Design_Closed_Loop_3adc.xsa
TRACE::2024-08-09.14:55:18::SCWPlatform:: Unique name xilinx:zybo::0.0
TRACE::2024-08-09.14:55:18::SCWPlatform::Do not have an existing db opened. 
TRACE::2024-08-09.14:55:22::SCWPlatform::Opened new HwDB with name Design_Closed_Loop_wrapper_0
TRACE::2024-08-09.14:55:22::SCWWriter::formatted JSON is {
	"platformName":	"3LFCC_3adc_platform",
	"sprVersion":	"2.0",
	"mode":	"gui",
	"dsaType":	"Fixed",
	"platformDesc":	"3LFCC_3adc_platform",
	"platHandOff":	"D:/Projects_Embedded/Closed_Loop/Vivado/Design_Closed_Loop_3adc.xsa",
	"platIntHandOff":	"<platformDir>/hw/Design_Closed_Loop_3adc.xsa",
	"deviceType":	"zynq",
	"platIsPrebuiltAutogen":	"false",
	"platIsNoBootBsp":	"false",
	"hasFsblMakeHasChanges":	"false",
	"hasPmufwMakeHasChanges":	"false",
	"platPreBuiltFlag":	false,
	"platformSamplesDir":	""
}
TRACE::2024-08-09.14:55:22::SCWWriter::formatted JSON is {
	"platformName":	"3LFCC_3adc_platform",
	"sprVersion":	"2.0",
	"mode":	"gui",
	"dsaType":	"Fixed",
	"platformDesc":	"3LFCC_3adc_platform",
	"platHandOff":	"D:/Projects_Embedded/Closed_Loop/Vivado/Design_Closed_Loop_3adc.xsa",
	"platIntHandOff":	"<platformDir>/hw/Design_Closed_Loop_3adc.xsa",
	"deviceType":	"zynq",
	"platIsPrebuiltAutogen":	"false",
	"platIsNoBootBsp":	"false",
	"hasFsblMakeHasChanges":	"false",
	"hasPmufwMakeHasChanges":	"false",
	"platPreBuiltFlag":	false,
	"platformSamplesDir":	"",
	"platActiveSys":	"3LFCC_3adc_platform",
	"systems":	[{
			"systemName":	"3LFCC_3adc_platform",
			"systemDesc":	"3LFCC_3adc_platform",
			"sysIsBootAutoGen":	"true",
			"systemDispName":	"3LFCC_3adc_platform"
		}]
}
TRACE::2024-08-09.14:55:22::SCWPlatform::Boot application domains not present, creating them
TRACE::2024-08-09.14:55:22::SCWDomain::checking for install qemu data   : 
TRACE::2024-08-09.14:55:22::SCWDomain:: Using the QEMU Data from install at  : D:/Xilinx/Vitis/2023.2/data/emulation/platforms/zynq/sw/a9_standalone/qemu/
TRACE::2024-08-09.14:55:22::SCWDomain:: Using the QEMU args  from install at  : D:/Xilinx/Vitis/2023.2/data/emulation/platforms/zynq/sw/a9_standalone/qemu/qemu_args.txt
TRACE::2024-08-09.14:55:22::SCWPlatform::Trying to open the hw design at D:/Projects_Embedded/Closed_Loop/Vitis_3adc/3LFCC_3adc_platform/hw/Design_Closed_Loop_3adc.xsa
TRACE::2024-08-09.14:55:22::SCWPlatform::DSA given D:/Projects_Embedded/Closed_Loop/Vitis_3adc/3LFCC_3adc_platform/hw/Design_Closed_Loop_3adc.xsa
TRACE::2024-08-09.14:55:22::SCWPlatform::DSA absoulate path D:/Projects_Embedded/Closed_Loop/Vitis_3adc/3LFCC_3adc_platform/hw/Design_Closed_Loop_3adc.xsa
TRACE::2024-08-09.14:55:22::SCWPlatform::DSA directory D:/Projects_Embedded/Closed_Loop/Vitis_3adc/3LFCC_3adc_platform/hw
TRACE::2024-08-09.14:55:22::SCWPlatform:: Platform Path D:/Projects_Embedded/Closed_Loop/Vitis_3adc/3LFCC_3adc_platform/hw/Design_Closed_Loop_3adc.xsa
TRACE::2024-08-09.14:55:22::SCWPlatform:: Unique name xilinx:zybo::0.0
TRACE::2024-08-09.14:55:22::SCWPlatform::Trying to set the existing hwdb with name Design_Closed_Loop_wrapper_0
TRACE::2024-08-09.14:55:22::SCWPlatform::Opened existing hwdb Design_Closed_Loop_wrapper_0
TRACE::2024-08-09.14:55:22::SCWPlatform::Found the Hw Db part of the input DSA
TRACE::2024-08-09.14:55:22::SCWPlatform::Trying to open the hw design at D:/Projects_Embedded/Closed_Loop/Vitis_3adc/3LFCC_3adc_platform/hw/Design_Closed_Loop_3adc.xsa
TRACE::2024-08-09.14:55:22::SCWPlatform::DSA given D:/Projects_Embedded/Closed_Loop/Vitis_3adc/3LFCC_3adc_platform/hw/Design_Closed_Loop_3adc.xsa
TRACE::2024-08-09.14:55:22::SCWPlatform::DSA absoulate path D:/Projects_Embedded/Closed_Loop/Vitis_3adc/3LFCC_3adc_platform/hw/Design_Closed_Loop_3adc.xsa
TRACE::2024-08-09.14:55:22::SCWPlatform::DSA directory D:/Projects_Embedded/Closed_Loop/Vitis_3adc/3LFCC_3adc_platform/hw
TRACE::2024-08-09.14:55:22::SCWPlatform:: Platform Path D:/Projects_Embedded/Closed_Loop/Vitis_3adc/3LFCC_3adc_platform/hw/Design_Closed_Loop_3adc.xsa
TRACE::2024-08-09.14:55:22::SCWPlatform:: Unique name xilinx:zybo::0.0
TRACE::2024-08-09.14:55:22::SCWPlatform::Trying to set the existing hwdb with name Design_Closed_Loop_wrapper_0
TRACE::2024-08-09.14:55:22::SCWPlatform::Opened existing hwdb Design_Closed_Loop_wrapper_0
TRACE::2024-08-09.14:55:22::SCWPlatform::Found the Hw Db part of the input DSA
TRACE::2024-08-09.14:55:22::SCWPlatform::Trying to open the hw design at D:/Projects_Embedded/Closed_Loop/Vitis_3adc/3LFCC_3adc_platform/hw/Design_Closed_Loop_3adc.xsa
TRACE::2024-08-09.14:55:22::SCWPlatform::DSA given D:/Projects_Embedded/Closed_Loop/Vitis_3adc/3LFCC_3adc_platform/hw/Design_Closed_Loop_3adc.xsa
TRACE::2024-08-09.14:55:22::SCWPlatform::DSA absoulate path D:/Projects_Embedded/Closed_Loop/Vitis_3adc/3LFCC_3adc_platform/hw/Design_Closed_Loop_3adc.xsa
TRACE::2024-08-09.14:55:22::SCWPlatform::DSA directory D:/Projects_Embedded/Closed_Loop/Vitis_3adc/3LFCC_3adc_platform/hw
TRACE::2024-08-09.14:55:22::SCWPlatform:: Platform Path D:/Projects_Embedded/Closed_Loop/Vitis_3adc/3LFCC_3adc_platform/hw/Design_Closed_Loop_3adc.xsa
TRACE::2024-08-09.14:55:22::SCWPlatform:: Unique name xilinx:zybo::0.0
TRACE::2024-08-09.14:55:22::SCWPlatform::Trying to set the existing hwdb with name Design_Closed_Loop_wrapper_0
TRACE::2024-08-09.14:55:22::SCWPlatform::Opened existing hwdb Design_Closed_Loop_wrapper_0
TRACE::2024-08-09.14:55:22::SCWPlatform::Found the Hw Db part of the input DSA
TRACE::2024-08-09.14:55:22::SCWPlatform::Boot application domain added for zynq_fsbl
TRACE::2024-08-09.14:55:22::SCWPlatform::Generating the sources  .
TRACE::2024-08-09.14:55:22::SCWBDomain::Generating boot domain sources.
TRACE::2024-08-09.14:55:22::SCWBDomain:: Generating the zynq_fsbl Application.
TRACE::2024-08-09.14:55:22::SCWPlatform::Trying to open the hw design at D:/Projects_Embedded/Closed_Loop/Vitis_3adc/3LFCC_3adc_platform/hw/Design_Closed_Loop_3adc.xsa
TRACE::2024-08-09.14:55:22::SCWPlatform::DSA given D:/Projects_Embedded/Closed_Loop/Vitis_3adc/3LFCC_3adc_platform/hw/Design_Closed_Loop_3adc.xsa
TRACE::2024-08-09.14:55:22::SCWPlatform::DSA absoulate path D:/Projects_Embedded/Closed_Loop/Vitis_3adc/3LFCC_3adc_platform/hw/Design_Closed_Loop_3adc.xsa
TRACE::2024-08-09.14:55:22::SCWPlatform::DSA directory D:/Projects_Embedded/Closed_Loop/Vitis_3adc/3LFCC_3adc_platform/hw
TRACE::2024-08-09.14:55:22::SCWPlatform:: Platform Path D:/Projects_Embedded/Closed_Loop/Vitis_3adc/3LFCC_3adc_platform/hw/Design_Closed_Loop_3adc.xsa
TRACE::2024-08-09.14:55:22::SCWPlatform:: Unique name xilinx:zybo::0.0
TRACE::2024-08-09.14:55:22::SCWPlatform::Trying to set the existing hwdb with name Design_Closed_Loop_wrapper_0
TRACE::2024-08-09.14:55:22::SCWPlatform::Opened existing hwdb Design_Closed_Loop_wrapper_0
TRACE::2024-08-09.14:55:22::SCWPlatform::Found the Hw Db part of the input DSA
TRACE::2024-08-09.14:55:22::SCWMssOS::Checking the sw design at  D:/Projects_Embedded/Closed_Loop/Vitis_3adc/3LFCC_3adc_platform/zynq_fsbl/zynq_fsbl_bsp/system.mss
TRACE::2024-08-09.14:55:22::SCWMssOS::DEBUG:  swdes dump  
TRACE::2024-08-09.14:55:22::SCWMssOS::No sw design opened at  D:/Projects_Embedded/Closed_Loop/Vitis_3adc/3LFCC_3adc_platform/zynq_fsbl/zynq_fsbl_bsp/system.mss
TRACE::2024-08-09.14:55:22::SCWMssOS::mss does not exists at D:/Projects_Embedded/Closed_Loop/Vitis_3adc/3LFCC_3adc_platform/zynq_fsbl/zynq_fsbl_bsp/system.mss
TRACE::2024-08-09.14:55:22::SCWMssOS::Creating sw design at  D:/Projects_Embedded/Closed_Loop/Vitis_3adc/3LFCC_3adc_platform/zynq_fsbl/zynq_fsbl_bsp/system.mss
TRACE::2024-08-09.14:55:22::SCWMssOS::Adding the swdes entry, created swdb D:/Projects_Embedded/Closed_Loop/Vitis_3adc/3LFCC_3adc_platform/zynq_fsbl/zynq_fsbl_bsp/system.mss with des name D:/Projects_Embedded/Closed_Loop/Vitis_3adc/3LFCC_3adc_platform/zynq_fsbl/zynq_fsbl_bsp/system.mss
TRACE::2024-08-09.14:55:22::SCWMssOS::updating the scw layer changes to swdes at   D:/Projects_Embedded/Closed_Loop/Vitis_3adc/3LFCC_3adc_platform/zynq_fsbl/zynq_fsbl_bsp/system.mss
TRACE::2024-08-09.14:55:22::SCWMssOS::Writing mss at D:/Projects_Embedded/Closed_Loop/Vitis_3adc/3LFCC_3adc_platform/zynq_fsbl/zynq_fsbl_bsp/system.mss
TRACE::2024-08-09.14:55:22::SCWMssOS::Completed writing the mss file at D:/Projects_Embedded/Closed_Loop/Vitis_3adc/3LFCC_3adc_platform/zynq_fsbl/zynq_fsbl_bsp
TRACE::2024-08-09.14:55:22::SCWMssOS::Picking up changes from newly written mss file into SCW Layer. 
TRACE::2024-08-09.14:55:22::SCWMssOS::Updated the changes from newly written mss file into SCW Layer. 
TRACE::2024-08-09.14:55:22::SCWBDomain::Completed writing the mss file at D:/Projects_Embedded/Closed_Loop/Vitis_3adc/3LFCC_3adc_platform/zynq_fsbl/zynq_fsbl_bsp
TRACE::2024-08-09.14:55:39::SCWPlatform::Generating sources Done.
TRACE::2024-08-09.14:55:39::SCWPlatform::Trying to open the hw design at D:/Projects_Embedded/Closed_Loop/Vitis_3adc/3LFCC_3adc_platform/hw/Design_Closed_Loop_3adc.xsa
TRACE::2024-08-09.14:55:39::SCWPlatform::DSA given D:/Projects_Embedded/Closed_Loop/Vitis_3adc/3LFCC_3adc_platform/hw/Design_Closed_Loop_3adc.xsa
TRACE::2024-08-09.14:55:39::SCWPlatform::DSA absoulate path D:/Projects_Embedded/Closed_Loop/Vitis_3adc/3LFCC_3adc_platform/hw/Design_Closed_Loop_3adc.xsa
TRACE::2024-08-09.14:55:39::SCWPlatform::DSA directory D:/Projects_Embedded/Closed_Loop/Vitis_3adc/3LFCC_3adc_platform/hw
TRACE::2024-08-09.14:55:39::SCWPlatform:: Platform Path D:/Projects_Embedded/Closed_Loop/Vitis_3adc/3LFCC_3adc_platform/hw/Design_Closed_Loop_3adc.xsa
TRACE::2024-08-09.14:55:39::SCWPlatform:: Unique name xilinx:zybo::0.0
TRACE::2024-08-09.14:55:39::SCWPlatform::Trying to set the existing hwdb with name Design_Closed_Loop_wrapper_0
TRACE::2024-08-09.14:55:39::SCWPlatform::Opened existing hwdb Design_Closed_Loop_wrapper_0
TRACE::2024-08-09.14:55:39::SCWPlatform::Found the Hw Db part of the input DSA
TRACE::2024-08-09.14:55:39::SCWMssOS::Checking the sw design at  D:/Projects_Embedded/Closed_Loop/Vitis_3adc/3LFCC_3adc_platform/zynq_fsbl/zynq_fsbl_bsp/system.mss
TRACE::2024-08-09.14:55:39::SCWMssOS::DEBUG:  swdes dump  
TRACE::2024-08-09.14:55:39::SCWMssOS::No sw design opened at  D:/Projects_Embedded/Closed_Loop/Vitis_3adc/3LFCC_3adc_platform/zynq_fsbl/zynq_fsbl_bsp/system.mss
TRACE::2024-08-09.14:55:39::SCWMssOS::mss exists loading the mss file  D:/Projects_Embedded/Closed_Loop/Vitis_3adc/3LFCC_3adc_platform/zynq_fsbl/zynq_fsbl_bsp/system.mss
TRACE::2024-08-09.14:55:39::SCWMssOS::Opened the sw design from mss  D:/Projects_Embedded/Closed_Loop/Vitis_3adc/3LFCC_3adc_platform/zynq_fsbl/zynq_fsbl_bsp/system.mss
TRACE::2024-08-09.14:55:39::SCWMssOS::Adding the swdes entry D:/Projects_Embedded/Closed_Loop/Vitis_3adc/3LFCC_3adc_platform/zynq_fsbl/zynq_fsbl_bsp/system.mss with des name system
TRACE::2024-08-09.14:55:39::SCWMssOS::updating the scw layer about changes
TRACE::2024-08-09.14:55:39::SCWMssOS::Opened the sw design.  D:/Projects_Embedded/Closed_Loop/Vitis_3adc/3LFCC_3adc_platform/zynq_fsbl/zynq_fsbl_bsp/system.mss
TRACE::2024-08-09.14:55:39::SCWMssOS::Saving the mss changes D:/Projects_Embedded/Closed_Loop/Vitis_3adc/3LFCC_3adc_platform/zynq_fsbl/zynq_fsbl_bsp/system.mss
TRACE::2024-08-09.14:55:39::SCWMssOS::Found a swdesign opened with the mssfile.
TRACE::2024-08-09.14:55:39::SCWMssOS::Completed writemss as part of save.
TRACE::2024-08-09.14:55:39::SCWMssOS::Commit changes completed.
TRACE::2024-08-09.14:55:39::SCWPlatform::Trying to open the hw design at D:/Projects_Embedded/Closed_Loop/Vitis_3adc/3LFCC_3adc_platform/hw/Design_Closed_Loop_3adc.xsa
TRACE::2024-08-09.14:55:39::SCWPlatform::DSA given D:/Projects_Embedded/Closed_Loop/Vitis_3adc/3LFCC_3adc_platform/hw/Design_Closed_Loop_3adc.xsa
TRACE::2024-08-09.14:55:39::SCWPlatform::DSA absoulate path D:/Projects_Embedded/Closed_Loop/Vitis_3adc/3LFCC_3adc_platform/hw/Design_Closed_Loop_3adc.xsa
TRACE::2024-08-09.14:55:39::SCWPlatform::DSA directory D:/Projects_Embedded/Closed_Loop/Vitis_3adc/3LFCC_3adc_platform/hw
TRACE::2024-08-09.14:55:39::SCWPlatform:: Platform Path D:/Projects_Embedded/Closed_Loop/Vitis_3adc/3LFCC_3adc_platform/hw/Design_Closed_Loop_3adc.xsa
TRACE::2024-08-09.14:55:39::SCWPlatform:: Unique name xilinx:zybo::0.0
TRACE::2024-08-09.14:55:39::SCWPlatform::Trying to set the existing hwdb with name Design_Closed_Loop_wrapper_0
TRACE::2024-08-09.14:55:39::SCWPlatform::Opened existing hwdb Design_Closed_Loop_wrapper_0
TRACE::2024-08-09.14:55:39::SCWPlatform::Found the Hw Db part of the input DSA
TRACE::2024-08-09.14:55:39::SCWMssOS::Checking the sw design at  D:/Projects_Embedded/Closed_Loop/Vitis_3adc/3LFCC_3adc_platform/zynq_fsbl/zynq_fsbl_bsp/system.mss
TRACE::2024-08-09.14:55:39::SCWMssOS::DEBUG:  swdes dump  D:/Projects_Embedded/Closed_Loop/Vitis_3adc/3LFCC_3adc_platform/zynq_fsbl/zynq_fsbl_bsp/system.mss|system||

TRACE::2024-08-09.14:55:39::SCWMssOS::Sw design exists and opened at  D:/Projects_Embedded/Closed_Loop/Vitis_3adc/3LFCC_3adc_platform/zynq_fsbl/zynq_fsbl_bsp/system.mss
TRACE::2024-08-09.14:55:39::SCWPlatform::Trying to open the hw design at D:/Projects_Embedded/Closed_Loop/Vitis_3adc/3LFCC_3adc_platform/hw/Design_Closed_Loop_3adc.xsa
TRACE::2024-08-09.14:55:39::SCWPlatform::DSA given D:/Projects_Embedded/Closed_Loop/Vitis_3adc/3LFCC_3adc_platform/hw/Design_Closed_Loop_3adc.xsa
TRACE::2024-08-09.14:55:39::SCWPlatform::DSA absoulate path D:/Projects_Embedded/Closed_Loop/Vitis_3adc/3LFCC_3adc_platform/hw/Design_Closed_Loop_3adc.xsa
TRACE::2024-08-09.14:55:39::SCWPlatform::DSA directory D:/Projects_Embedded/Closed_Loop/Vitis_3adc/3LFCC_3adc_platform/hw
TRACE::2024-08-09.14:55:39::SCWPlatform:: Platform Path D:/Projects_Embedded/Closed_Loop/Vitis_3adc/3LFCC_3adc_platform/hw/Design_Closed_Loop_3adc.xsa
TRACE::2024-08-09.14:55:39::SCWPlatform:: Unique name xilinx:zybo::0.0
TRACE::2024-08-09.14:55:39::SCWPlatform::Trying to set the existing hwdb with name Design_Closed_Loop_wrapper_0
TRACE::2024-08-09.14:55:39::SCWPlatform::Opened existing hwdb Design_Closed_Loop_wrapper_0
TRACE::2024-08-09.14:55:39::SCWPlatform::Found the Hw Db part of the input DSA
TRACE::2024-08-09.14:55:39::SCWMssOS::Checking the sw design at  D:/Projects_Embedded/Closed_Loop/Vitis_3adc/3LFCC_3adc_platform/zynq_fsbl/zynq_fsbl_bsp/system.mss
TRACE::2024-08-09.14:55:39::SCWMssOS::DEBUG:  swdes dump  D:/Projects_Embedded/Closed_Loop/Vitis_3adc/3LFCC_3adc_platform/zynq_fsbl/zynq_fsbl_bsp/system.mss|system||

TRACE::2024-08-09.14:55:39::SCWMssOS::Sw design exists and opened at  D:/Projects_Embedded/Closed_Loop/Vitis_3adc/3LFCC_3adc_platform/zynq_fsbl/zynq_fsbl_bsp/system.mss
TRACE::2024-08-09.14:55:39::SCWPlatform::Trying to open the hw design at D:/Projects_Embedded/Closed_Loop/Vitis_3adc/3LFCC_3adc_platform/hw/Design_Closed_Loop_3adc.xsa
TRACE::2024-08-09.14:55:39::SCWPlatform::DSA given D:/Projects_Embedded/Closed_Loop/Vitis_3adc/3LFCC_3adc_platform/hw/Design_Closed_Loop_3adc.xsa
TRACE::2024-08-09.14:55:39::SCWPlatform::DSA absoulate path D:/Projects_Embedded/Closed_Loop/Vitis_3adc/3LFCC_3adc_platform/hw/Design_Closed_Loop_3adc.xsa
TRACE::2024-08-09.14:55:39::SCWPlatform::DSA directory D:/Projects_Embedded/Closed_Loop/Vitis_3adc/3LFCC_3adc_platform/hw
TRACE::2024-08-09.14:55:39::SCWPlatform:: Platform Path D:/Projects_Embedded/Closed_Loop/Vitis_3adc/3LFCC_3adc_platform/hw/Design_Closed_Loop_3adc.xsa
TRACE::2024-08-09.14:55:39::SCWPlatform:: Unique name xilinx:zybo::0.0
TRACE::2024-08-09.14:55:39::SCWPlatform::Trying to set the existing hwdb with name Design_Closed_Loop_wrapper_0
TRACE::2024-08-09.14:55:39::SCWPlatform::Opened existing hwdb Design_Closed_Loop_wrapper_0
TRACE::2024-08-09.14:55:39::SCWPlatform::Found the Hw Db part of the input DSA
TRACE::2024-08-09.14:55:39::SCWMssOS::Checking the sw design at  D:/Projects_Embedded/Closed_Loop/Vitis_3adc/3LFCC_3adc_platform/zynq_fsbl/zynq_fsbl_bsp/system.mss
TRACE::2024-08-09.14:55:39::SCWMssOS::DEBUG:  swdes dump  D:/Projects_Embedded/Closed_Loop/Vitis_3adc/3LFCC_3adc_platform/zynq_fsbl/zynq_fsbl_bsp/system.mss|system||

TRACE::2024-08-09.14:55:39::SCWMssOS::Sw design exists and opened at  D:/Projects_Embedded/Closed_Loop/Vitis_3adc/3LFCC_3adc_platform/zynq_fsbl/zynq_fsbl_bsp/system.mss
TRACE::2024-08-09.14:55:39::SCWWriter::formatted JSON is {
	"platformName":	"3LFCC_3adc_platform",
	"sprVersion":	"2.0",
	"mode":	"gui",
	"dsaType":	"Fixed",
	"platformDesc":	"3LFCC_3adc_platform",
	"platHandOff":	"D:/Projects_Embedded/Closed_Loop/Vivado/Design_Closed_Loop_3adc.xsa",
	"platIntHandOff":	"<platformDir>/hw/Design_Closed_Loop_3adc.xsa",
	"deviceType":	"zynq",
	"platIsPrebuiltAutogen":	"false",
	"platIsNoBootBsp":	"false",
	"platFsblTarget":	"ps7_cortexa9_0",
	"hasFsblMakeHasChanges":	"false",
	"hasPmufwMakeHasChanges":	"false",
	"fsblExtraCompilerFlags":	"-MMD -MP       -mcpu=cortex-a9 -mfpu=vfpv3 -mfloat-abi=hard ",
	"platPreBuiltFlag":	false,
	"platformSamplesDir":	"",
	"platActiveSys":	"3LFCC_3adc_platform",
	"systems":	[{
			"systemName":	"3LFCC_3adc_platform",
			"systemDesc":	"3LFCC_3adc_platform",
			"sysIsBootAutoGen":	"true",
			"systemDispName":	"3LFCC_3adc_platform",
			"sysActiveDom":	"zynq_fsbl",
			"sysDefaultDom":	"",
			"domains":	[{
					"domainName":	"zynq_fsbl",
					"domainDispName":	"zynq_fsbl",
					"domainDesc":	"FSBL Application BSP - Auto Generated.",
					"processors":	"ps7_cortexa9_0",
					"os":	"standalone",
					"sdxOs":	"standalone",
					"debugEnable":	"",
					"domRuntimes":	["cpp"],
					"swRepo":	"",
					"mssOsVer":	"9.0",
					"mssFile":	"",
					"md5Digest":	"ace6a4eb4a18a3154354155bb949edb7",
					"compatibleApp":	"zynq_fsbl",
					"domType":	"bootDomain",
					"arch":	"32-bit",
					"appSettings":	{
						"appCompilerFlags":	"",
						"appLinkerFlags":	""
					},
					"addedLibs":	["xilffs:5.1", "xilrsa:1.7"],
					"libOptions":	{
						"libsContainingOptions":	[]
					},
					"prebuiltLibs":	{
						"prebuiltIncPath":	[],
						"prebuiltLibPath":	[]
					},
					"isolation":	{
					}
				}]
		}]
}
TRACE::2024-08-09.14:55:39::SCWPlatform::Trying to open the hw design at D:/Projects_Embedded/Closed_Loop/Vitis_3adc/3LFCC_3adc_platform/hw/Design_Closed_Loop_3adc.xsa
TRACE::2024-08-09.14:55:39::SCWPlatform::DSA given D:/Projects_Embedded/Closed_Loop/Vitis_3adc/3LFCC_3adc_platform/hw/Design_Closed_Loop_3adc.xsa
TRACE::2024-08-09.14:55:39::SCWPlatform::DSA absoulate path D:/Projects_Embedded/Closed_Loop/Vitis_3adc/3LFCC_3adc_platform/hw/Design_Closed_Loop_3adc.xsa
TRACE::2024-08-09.14:55:39::SCWPlatform::DSA directory D:/Projects_Embedded/Closed_Loop/Vitis_3adc/3LFCC_3adc_platform/hw
TRACE::2024-08-09.14:55:39::SCWPlatform:: Platform Path D:/Projects_Embedded/Closed_Loop/Vitis_3adc/3LFCC_3adc_platform/hw/Design_Closed_Loop_3adc.xsa
TRACE::2024-08-09.14:55:39::SCWPlatform:: Unique name xilinx:zybo::0.0
TRACE::2024-08-09.14:55:39::SCWPlatform::Trying to set the existing hwdb with name Design_Closed_Loop_wrapper_0
TRACE::2024-08-09.14:55:39::SCWPlatform::Opened existing hwdb Design_Closed_Loop_wrapper_0
TRACE::2024-08-09.14:55:39::SCWPlatform::Found the Hw Db part of the input DSA
TRACE::2024-08-09.14:55:39::SCWPlatform::Trying to open the hw design at D:/Projects_Embedded/Closed_Loop/Vitis_3adc/3LFCC_3adc_platform/hw/Design_Closed_Loop_3adc.xsa
TRACE::2024-08-09.14:55:39::SCWPlatform::DSA given D:/Projects_Embedded/Closed_Loop/Vitis_3adc/3LFCC_3adc_platform/hw/Design_Closed_Loop_3adc.xsa
TRACE::2024-08-09.14:55:39::SCWPlatform::DSA absoulate path D:/Projects_Embedded/Closed_Loop/Vitis_3adc/3LFCC_3adc_platform/hw/Design_Closed_Loop_3adc.xsa
TRACE::2024-08-09.14:55:39::SCWPlatform::DSA directory D:/Projects_Embedded/Closed_Loop/Vitis_3adc/3LFCC_3adc_platform/hw
TRACE::2024-08-09.14:55:39::SCWPlatform:: Platform Path D:/Projects_Embedded/Closed_Loop/Vitis_3adc/3LFCC_3adc_platform/hw/Design_Closed_Loop_3adc.xsa
TRACE::2024-08-09.14:55:39::SCWPlatform:: Unique name xilinx:zybo::0.0
TRACE::2024-08-09.14:55:39::SCWPlatform::Trying to set the existing hwdb with name Design_Closed_Loop_wrapper_0
TRACE::2024-08-09.14:55:39::SCWPlatform::Opened existing hwdb Design_Closed_Loop_wrapper_0
TRACE::2024-08-09.14:55:39::SCWPlatform::Found the Hw Db part of the input DSA
TRACE::2024-08-09.14:55:39::SCWDomain::checking for install qemu data   : 
TRACE::2024-08-09.14:55:39::SCWDomain:: Using the QEMU Data from install at  : D:/Xilinx/Vitis/2023.2/data/emulation/platforms/zynq/sw/a9_standalone/qemu/
TRACE::2024-08-09.14:55:39::SCWDomain:: Using the QEMU args  from install at  : D:/Xilinx/Vitis/2023.2/data/emulation/platforms/zynq/sw/a9_standalone/qemu/qemu_args.txt
TRACE::2024-08-09.14:55:39::SCWPlatform::Trying to open the hw design at D:/Projects_Embedded/Closed_Loop/Vitis_3adc/3LFCC_3adc_platform/hw/Design_Closed_Loop_3adc.xsa
TRACE::2024-08-09.14:55:39::SCWPlatform::DSA given D:/Projects_Embedded/Closed_Loop/Vitis_3adc/3LFCC_3adc_platform/hw/Design_Closed_Loop_3adc.xsa
TRACE::2024-08-09.14:55:39::SCWPlatform::DSA absoulate path D:/Projects_Embedded/Closed_Loop/Vitis_3adc/3LFCC_3adc_platform/hw/Design_Closed_Loop_3adc.xsa
TRACE::2024-08-09.14:55:39::SCWPlatform::DSA directory D:/Projects_Embedded/Closed_Loop/Vitis_3adc/3LFCC_3adc_platform/hw
TRACE::2024-08-09.14:55:39::SCWPlatform:: Platform Path D:/Projects_Embedded/Closed_Loop/Vitis_3adc/3LFCC_3adc_platform/hw/Design_Closed_Loop_3adc.xsa
TRACE::2024-08-09.14:55:39::SCWPlatform:: Unique name xilinx:zybo::0.0
TRACE::2024-08-09.14:55:39::SCWPlatform::Trying to set the existing hwdb with name Design_Closed_Loop_wrapper_0
TRACE::2024-08-09.14:55:39::SCWPlatform::Opened existing hwdb Design_Closed_Loop_wrapper_0
TRACE::2024-08-09.14:55:39::SCWPlatform::Found the Hw Db part of the input DSA
TRACE::2024-08-09.14:55:39::SCWPlatform::Trying to open the hw design at D:/Projects_Embedded/Closed_Loop/Vitis_3adc/3LFCC_3adc_platform/hw/Design_Closed_Loop_3adc.xsa
TRACE::2024-08-09.14:55:39::SCWPlatform::DSA given D:/Projects_Embedded/Closed_Loop/Vitis_3adc/3LFCC_3adc_platform/hw/Design_Closed_Loop_3adc.xsa
TRACE::2024-08-09.14:55:39::SCWPlatform::DSA absoulate path D:/Projects_Embedded/Closed_Loop/Vitis_3adc/3LFCC_3adc_platform/hw/Design_Closed_Loop_3adc.xsa
TRACE::2024-08-09.14:55:39::SCWPlatform::DSA directory D:/Projects_Embedded/Closed_Loop/Vitis_3adc/3LFCC_3adc_platform/hw
TRACE::2024-08-09.14:55:39::SCWPlatform:: Platform Path D:/Projects_Embedded/Closed_Loop/Vitis_3adc/3LFCC_3adc_platform/hw/Design_Closed_Loop_3adc.xsa
TRACE::2024-08-09.14:55:39::SCWPlatform:: Unique name xilinx:zybo::0.0
TRACE::2024-08-09.14:55:39::SCWPlatform::Trying to set the existing hwdb with name Design_Closed_Loop_wrapper_0
TRACE::2024-08-09.14:55:39::SCWPlatform::Opened existing hwdb Design_Closed_Loop_wrapper_0
TRACE::2024-08-09.14:55:39::SCWPlatform::Found the Hw Db part of the input DSA
TRACE::2024-08-09.14:55:39::SCWDomain::Qemu Directory name is changed from "" to "qemu"
TRACE::2024-08-09.14:55:39::SCWPlatform::Trying to open the hw design at D:/Projects_Embedded/Closed_Loop/Vitis_3adc/3LFCC_3adc_platform/hw/Design_Closed_Loop_3adc.xsa
TRACE::2024-08-09.14:55:39::SCWPlatform::DSA given D:/Projects_Embedded/Closed_Loop/Vitis_3adc/3LFCC_3adc_platform/hw/Design_Closed_Loop_3adc.xsa
TRACE::2024-08-09.14:55:39::SCWPlatform::DSA absoulate path D:/Projects_Embedded/Closed_Loop/Vitis_3adc/3LFCC_3adc_platform/hw/Design_Closed_Loop_3adc.xsa
TRACE::2024-08-09.14:55:39::SCWPlatform::DSA directory D:/Projects_Embedded/Closed_Loop/Vitis_3adc/3LFCC_3adc_platform/hw
TRACE::2024-08-09.14:55:39::SCWPlatform:: Platform Path D:/Projects_Embedded/Closed_Loop/Vitis_3adc/3LFCC_3adc_platform/hw/Design_Closed_Loop_3adc.xsa
TRACE::2024-08-09.14:55:39::SCWPlatform:: Unique name xilinx:zybo::0.0
TRACE::2024-08-09.14:55:39::SCWPlatform::Trying to set the existing hwdb with name Design_Closed_Loop_wrapper_0
TRACE::2024-08-09.14:55:39::SCWPlatform::Opened existing hwdb Design_Closed_Loop_wrapper_0
TRACE::2024-08-09.14:55:39::SCWPlatform::Found the Hw Db part of the input DSA
TRACE::2024-08-09.14:55:39::SCWMssOS::Checking the sw design at  D:/Projects_Embedded/Closed_Loop/Vitis_3adc/3LFCC_3adc_platform/ps7_cortexa9_0/standalone_domain/bsp/system.mss
TRACE::2024-08-09.14:55:39::SCWMssOS::DEBUG:  swdes dump  D:/Projects_Embedded/Closed_Loop/Vitis_3adc/3LFCC_3adc_platform/zynq_fsbl/zynq_fsbl_bsp/system.mss|system||

TRACE::2024-08-09.14:55:39::SCWMssOS::No sw design opened at  D:/Projects_Embedded/Closed_Loop/Vitis_3adc/3LFCC_3adc_platform/ps7_cortexa9_0/standalone_domain/bsp/system.mss
TRACE::2024-08-09.14:55:39::SCWMssOS::mss does not exists at D:/Projects_Embedded/Closed_Loop/Vitis_3adc/3LFCC_3adc_platform/ps7_cortexa9_0/standalone_domain/bsp/system.mss
TRACE::2024-08-09.14:55:39::SCWMssOS::Creating sw design at  D:/Projects_Embedded/Closed_Loop/Vitis_3adc/3LFCC_3adc_platform/ps7_cortexa9_0/standalone_domain/bsp/system.mss
TRACE::2024-08-09.14:55:39::SCWMssOS::Adding the swdes entry, created swdb D:/Projects_Embedded/Closed_Loop/Vitis_3adc/3LFCC_3adc_platform/ps7_cortexa9_0/standalone_domain/bsp/system.mss with des name D:/Projects_Embedded/Closed_Loop/Vitis_3adc/3LFCC_3adc_platform/ps7_cortexa9_0/standalone_domain/bsp/system.mss
TRACE::2024-08-09.14:55:39::SCWMssOS::updating the scw layer changes to swdes at   D:/Projects_Embedded/Closed_Loop/Vitis_3adc/3LFCC_3adc_platform/ps7_cortexa9_0/standalone_domain/bsp/system.mss
TRACE::2024-08-09.14:55:39::SCWMssOS::Writing mss at D:/Projects_Embedded/Closed_Loop/Vitis_3adc/3LFCC_3adc_platform/ps7_cortexa9_0/standalone_domain/bsp/system.mss
TRACE::2024-08-09.14:55:39::SCWMssOS::Completed writing the mss file at D:/Projects_Embedded/Closed_Loop/Vitis_3adc/3LFCC_3adc_platform/ps7_cortexa9_0/standalone_domain/bsp
TRACE::2024-08-09.14:55:39::SCWMssOS::Picking up changes from newly written mss file into SCW Layer. 
TRACE::2024-08-09.14:55:39::SCWMssOS::Updated the changes from newly written mss file into SCW Layer. 
TRACE::2024-08-09.14:55:39::SCWMssOS::Completed writing the mss file at D:/Projects_Embedded/Closed_Loop/Vitis_3adc/3LFCC_3adc_platform/ps7_cortexa9_0/standalone_domain/bsp
TRACE::2024-08-09.14:55:39::SCWMssOS::Forcing BSP Sources regeneration.
TRACE::2024-08-09.14:55:41::SCWMssOS::Saving the mss changes D:/Projects_Embedded/Closed_Loop/Vitis_3adc/3LFCC_3adc_platform/zynq_fsbl/zynq_fsbl_bsp/system.mss
TRACE::2024-08-09.14:55:41::SCWMssOS::Found a swdesign opened with the mssfile.
TRACE::2024-08-09.14:55:41::SCWMssOS::Completed writemss as part of save.
TRACE::2024-08-09.14:55:41::SCWMssOS::Commit changes completed.
TRACE::2024-08-09.14:55:41::SCWMssOS::Saving the mss changes D:/Projects_Embedded/Closed_Loop/Vitis_3adc/3LFCC_3adc_platform/ps7_cortexa9_0/standalone_domain/bsp/system.mss
TRACE::2024-08-09.14:55:41::SCWMssOS::Adding the swdes entry, mss present, able to open swdb D:/Projects_Embedded/Closed_Loop/Vitis_3adc/3LFCC_3adc_platform/ps7_cortexa9_0/standalone_domain/bsp/system.mss with des name system_0
TRACE::2024-08-09.14:55:41::SCWMssOS::Writing the mss file completed D:/Projects_Embedded/Closed_Loop/Vitis_3adc/3LFCC_3adc_platform/ps7_cortexa9_0/standalone_domain/bsp/system.mss
TRACE::2024-08-09.14:55:41::SCWMssOS::Commit changes completed.
TRACE::2024-08-09.14:55:41::SCWPlatform::Trying to open the hw design at D:/Projects_Embedded/Closed_Loop/Vitis_3adc/3LFCC_3adc_platform/hw/Design_Closed_Loop_3adc.xsa
TRACE::2024-08-09.14:55:41::SCWPlatform::DSA given D:/Projects_Embedded/Closed_Loop/Vitis_3adc/3LFCC_3adc_platform/hw/Design_Closed_Loop_3adc.xsa
TRACE::2024-08-09.14:55:41::SCWPlatform::DSA absoulate path D:/Projects_Embedded/Closed_Loop/Vitis_3adc/3LFCC_3adc_platform/hw/Design_Closed_Loop_3adc.xsa
TRACE::2024-08-09.14:55:41::SCWPlatform::DSA directory D:/Projects_Embedded/Closed_Loop/Vitis_3adc/3LFCC_3adc_platform/hw
TRACE::2024-08-09.14:55:41::SCWPlatform:: Platform Path D:/Projects_Embedded/Closed_Loop/Vitis_3adc/3LFCC_3adc_platform/hw/Design_Closed_Loop_3adc.xsa
TRACE::2024-08-09.14:55:41::SCWPlatform:: Unique name xilinx:zybo::0.0
TRACE::2024-08-09.14:55:41::SCWPlatform::Trying to set the existing hwdb with name Design_Closed_Loop_wrapper_0
TRACE::2024-08-09.14:55:41::SCWPlatform::Opened existing hwdb Design_Closed_Loop_wrapper_0
TRACE::2024-08-09.14:55:41::SCWPlatform::Found the Hw Db part of the input DSA
TRACE::2024-08-09.14:55:41::SCWMssOS::Checking the sw design at  D:/Projects_Embedded/Closed_Loop/Vitis_3adc/3LFCC_3adc_platform/zynq_fsbl/zynq_fsbl_bsp/system.mss
TRACE::2024-08-09.14:55:41::SCWMssOS::DEBUG:  swdes dump  D:/Projects_Embedded/Closed_Loop/Vitis_3adc/3LFCC_3adc_platform/ps7_cortexa9_0/standalone_domain/bsp/system.mss|system_0||
D:/Projects_Embedded/Closed_Loop/Vitis_3adc/3LFCC_3adc_platform/zynq_fsbl/zynq_fsbl_bsp/system.mss|system||

TRACE::2024-08-09.14:55:41::SCWMssOS::Sw design exists and opened at  D:/Projects_Embedded/Closed_Loop/Vitis_3adc/3LFCC_3adc_platform/zynq_fsbl/zynq_fsbl_bsp/system.mss
TRACE::2024-08-09.14:55:41::SCWPlatform::Trying to open the hw design at D:/Projects_Embedded/Closed_Loop/Vitis_3adc/3LFCC_3adc_platform/hw/Design_Closed_Loop_3adc.xsa
TRACE::2024-08-09.14:55:41::SCWPlatform::DSA given D:/Projects_Embedded/Closed_Loop/Vitis_3adc/3LFCC_3adc_platform/hw/Design_Closed_Loop_3adc.xsa
TRACE::2024-08-09.14:55:41::SCWPlatform::DSA absoulate path D:/Projects_Embedded/Closed_Loop/Vitis_3adc/3LFCC_3adc_platform/hw/Design_Closed_Loop_3adc.xsa
TRACE::2024-08-09.14:55:41::SCWPlatform::DSA directory D:/Projects_Embedded/Closed_Loop/Vitis_3adc/3LFCC_3adc_platform/hw
TRACE::2024-08-09.14:55:41::SCWPlatform:: Platform Path D:/Projects_Embedded/Closed_Loop/Vitis_3adc/3LFCC_3adc_platform/hw/Design_Closed_Loop_3adc.xsa
TRACE::2024-08-09.14:55:41::SCWPlatform:: Unique name xilinx:zybo::0.0
TRACE::2024-08-09.14:55:41::SCWPlatform::Trying to set the existing hwdb with name Design_Closed_Loop_wrapper_0
TRACE::2024-08-09.14:55:41::SCWPlatform::Opened existing hwdb Design_Closed_Loop_wrapper_0
TRACE::2024-08-09.14:55:41::SCWPlatform::Found the Hw Db part of the input DSA
TRACE::2024-08-09.14:55:41::SCWMssOS::Checking the sw design at  D:/Projects_Embedded/Closed_Loop/Vitis_3adc/3LFCC_3adc_platform/zynq_fsbl/zynq_fsbl_bsp/system.mss
TRACE::2024-08-09.14:55:41::SCWMssOS::DEBUG:  swdes dump  D:/Projects_Embedded/Closed_Loop/Vitis_3adc/3LFCC_3adc_platform/ps7_cortexa9_0/standalone_domain/bsp/system.mss|system_0||
D:/Projects_Embedded/Closed_Loop/Vitis_3adc/3LFCC_3adc_platform/zynq_fsbl/zynq_fsbl_bsp/system.mss|system||

TRACE::2024-08-09.14:55:41::SCWMssOS::Sw design exists and opened at  D:/Projects_Embedded/Closed_Loop/Vitis_3adc/3LFCC_3adc_platform/zynq_fsbl/zynq_fsbl_bsp/system.mss
TRACE::2024-08-09.14:55:41::SCWPlatform::Trying to open the hw design at D:/Projects_Embedded/Closed_Loop/Vitis_3adc/3LFCC_3adc_platform/hw/Design_Closed_Loop_3adc.xsa
TRACE::2024-08-09.14:55:41::SCWPlatform::DSA given D:/Projects_Embedded/Closed_Loop/Vitis_3adc/3LFCC_3adc_platform/hw/Design_Closed_Loop_3adc.xsa
TRACE::2024-08-09.14:55:41::SCWPlatform::DSA absoulate path D:/Projects_Embedded/Closed_Loop/Vitis_3adc/3LFCC_3adc_platform/hw/Design_Closed_Loop_3adc.xsa
TRACE::2024-08-09.14:55:41::SCWPlatform::DSA directory D:/Projects_Embedded/Closed_Loop/Vitis_3adc/3LFCC_3adc_platform/hw
TRACE::2024-08-09.14:55:41::SCWPlatform:: Platform Path D:/Projects_Embedded/Closed_Loop/Vitis_3adc/3LFCC_3adc_platform/hw/Design_Closed_Loop_3adc.xsa
TRACE::2024-08-09.14:55:41::SCWPlatform:: Unique name xilinx:zybo::0.0
TRACE::2024-08-09.14:55:41::SCWPlatform::Trying to set the existing hwdb with name Design_Closed_Loop_wrapper_0
TRACE::2024-08-09.14:55:41::SCWPlatform::Opened existing hwdb Design_Closed_Loop_wrapper_0
TRACE::2024-08-09.14:55:41::SCWPlatform::Found the Hw Db part of the input DSA
TRACE::2024-08-09.14:55:41::SCWMssOS::Checking the sw design at  D:/Projects_Embedded/Closed_Loop/Vitis_3adc/3LFCC_3adc_platform/zynq_fsbl/zynq_fsbl_bsp/system.mss
TRACE::2024-08-09.14:55:41::SCWMssOS::DEBUG:  swdes dump  D:/Projects_Embedded/Closed_Loop/Vitis_3adc/3LFCC_3adc_platform/ps7_cortexa9_0/standalone_domain/bsp/system.mss|system_0||
D:/Projects_Embedded/Closed_Loop/Vitis_3adc/3LFCC_3adc_platform/zynq_fsbl/zynq_fsbl_bsp/system.mss|system||

TRACE::2024-08-09.14:55:41::SCWMssOS::Sw design exists and opened at  D:/Projects_Embedded/Closed_Loop/Vitis_3adc/3LFCC_3adc_platform/zynq_fsbl/zynq_fsbl_bsp/system.mss
TRACE::2024-08-09.14:55:41::SCWPlatform::Trying to open the hw design at D:/Projects_Embedded/Closed_Loop/Vitis_3adc/3LFCC_3adc_platform/hw/Design_Closed_Loop_3adc.xsa
TRACE::2024-08-09.14:55:41::SCWPlatform::DSA given D:/Projects_Embedded/Closed_Loop/Vitis_3adc/3LFCC_3adc_platform/hw/Design_Closed_Loop_3adc.xsa
TRACE::2024-08-09.14:55:41::SCWPlatform::DSA absoulate path D:/Projects_Embedded/Closed_Loop/Vitis_3adc/3LFCC_3adc_platform/hw/Design_Closed_Loop_3adc.xsa
TRACE::2024-08-09.14:55:41::SCWPlatform::DSA directory D:/Projects_Embedded/Closed_Loop/Vitis_3adc/3LFCC_3adc_platform/hw
TRACE::2024-08-09.14:55:41::SCWPlatform:: Platform Path D:/Projects_Embedded/Closed_Loop/Vitis_3adc/3LFCC_3adc_platform/hw/Design_Closed_Loop_3adc.xsa
TRACE::2024-08-09.14:55:41::SCWPlatform:: Unique name xilinx:zybo::0.0
TRACE::2024-08-09.14:55:41::SCWPlatform::Trying to set the existing hwdb with name Design_Closed_Loop_wrapper_0
TRACE::2024-08-09.14:55:41::SCWPlatform::Opened existing hwdb Design_Closed_Loop_wrapper_0
TRACE::2024-08-09.14:55:41::SCWPlatform::Found the Hw Db part of the input DSA
TRACE::2024-08-09.14:55:41::SCWMssOS::Checking the sw design at  D:/Projects_Embedded/Closed_Loop/Vitis_3adc/3LFCC_3adc_platform/ps7_cortexa9_0/standalone_domain/bsp/system.mss
TRACE::2024-08-09.14:55:41::SCWMssOS::DEBUG:  swdes dump  D:/Projects_Embedded/Closed_Loop/Vitis_3adc/3LFCC_3adc_platform/ps7_cortexa9_0/standalone_domain/bsp/system.mss|system_0||
D:/Projects_Embedded/Closed_Loop/Vitis_3adc/3LFCC_3adc_platform/zynq_fsbl/zynq_fsbl_bsp/system.mss|system||

TRACE::2024-08-09.14:55:41::SCWMssOS::Sw design exists and opened at  D:/Projects_Embedded/Closed_Loop/Vitis_3adc/3LFCC_3adc_platform/ps7_cortexa9_0/standalone_domain/bsp/system.mss
TRACE::2024-08-09.14:55:41::SCWPlatform::Trying to open the hw design at D:/Projects_Embedded/Closed_Loop/Vitis_3adc/3LFCC_3adc_platform/hw/Design_Closed_Loop_3adc.xsa
TRACE::2024-08-09.14:55:41::SCWPlatform::DSA given D:/Projects_Embedded/Closed_Loop/Vitis_3adc/3LFCC_3adc_platform/hw/Design_Closed_Loop_3adc.xsa
TRACE::2024-08-09.14:55:41::SCWPlatform::DSA absoulate path D:/Projects_Embedded/Closed_Loop/Vitis_3adc/3LFCC_3adc_platform/hw/Design_Closed_Loop_3adc.xsa
TRACE::2024-08-09.14:55:41::SCWPlatform::DSA directory D:/Projects_Embedded/Closed_Loop/Vitis_3adc/3LFCC_3adc_platform/hw
TRACE::2024-08-09.14:55:41::SCWPlatform:: Platform Path D:/Projects_Embedded/Closed_Loop/Vitis_3adc/3LFCC_3adc_platform/hw/Design_Closed_Loop_3adc.xsa
TRACE::2024-08-09.14:55:41::SCWPlatform:: Unique name xilinx:zybo::0.0
TRACE::2024-08-09.14:55:41::SCWPlatform::Trying to set the existing hwdb with name Design_Closed_Loop_wrapper_0
TRACE::2024-08-09.14:55:41::SCWPlatform::Opened existing hwdb Design_Closed_Loop_wrapper_0
TRACE::2024-08-09.14:55:41::SCWPlatform::Found the Hw Db part of the input DSA
TRACE::2024-08-09.14:55:41::SCWMssOS::Checking the sw design at  D:/Projects_Embedded/Closed_Loop/Vitis_3adc/3LFCC_3adc_platform/ps7_cortexa9_0/standalone_domain/bsp/system.mss
TRACE::2024-08-09.14:55:41::SCWMssOS::DEBUG:  swdes dump  D:/Projects_Embedded/Closed_Loop/Vitis_3adc/3LFCC_3adc_platform/ps7_cortexa9_0/standalone_domain/bsp/system.mss|system_0||
D:/Projects_Embedded/Closed_Loop/Vitis_3adc/3LFCC_3adc_platform/zynq_fsbl/zynq_fsbl_bsp/system.mss|system||

TRACE::2024-08-09.14:55:41::SCWMssOS::Sw design exists and opened at  D:/Projects_Embedded/Closed_Loop/Vitis_3adc/3LFCC_3adc_platform/ps7_cortexa9_0/standalone_domain/bsp/system.mss
TRACE::2024-08-09.14:55:41::SCWPlatform::Trying to open the hw design at D:/Projects_Embedded/Closed_Loop/Vitis_3adc/3LFCC_3adc_platform/hw/Design_Closed_Loop_3adc.xsa
TRACE::2024-08-09.14:55:41::SCWPlatform::DSA given D:/Projects_Embedded/Closed_Loop/Vitis_3adc/3LFCC_3adc_platform/hw/Design_Closed_Loop_3adc.xsa
TRACE::2024-08-09.14:55:41::SCWPlatform::DSA absoulate path D:/Projects_Embedded/Closed_Loop/Vitis_3adc/3LFCC_3adc_platform/hw/Design_Closed_Loop_3adc.xsa
TRACE::2024-08-09.14:55:41::SCWPlatform::DSA directory D:/Projects_Embedded/Closed_Loop/Vitis_3adc/3LFCC_3adc_platform/hw
TRACE::2024-08-09.14:55:41::SCWPlatform:: Platform Path D:/Projects_Embedded/Closed_Loop/Vitis_3adc/3LFCC_3adc_platform/hw/Design_Closed_Loop_3adc.xsa
TRACE::2024-08-09.14:55:41::SCWPlatform:: Unique name xilinx:zybo::0.0
TRACE::2024-08-09.14:55:41::SCWPlatform::Trying to set the existing hwdb with name Design_Closed_Loop_wrapper_0
TRACE::2024-08-09.14:55:41::SCWPlatform::Opened existing hwdb Design_Closed_Loop_wrapper_0
TRACE::2024-08-09.14:55:41::SCWPlatform::Found the Hw Db part of the input DSA
TRACE::2024-08-09.14:55:41::SCWMssOS::Checking the sw design at  D:/Projects_Embedded/Closed_Loop/Vitis_3adc/3LFCC_3adc_platform/ps7_cortexa9_0/standalone_domain/bsp/system.mss
TRACE::2024-08-09.14:55:41::SCWMssOS::DEBUG:  swdes dump  D:/Projects_Embedded/Closed_Loop/Vitis_3adc/3LFCC_3adc_platform/ps7_cortexa9_0/standalone_domain/bsp/system.mss|system_0||
D:/Projects_Embedded/Closed_Loop/Vitis_3adc/3LFCC_3adc_platform/zynq_fsbl/zynq_fsbl_bsp/system.mss|system||

TRACE::2024-08-09.14:55:41::SCWMssOS::Sw design exists and opened at  D:/Projects_Embedded/Closed_Loop/Vitis_3adc/3LFCC_3adc_platform/ps7_cortexa9_0/standalone_domain/bsp/system.mss
TRACE::2024-08-09.14:55:41::SCWWriter::formatted JSON is {
	"platformName":	"3LFCC_3adc_platform",
	"sprVersion":	"2.0",
	"mode":	"gui",
	"dsaType":	"Fixed",
	"platformDesc":	"3LFCC_3adc_platform",
	"platHandOff":	"D:/Projects_Embedded/Closed_Loop/Vivado/Design_Closed_Loop_3adc.xsa",
	"platIntHandOff":	"<platformDir>/hw/Design_Closed_Loop_3adc.xsa",
	"deviceType":	"zynq",
	"platIsPrebuiltAutogen":	"false",
	"platIsNoBootBsp":	"false",
	"platFsblTarget":	"ps7_cortexa9_0",
	"hasFsblMakeHasChanges":	"false",
	"hasPmufwMakeHasChanges":	"false",
	"fsblExtraCompilerFlags":	"-MMD -MP       -mcpu=cortex-a9 -mfpu=vfpv3 -mfloat-abi=hard ",
	"platPreBuiltFlag":	false,
	"platformSamplesDir":	"",
	"platActiveSys":	"3LFCC_3adc_platform",
	"systems":	[{
			"systemName":	"3LFCC_3adc_platform",
			"systemDesc":	"3LFCC_3adc_platform",
			"sysIsBootAutoGen":	"true",
			"systemDispName":	"3LFCC_3adc_platform",
			"sysActiveDom":	"standalone_domain",
			"sysDefaultDom":	"standalone_domain",
			"domains":	[{
					"domainName":	"zynq_fsbl",
					"domainDispName":	"zynq_fsbl",
					"domainDesc":	"FSBL Application BSP - Auto Generated.",
					"processors":	"ps7_cortexa9_0",
					"os":	"standalone",
					"sdxOs":	"standalone",
					"debugEnable":	"",
					"domRuntimes":	["cpp"],
					"swRepo":	"",
					"mssOsVer":	"9.0",
					"mssFile":	"",
					"md5Digest":	"ace6a4eb4a18a3154354155bb949edb7",
					"compatibleApp":	"zynq_fsbl",
					"domType":	"bootDomain",
					"arch":	"32-bit",
					"appSettings":	{
						"appCompilerFlags":	"",
						"appLinkerFlags":	""
					},
					"addedLibs":	["xilffs:5.1", "xilrsa:1.7"],
					"libOptions":	{
						"libsContainingOptions":	[]
					},
					"prebuiltLibs":	{
						"prebuiltIncPath":	[],
						"prebuiltLibPath":	[]
					},
					"isolation":	{
					}
				}, {
					"domainName":	"standalone_domain",
					"domainDispName":	"standalone_domain",
					"domainDesc":	"standalone_domain",
					"processors":	"ps7_cortexa9_0",
					"os":	"standalone",
					"sdxOs":	"standalone",
					"qemuArgs":	"<platformDir>/resources/3LFCC_3adc_platform/standalone_domain/qemu_args.txt",
					"qemuData":	"<platformDir>/resources/3LFCC_3adc_platform/standalone_domain/qemu",
					"debugEnable":	"False",
					"domRuntimes":	["cpp"],
					"swRepo":	"",
					"mssOsVer":	"9.0",
					"mssFile":	"",
					"md5Digest":	"e42d5fb8e1321f34bbe9f9b7aa0fb81a",
					"compatibleApp":	"",
					"domType":	"mssDomain",
					"appSettings":	{
						"appCompilerFlags":	"",
						"appLinkerFlags":	""
					},
					"addedLibs":	[],
					"libOptions":	{
						"libsContainingOptions":	[]
					},
					"prebuiltLibs":	{
						"prebuiltIncPath":	[],
						"prebuiltLibPath":	[]
					},
					"isolation":	{
					}
				}]
		}]
}
LOG::2024-08-09.14:55:41::SCWPlatform::Started generating the artifacts platform 3LFCC_3adc_platform
TRACE::2024-08-09.14:55:41::SCWPlatform::Sanity checking of platform is completed
LOG::2024-08-09.14:55:41::SCWPlatform::Started generating the artifacts for system configuration 3LFCC_3adc_platform
LOG::2024-08-09.14:55:41::SCWSystem::Checking the domain zynq_fsbl
LOG::2024-08-09.14:55:41::SCWSystem::Doing application build for :  zynq_fsbl
TRACE::2024-08-09.14:55:41::SCWBDomain::Not a forced makefile updation, No changes are present. 
TRACE::2024-08-09.14:55:41::SCWDomain::Skipping the build for domain :  zynq_fsbl
LOG::2024-08-09.14:55:41::SCWSystem::Checking the domain standalone_domain
LOG::2024-08-09.14:55:41::SCWSystem::Not a boot domain 
LOG::2024-08-09.14:55:41::SCWSystem::Started Processing the domain standalone_domain
TRACE::2024-08-09.14:55:41::SCWDomain::Generating domain artifcats
TRACE::2024-08-09.14:55:41::SCWMssOS::Generating standalone artifcats
TRACE::2024-08-09.14:55:41::SCWMssOS::Copying the qemu file from  D:/Projects_Embedded/Closed_Loop/Vitis_3adc/3LFCC_3adc_platform/resources/3LFCC_3adc_platform/standalone_domain/qemu_args.txt To D:/Projects_Embedded/Closed_Loop/Vitis_3adc/3LFCC_3adc_platform/export/3LFCC_3adc_platform/sw/3LFCC_3adc_platform/qemu/
TRACE::2024-08-09.14:55:41::SCWMssOS::Copying the qemu file from  D:/Projects_Embedded/Closed_Loop/Vitis_3adc/3LFCC_3adc_platform/resources/3LFCC_3adc_platform/standalone_domain/qemu_args.txt To D:/Projects_Embedded/Closed_Loop/Vitis_3adc/3LFCC_3adc_platform/export/3LFCC_3adc_platform/sw/3LFCC_3adc_platform/standalone_domain/qemu/
TRACE::2024-08-09.14:55:41::SCWMssOS:: Copying the user libraries. 
TRACE::2024-08-09.14:55:41::SCWPlatform::Trying to open the hw design at D:/Projects_Embedded/Closed_Loop/Vitis_3adc/3LFCC_3adc_platform/hw/Design_Closed_Loop_3adc.xsa
TRACE::2024-08-09.14:55:41::SCWPlatform::DSA given D:/Projects_Embedded/Closed_Loop/Vitis_3adc/3LFCC_3adc_platform/hw/Design_Closed_Loop_3adc.xsa
TRACE::2024-08-09.14:55:41::SCWPlatform::DSA absoulate path D:/Projects_Embedded/Closed_Loop/Vitis_3adc/3LFCC_3adc_platform/hw/Design_Closed_Loop_3adc.xsa
TRACE::2024-08-09.14:55:41::SCWPlatform::DSA directory D:/Projects_Embedded/Closed_Loop/Vitis_3adc/3LFCC_3adc_platform/hw
TRACE::2024-08-09.14:55:41::SCWPlatform:: Platform Path D:/Projects_Embedded/Closed_Loop/Vitis_3adc/3LFCC_3adc_platform/hw/Design_Closed_Loop_3adc.xsa
TRACE::2024-08-09.14:55:41::SCWPlatform:: Unique name xilinx:zybo::0.0
TRACE::2024-08-09.14:55:41::SCWPlatform::Trying to set the existing hwdb with name Design_Closed_Loop_wrapper_0
TRACE::2024-08-09.14:55:41::SCWPlatform::Opened existing hwdb Design_Closed_Loop_wrapper_0
TRACE::2024-08-09.14:55:41::SCWPlatform::Found the Hw Db part of the input DSA
TRACE::2024-08-09.14:55:41::SCWMssOS::Checking the sw design at  D:/Projects_Embedded/Closed_Loop/Vitis_3adc/3LFCC_3adc_platform/ps7_cortexa9_0/standalone_domain/bsp/system.mss
TRACE::2024-08-09.14:55:41::SCWMssOS::DEBUG:  swdes dump  D:/Projects_Embedded/Closed_Loop/Vitis_3adc/3LFCC_3adc_platform/ps7_cortexa9_0/standalone_domain/bsp/system.mss|system_0||
D:/Projects_Embedded/Closed_Loop/Vitis_3adc/3LFCC_3adc_platform/zynq_fsbl/zynq_fsbl_bsp/system.mss|system||

TRACE::2024-08-09.14:55:41::SCWMssOS::Sw design exists and opened at  D:/Projects_Embedded/Closed_Loop/Vitis_3adc/3LFCC_3adc_platform/ps7_cortexa9_0/standalone_domain/bsp/system.mss
TRACE::2024-08-09.14:55:41::SCWMssOS::Completed writing the mss file at D:/Projects_Embedded/Closed_Loop/Vitis_3adc/3LFCC_3adc_platform/ps7_cortexa9_0/standalone_domain/bsp
TRACE::2024-08-09.14:55:41::SCWMssOS::Mss edits present, copying mssfile into export location D:/Projects_Embedded/Closed_Loop/Vitis_3adc/3LFCC_3adc_platform/ps7_cortexa9_0/standalone_domain/bsp/system.mss
TRACE::2024-08-09.14:55:41::SCWMssOS::bsp generated is upto date with the mss file. Skipping bsp generation.
TRACE::2024-08-09.14:55:41::SCWMssOS::BSP is already built. skipping the bsp build ... 
TRACE::2024-08-09.14:55:41::SCWDomain::Skipping the build for domain :  standalone_domain
TRACE::2024-08-09.14:55:41::SCWMssOS::skipping the bsp build ... 
TRACE::2024-08-09.14:55:41::SCWMssOS::Copying to export directory.
TRACE::2024-08-09.14:55:41::SCWMssOS:: Checking if to create the Supporting Applications
TRACE::2024-08-09.14:55:41::SCWMssOS:: No Linux domain exists, trying to generate FSBL 
TRACE::2024-08-09.14:55:41::SCWMssOS:: Completed Standalone Artifacts creation 
LOG::2024-08-09.14:55:41::SCWSystem::Completed Processing the domain standalone_domain
LOG::2024-08-09.14:55:41::SCWSystem::Completed Processing the sysconfig 3LFCC_3adc_platform
LOG::2024-08-09.14:55:41::SCWPlatform::Completed generating the artifacts for system configuration 3LFCC_3adc_platform
TRACE::2024-08-09.14:55:41::SCWPlatform::Started preparing the platform 
TRACE::2024-08-09.14:55:42::SCWSystem::Writing the bif file for system config 3LFCC_3adc_platform
TRACE::2024-08-09.14:55:42::SCWSystem::dir created 
TRACE::2024-08-09.14:55:42::SCWSystem::Writing the bif 
TRACE::2024-08-09.14:55:42::SCWPlatform::Started writing the spfm file 
TRACE::2024-08-09.14:55:42::SCWPlatform::Started writing the xpfm file 
TRACE::2024-08-09.14:55:42::SCWPlatform::Completed generating the platform
TRACE::2024-08-09.14:55:42::SCWMssOS::Saving the mss changes D:/Projects_Embedded/Closed_Loop/Vitis_3adc/3LFCC_3adc_platform/zynq_fsbl/zynq_fsbl_bsp/system.mss
TRACE::2024-08-09.14:55:42::SCWMssOS::Found a swdesign opened with the mssfile.
TRACE::2024-08-09.14:55:42::SCWMssOS::Completed writemss as part of save.
TRACE::2024-08-09.14:55:42::SCWMssOS::Commit changes completed.
TRACE::2024-08-09.14:55:42::SCWMssOS::Saving the mss changes D:/Projects_Embedded/Closed_Loop/Vitis_3adc/3LFCC_3adc_platform/ps7_cortexa9_0/standalone_domain/bsp/system.mss
TRACE::2024-08-09.14:55:42::SCWMssOS::Found a swdesign opened with the mssfile.
TRACE::2024-08-09.14:55:42::SCWMssOS::Completed writemss as part of save.
TRACE::2024-08-09.14:55:42::SCWMssOS::Commit changes completed.
TRACE::2024-08-09.14:55:42::SCWPlatform::Trying to open the hw design at D:/Projects_Embedded/Closed_Loop/Vitis_3adc/3LFCC_3adc_platform/hw/Design_Closed_Loop_3adc.xsa
TRACE::2024-08-09.14:55:42::SCWPlatform::DSA given D:/Projects_Embedded/Closed_Loop/Vitis_3adc/3LFCC_3adc_platform/hw/Design_Closed_Loop_3adc.xsa
TRACE::2024-08-09.14:55:42::SCWPlatform::DSA absoulate path D:/Projects_Embedded/Closed_Loop/Vitis_3adc/3LFCC_3adc_platform/hw/Design_Closed_Loop_3adc.xsa
TRACE::2024-08-09.14:55:42::SCWPlatform::DSA directory D:/Projects_Embedded/Closed_Loop/Vitis_3adc/3LFCC_3adc_platform/hw
TRACE::2024-08-09.14:55:42::SCWPlatform:: Platform Path D:/Projects_Embedded/Closed_Loop/Vitis_3adc/3LFCC_3adc_platform/hw/Design_Closed_Loop_3adc.xsa
TRACE::2024-08-09.14:55:42::SCWPlatform:: Unique name xilinx:zybo::0.0
TRACE::2024-08-09.14:55:42::SCWPlatform::Trying to set the existing hwdb with name Design_Closed_Loop_wrapper_0
TRACE::2024-08-09.14:55:42::SCWPlatform::Opened existing hwdb Design_Closed_Loop_wrapper_0
TRACE::2024-08-09.14:55:42::SCWPlatform::Found the Hw Db part of the input DSA
TRACE::2024-08-09.14:55:42::SCWMssOS::Checking the sw design at  D:/Projects_Embedded/Closed_Loop/Vitis_3adc/3LFCC_3adc_platform/zynq_fsbl/zynq_fsbl_bsp/system.mss
TRACE::2024-08-09.14:55:42::SCWMssOS::DEBUG:  swdes dump  D:/Projects_Embedded/Closed_Loop/Vitis_3adc/3LFCC_3adc_platform/ps7_cortexa9_0/standalone_domain/bsp/system.mss|system_0||
D:/Projects_Embedded/Closed_Loop/Vitis_3adc/3LFCC_3adc_platform/zynq_fsbl/zynq_fsbl_bsp/system.mss|system||

TRACE::2024-08-09.14:55:42::SCWMssOS::Sw design exists and opened at  D:/Projects_Embedded/Closed_Loop/Vitis_3adc/3LFCC_3adc_platform/zynq_fsbl/zynq_fsbl_bsp/system.mss
TRACE::2024-08-09.14:55:42::SCWPlatform::Trying to open the hw design at D:/Projects_Embedded/Closed_Loop/Vitis_3adc/3LFCC_3adc_platform/hw/Design_Closed_Loop_3adc.xsa
TRACE::2024-08-09.14:55:42::SCWPlatform::DSA given D:/Projects_Embedded/Closed_Loop/Vitis_3adc/3LFCC_3adc_platform/hw/Design_Closed_Loop_3adc.xsa
TRACE::2024-08-09.14:55:42::SCWPlatform::DSA absoulate path D:/Projects_Embedded/Closed_Loop/Vitis_3adc/3LFCC_3adc_platform/hw/Design_Closed_Loop_3adc.xsa
TRACE::2024-08-09.14:55:42::SCWPlatform::DSA directory D:/Projects_Embedded/Closed_Loop/Vitis_3adc/3LFCC_3adc_platform/hw
TRACE::2024-08-09.14:55:42::SCWPlatform:: Platform Path D:/Projects_Embedded/Closed_Loop/Vitis_3adc/3LFCC_3adc_platform/hw/Design_Closed_Loop_3adc.xsa
TRACE::2024-08-09.14:55:42::SCWPlatform:: Unique name xilinx:zybo::0.0
TRACE::2024-08-09.14:55:42::SCWPlatform::Trying to set the existing hwdb with name Design_Closed_Loop_wrapper_0
TRACE::2024-08-09.14:55:42::SCWPlatform::Opened existing hwdb Design_Closed_Loop_wrapper_0
TRACE::2024-08-09.14:55:42::SCWPlatform::Found the Hw Db part of the input DSA
TRACE::2024-08-09.14:55:42::SCWMssOS::Checking the sw design at  D:/Projects_Embedded/Closed_Loop/Vitis_3adc/3LFCC_3adc_platform/zynq_fsbl/zynq_fsbl_bsp/system.mss
TRACE::2024-08-09.14:55:42::SCWMssOS::DEBUG:  swdes dump  D:/Projects_Embedded/Closed_Loop/Vitis_3adc/3LFCC_3adc_platform/ps7_cortexa9_0/standalone_domain/bsp/system.mss|system_0||
D:/Projects_Embedded/Closed_Loop/Vitis_3adc/3LFCC_3adc_platform/zynq_fsbl/zynq_fsbl_bsp/system.mss|system||

TRACE::2024-08-09.14:55:42::SCWMssOS::Sw design exists and opened at  D:/Projects_Embedded/Closed_Loop/Vitis_3adc/3LFCC_3adc_platform/zynq_fsbl/zynq_fsbl_bsp/system.mss
TRACE::2024-08-09.14:55:42::SCWPlatform::Trying to open the hw design at D:/Projects_Embedded/Closed_Loop/Vitis_3adc/3LFCC_3adc_platform/hw/Design_Closed_Loop_3adc.xsa
TRACE::2024-08-09.14:55:42::SCWPlatform::DSA given D:/Projects_Embedded/Closed_Loop/Vitis_3adc/3LFCC_3adc_platform/hw/Design_Closed_Loop_3adc.xsa
TRACE::2024-08-09.14:55:42::SCWPlatform::DSA absoulate path D:/Projects_Embedded/Closed_Loop/Vitis_3adc/3LFCC_3adc_platform/hw/Design_Closed_Loop_3adc.xsa
TRACE::2024-08-09.14:55:42::SCWPlatform::DSA directory D:/Projects_Embedded/Closed_Loop/Vitis_3adc/3LFCC_3adc_platform/hw
TRACE::2024-08-09.14:55:42::SCWPlatform:: Platform Path D:/Projects_Embedded/Closed_Loop/Vitis_3adc/3LFCC_3adc_platform/hw/Design_Closed_Loop_3adc.xsa
TRACE::2024-08-09.14:55:42::SCWPlatform:: Unique name xilinx:zybo::0.0
TRACE::2024-08-09.14:55:42::SCWPlatform::Trying to set the existing hwdb with name Design_Closed_Loop_wrapper_0
TRACE::2024-08-09.14:55:42::SCWPlatform::Opened existing hwdb Design_Closed_Loop_wrapper_0
TRACE::2024-08-09.14:55:42::SCWPlatform::Found the Hw Db part of the input DSA
TRACE::2024-08-09.14:55:42::SCWMssOS::Checking the sw design at  D:/Projects_Embedded/Closed_Loop/Vitis_3adc/3LFCC_3adc_platform/zynq_fsbl/zynq_fsbl_bsp/system.mss
TRACE::2024-08-09.14:55:42::SCWMssOS::DEBUG:  swdes dump  D:/Projects_Embedded/Closed_Loop/Vitis_3adc/3LFCC_3adc_platform/ps7_cortexa9_0/standalone_domain/bsp/system.mss|system_0||
D:/Projects_Embedded/Closed_Loop/Vitis_3adc/3LFCC_3adc_platform/zynq_fsbl/zynq_fsbl_bsp/system.mss|system||

TRACE::2024-08-09.14:55:42::SCWMssOS::Sw design exists and opened at  D:/Projects_Embedded/Closed_Loop/Vitis_3adc/3LFCC_3adc_platform/zynq_fsbl/zynq_fsbl_bsp/system.mss
TRACE::2024-08-09.14:55:42::SCWPlatform::Trying to open the hw design at D:/Projects_Embedded/Closed_Loop/Vitis_3adc/3LFCC_3adc_platform/hw/Design_Closed_Loop_3adc.xsa
TRACE::2024-08-09.14:55:42::SCWPlatform::DSA given D:/Projects_Embedded/Closed_Loop/Vitis_3adc/3LFCC_3adc_platform/hw/Design_Closed_Loop_3adc.xsa
TRACE::2024-08-09.14:55:42::SCWPlatform::DSA absoulate path D:/Projects_Embedded/Closed_Loop/Vitis_3adc/3LFCC_3adc_platform/hw/Design_Closed_Loop_3adc.xsa
TRACE::2024-08-09.14:55:42::SCWPlatform::DSA directory D:/Projects_Embedded/Closed_Loop/Vitis_3adc/3LFCC_3adc_platform/hw
TRACE::2024-08-09.14:55:42::SCWPlatform:: Platform Path D:/Projects_Embedded/Closed_Loop/Vitis_3adc/3LFCC_3adc_platform/hw/Design_Closed_Loop_3adc.xsa
TRACE::2024-08-09.14:55:42::SCWPlatform:: Unique name xilinx:zybo::0.0
TRACE::2024-08-09.14:55:42::SCWPlatform::Trying to set the existing hwdb with name Design_Closed_Loop_wrapper_0
TRACE::2024-08-09.14:55:42::SCWPlatform::Opened existing hwdb Design_Closed_Loop_wrapper_0
TRACE::2024-08-09.14:55:42::SCWPlatform::Found the Hw Db part of the input DSA
TRACE::2024-08-09.14:55:42::SCWMssOS::Checking the sw design at  D:/Projects_Embedded/Closed_Loop/Vitis_3adc/3LFCC_3adc_platform/ps7_cortexa9_0/standalone_domain/bsp/system.mss
TRACE::2024-08-09.14:55:42::SCWMssOS::DEBUG:  swdes dump  D:/Projects_Embedded/Closed_Loop/Vitis_3adc/3LFCC_3adc_platform/ps7_cortexa9_0/standalone_domain/bsp/system.mss|system_0||
D:/Projects_Embedded/Closed_Loop/Vitis_3adc/3LFCC_3adc_platform/zynq_fsbl/zynq_fsbl_bsp/system.mss|system||

TRACE::2024-08-09.14:55:42::SCWMssOS::Sw design exists and opened at  D:/Projects_Embedded/Closed_Loop/Vitis_3adc/3LFCC_3adc_platform/ps7_cortexa9_0/standalone_domain/bsp/system.mss
TRACE::2024-08-09.14:55:42::SCWPlatform::Trying to open the hw design at D:/Projects_Embedded/Closed_Loop/Vitis_3adc/3LFCC_3adc_platform/hw/Design_Closed_Loop_3adc.xsa
TRACE::2024-08-09.14:55:42::SCWPlatform::DSA given D:/Projects_Embedded/Closed_Loop/Vitis_3adc/3LFCC_3adc_platform/hw/Design_Closed_Loop_3adc.xsa
TRACE::2024-08-09.14:55:42::SCWPlatform::DSA absoulate path D:/Projects_Embedded/Closed_Loop/Vitis_3adc/3LFCC_3adc_platform/hw/Design_Closed_Loop_3adc.xsa
TRACE::2024-08-09.14:55:42::SCWPlatform::DSA directory D:/Projects_Embedded/Closed_Loop/Vitis_3adc/3LFCC_3adc_platform/hw
TRACE::2024-08-09.14:55:42::SCWPlatform:: Platform Path D:/Projects_Embedded/Closed_Loop/Vitis_3adc/3LFCC_3adc_platform/hw/Design_Closed_Loop_3adc.xsa
TRACE::2024-08-09.14:55:42::SCWPlatform:: Unique name xilinx:zybo::0.0
TRACE::2024-08-09.14:55:42::SCWPlatform::Trying to set the existing hwdb with name Design_Closed_Loop_wrapper_0
TRACE::2024-08-09.14:55:42::SCWPlatform::Opened existing hwdb Design_Closed_Loop_wrapper_0
TRACE::2024-08-09.14:55:42::SCWPlatform::Found the Hw Db part of the input DSA
TRACE::2024-08-09.14:55:42::SCWMssOS::Checking the sw design at  D:/Projects_Embedded/Closed_Loop/Vitis_3adc/3LFCC_3adc_platform/ps7_cortexa9_0/standalone_domain/bsp/system.mss
TRACE::2024-08-09.14:55:42::SCWMssOS::DEBUG:  swdes dump  D:/Projects_Embedded/Closed_Loop/Vitis_3adc/3LFCC_3adc_platform/ps7_cortexa9_0/standalone_domain/bsp/system.mss|system_0||
D:/Projects_Embedded/Closed_Loop/Vitis_3adc/3LFCC_3adc_platform/zynq_fsbl/zynq_fsbl_bsp/system.mss|system||

TRACE::2024-08-09.14:55:42::SCWMssOS::Sw design exists and opened at  D:/Projects_Embedded/Closed_Loop/Vitis_3adc/3LFCC_3adc_platform/ps7_cortexa9_0/standalone_domain/bsp/system.mss
TRACE::2024-08-09.14:55:42::SCWPlatform::Trying to open the hw design at D:/Projects_Embedded/Closed_Loop/Vitis_3adc/3LFCC_3adc_platform/hw/Design_Closed_Loop_3adc.xsa
TRACE::2024-08-09.14:55:42::SCWPlatform::DSA given D:/Projects_Embedded/Closed_Loop/Vitis_3adc/3LFCC_3adc_platform/hw/Design_Closed_Loop_3adc.xsa
TRACE::2024-08-09.14:55:42::SCWPlatform::DSA absoulate path D:/Projects_Embedded/Closed_Loop/Vitis_3adc/3LFCC_3adc_platform/hw/Design_Closed_Loop_3adc.xsa
TRACE::2024-08-09.14:55:42::SCWPlatform::DSA directory D:/Projects_Embedded/Closed_Loop/Vitis_3adc/3LFCC_3adc_platform/hw
TRACE::2024-08-09.14:55:42::SCWPlatform:: Platform Path D:/Projects_Embedded/Closed_Loop/Vitis_3adc/3LFCC_3adc_platform/hw/Design_Closed_Loop_3adc.xsa
TRACE::2024-08-09.14:55:42::SCWPlatform:: Unique name xilinx:zybo::0.0
TRACE::2024-08-09.14:55:42::SCWPlatform::Trying to set the existing hwdb with name Design_Closed_Loop_wrapper_0
TRACE::2024-08-09.14:55:42::SCWPlatform::Opened existing hwdb Design_Closed_Loop_wrapper_0
TRACE::2024-08-09.14:55:42::SCWPlatform::Found the Hw Db part of the input DSA
TRACE::2024-08-09.14:55:42::SCWMssOS::Checking the sw design at  D:/Projects_Embedded/Closed_Loop/Vitis_3adc/3LFCC_3adc_platform/ps7_cortexa9_0/standalone_domain/bsp/system.mss
TRACE::2024-08-09.14:55:42::SCWMssOS::DEBUG:  swdes dump  D:/Projects_Embedded/Closed_Loop/Vitis_3adc/3LFCC_3adc_platform/ps7_cortexa9_0/standalone_domain/bsp/system.mss|system_0||
D:/Projects_Embedded/Closed_Loop/Vitis_3adc/3LFCC_3adc_platform/zynq_fsbl/zynq_fsbl_bsp/system.mss|system||

TRACE::2024-08-09.14:55:42::SCWMssOS::Sw design exists and opened at  D:/Projects_Embedded/Closed_Loop/Vitis_3adc/3LFCC_3adc_platform/ps7_cortexa9_0/standalone_domain/bsp/system.mss
TRACE::2024-08-09.14:55:42::SCWWriter::formatted JSON is {
	"platformName":	"3LFCC_3adc_platform",
	"sprVersion":	"2.0",
	"mode":	"gui",
	"dsaType":	"Fixed",
	"platformDesc":	"3LFCC_3adc_platform",
	"platHandOff":	"D:/Projects_Embedded/Closed_Loop/Vivado/Design_Closed_Loop_3adc.xsa",
	"platIntHandOff":	"<platformDir>/hw/Design_Closed_Loop_3adc.xsa",
	"deviceType":	"zynq",
	"platIsPrebuiltAutogen":	"false",
	"platIsNoBootBsp":	"false",
	"platFsblTarget":	"ps7_cortexa9_0",
	"hasFsblMakeHasChanges":	"false",
	"hasPmufwMakeHasChanges":	"false",
	"fsblExtraCompilerFlags":	"-MMD -MP       -mcpu=cortex-a9 -mfpu=vfpv3 -mfloat-abi=hard ",
	"platPreBuiltFlag":	false,
	"platformSamplesDir":	"",
	"platActiveSys":	"3LFCC_3adc_platform",
	"systems":	[{
			"systemName":	"3LFCC_3adc_platform",
			"systemDesc":	"3LFCC_3adc_platform",
			"sysIsBootAutoGen":	"true",
			"systemDispName":	"3LFCC_3adc_platform",
			"sysActiveDom":	"standalone_domain",
			"sysDefaultDom":	"standalone_domain",
			"domains":	[{
					"domainName":	"zynq_fsbl",
					"domainDispName":	"zynq_fsbl",
					"domainDesc":	"FSBL Application BSP - Auto Generated.",
					"processors":	"ps7_cortexa9_0",
					"os":	"standalone",
					"sdxOs":	"standalone",
					"debugEnable":	"",
					"domRuntimes":	["cpp"],
					"swRepo":	"",
					"mssOsVer":	"9.0",
					"mssFile":	"",
					"md5Digest":	"ace6a4eb4a18a3154354155bb949edb7",
					"compatibleApp":	"zynq_fsbl",
					"domType":	"bootDomain",
					"arch":	"32-bit",
					"appSettings":	{
						"appCompilerFlags":	"",
						"appLinkerFlags":	""
					},
					"addedLibs":	["xilffs:5.1", "xilrsa:1.7"],
					"libOptions":	{
						"libsContainingOptions":	[]
					},
					"prebuiltLibs":	{
						"prebuiltIncPath":	[],
						"prebuiltLibPath":	[]
					},
					"isolation":	{
					}
				}, {
					"domainName":	"standalone_domain",
					"domainDispName":	"standalone_domain",
					"domainDesc":	"standalone_domain",
					"processors":	"ps7_cortexa9_0",
					"os":	"standalone",
					"sdxOs":	"standalone",
					"qemuArgs":	"<platformDir>/resources/3LFCC_3adc_platform/standalone_domain/qemu_args.txt",
					"qemuData":	"<platformDir>/resources/3LFCC_3adc_platform/standalone_domain/qemu",
					"debugEnable":	"False",
					"domRuntimes":	["cpp"],
					"swRepo":	"",
					"mssOsVer":	"9.0",
					"mssFile":	"",
					"md5Digest":	"e42d5fb8e1321f34bbe9f9b7aa0fb81a",
					"compatibleApp":	"",
					"domType":	"mssDomain",
					"appSettings":	{
						"appCompilerFlags":	"",
						"appLinkerFlags":	""
					},
					"addedLibs":	[],
					"libOptions":	{
						"libsContainingOptions":	[]
					},
					"prebuiltLibs":	{
						"prebuiltIncPath":	[],
						"prebuiltLibPath":	[]
					},
					"isolation":	{
					}
				}]
		}]
}
KEYINFO::2024-08-09.14:55:42::SCWPlatform::updated the xpfm file.
TRACE::2024-08-09.14:55:42::SCWPlatform::Trying to open the hw design at D:/Projects_Embedded/Closed_Loop/Vitis_3adc/3LFCC_3adc_platform/hw/Design_Closed_Loop_3adc.xsa
TRACE::2024-08-09.14:55:42::SCWPlatform::DSA given D:/Projects_Embedded/Closed_Loop/Vitis_3adc/3LFCC_3adc_platform/hw/Design_Closed_Loop_3adc.xsa
TRACE::2024-08-09.14:55:42::SCWPlatform::DSA absoulate path D:/Projects_Embedded/Closed_Loop/Vitis_3adc/3LFCC_3adc_platform/hw/Design_Closed_Loop_3adc.xsa
TRACE::2024-08-09.14:55:42::SCWPlatform::DSA directory D:/Projects_Embedded/Closed_Loop/Vitis_3adc/3LFCC_3adc_platform/hw
TRACE::2024-08-09.14:55:42::SCWPlatform:: Platform Path D:/Projects_Embedded/Closed_Loop/Vitis_3adc/3LFCC_3adc_platform/hw/Design_Closed_Loop_3adc.xsa
TRACE::2024-08-09.14:55:42::SCWPlatform:: Unique name xilinx:zybo::0.0
TRACE::2024-08-09.14:55:42::SCWPlatform::Trying to set the existing hwdb with name Design_Closed_Loop_wrapper_0
TRACE::2024-08-09.14:55:42::SCWPlatform::Opened existing hwdb Design_Closed_Loop_wrapper_0
TRACE::2024-08-09.14:55:42::SCWPlatform::Found the Hw Db part of the input DSA
TRACE::2024-08-09.14:55:42::SCWMssOS::Checking the sw design at  D:/Projects_Embedded/Closed_Loop/Vitis_3adc/3LFCC_3adc_platform/ps7_cortexa9_0/standalone_domain/bsp/system.mss
TRACE::2024-08-09.14:55:42::SCWMssOS::DEBUG:  swdes dump  D:/Projects_Embedded/Closed_Loop/Vitis_3adc/3LFCC_3adc_platform/ps7_cortexa9_0/standalone_domain/bsp/system.mss|system_0||
D:/Projects_Embedded/Closed_Loop/Vitis_3adc/3LFCC_3adc_platform/zynq_fsbl/zynq_fsbl_bsp/system.mss|system||

TRACE::2024-08-09.14:55:42::SCWMssOS::Sw design exists and opened at  D:/Projects_Embedded/Closed_Loop/Vitis_3adc/3LFCC_3adc_platform/ps7_cortexa9_0/standalone_domain/bsp/system.mss
TRACE::2024-08-09.14:55:42::SCWMssOS::Saving the mss changes D:/Projects_Embedded/Closed_Loop/Vitis_3adc/3LFCC_3adc_platform/zynq_fsbl/zynq_fsbl_bsp/system.mss
TRACE::2024-08-09.14:55:42::SCWMssOS::Found a swdesign opened with the mssfile.
TRACE::2024-08-09.14:55:42::SCWMssOS::Completed writemss as part of save.
TRACE::2024-08-09.14:55:42::SCWMssOS::Commit changes completed.
TRACE::2024-08-09.14:55:42::SCWMssOS::Saving the mss changes D:/Projects_Embedded/Closed_Loop/Vitis_3adc/3LFCC_3adc_platform/ps7_cortexa9_0/standalone_domain/bsp/system.mss
TRACE::2024-08-09.14:55:42::SCWMssOS::Found a swdesign opened with the mssfile.
TRACE::2024-08-09.14:55:42::SCWMssOS::Completed writemss as part of save.
TRACE::2024-08-09.14:55:42::SCWMssOS::Commit changes completed.
TRACE::2024-08-09.14:55:42::SCWPlatform::Trying to open the hw design at D:/Projects_Embedded/Closed_Loop/Vitis_3adc/3LFCC_3adc_platform/hw/Design_Closed_Loop_3adc.xsa
TRACE::2024-08-09.14:55:42::SCWPlatform::DSA given D:/Projects_Embedded/Closed_Loop/Vitis_3adc/3LFCC_3adc_platform/hw/Design_Closed_Loop_3adc.xsa
TRACE::2024-08-09.14:55:42::SCWPlatform::DSA absoulate path D:/Projects_Embedded/Closed_Loop/Vitis_3adc/3LFCC_3adc_platform/hw/Design_Closed_Loop_3adc.xsa
TRACE::2024-08-09.14:55:42::SCWPlatform::DSA directory D:/Projects_Embedded/Closed_Loop/Vitis_3adc/3LFCC_3adc_platform/hw
TRACE::2024-08-09.14:55:42::SCWPlatform:: Platform Path D:/Projects_Embedded/Closed_Loop/Vitis_3adc/3LFCC_3adc_platform/hw/Design_Closed_Loop_3adc.xsa
TRACE::2024-08-09.14:55:42::SCWPlatform:: Unique name xilinx:zybo::0.0
TRACE::2024-08-09.14:55:42::SCWPlatform::Trying to set the existing hwdb with name Design_Closed_Loop_wrapper_0
TRACE::2024-08-09.14:55:42::SCWPlatform::Opened existing hwdb Design_Closed_Loop_wrapper_0
TRACE::2024-08-09.14:55:42::SCWPlatform::Found the Hw Db part of the input DSA
TRACE::2024-08-09.14:55:42::SCWMssOS::Checking the sw design at  D:/Projects_Embedded/Closed_Loop/Vitis_3adc/3LFCC_3adc_platform/zynq_fsbl/zynq_fsbl_bsp/system.mss
TRACE::2024-08-09.14:55:42::SCWMssOS::DEBUG:  swdes dump  D:/Projects_Embedded/Closed_Loop/Vitis_3adc/3LFCC_3adc_platform/ps7_cortexa9_0/standalone_domain/bsp/system.mss|system_0||
D:/Projects_Embedded/Closed_Loop/Vitis_3adc/3LFCC_3adc_platform/zynq_fsbl/zynq_fsbl_bsp/system.mss|system||

TRACE::2024-08-09.14:55:42::SCWMssOS::Sw design exists and opened at  D:/Projects_Embedded/Closed_Loop/Vitis_3adc/3LFCC_3adc_platform/zynq_fsbl/zynq_fsbl_bsp/system.mss
TRACE::2024-08-09.14:55:42::SCWPlatform::Trying to open the hw design at D:/Projects_Embedded/Closed_Loop/Vitis_3adc/3LFCC_3adc_platform/hw/Design_Closed_Loop_3adc.xsa
TRACE::2024-08-09.14:55:42::SCWPlatform::DSA given D:/Projects_Embedded/Closed_Loop/Vitis_3adc/3LFCC_3adc_platform/hw/Design_Closed_Loop_3adc.xsa
TRACE::2024-08-09.14:55:42::SCWPlatform::DSA absoulate path D:/Projects_Embedded/Closed_Loop/Vitis_3adc/3LFCC_3adc_platform/hw/Design_Closed_Loop_3adc.xsa
TRACE::2024-08-09.14:55:42::SCWPlatform::DSA directory D:/Projects_Embedded/Closed_Loop/Vitis_3adc/3LFCC_3adc_platform/hw
TRACE::2024-08-09.14:55:42::SCWPlatform:: Platform Path D:/Projects_Embedded/Closed_Loop/Vitis_3adc/3LFCC_3adc_platform/hw/Design_Closed_Loop_3adc.xsa
TRACE::2024-08-09.14:55:42::SCWPlatform:: Unique name xilinx:zybo::0.0
TRACE::2024-08-09.14:55:42::SCWPlatform::Trying to set the existing hwdb with name Design_Closed_Loop_wrapper_0
TRACE::2024-08-09.14:55:42::SCWPlatform::Opened existing hwdb Design_Closed_Loop_wrapper_0
TRACE::2024-08-09.14:55:42::SCWPlatform::Found the Hw Db part of the input DSA
TRACE::2024-08-09.14:55:42::SCWMssOS::Checking the sw design at  D:/Projects_Embedded/Closed_Loop/Vitis_3adc/3LFCC_3adc_platform/zynq_fsbl/zynq_fsbl_bsp/system.mss
TRACE::2024-08-09.14:55:42::SCWMssOS::DEBUG:  swdes dump  D:/Projects_Embedded/Closed_Loop/Vitis_3adc/3LFCC_3adc_platform/ps7_cortexa9_0/standalone_domain/bsp/system.mss|system_0||
D:/Projects_Embedded/Closed_Loop/Vitis_3adc/3LFCC_3adc_platform/zynq_fsbl/zynq_fsbl_bsp/system.mss|system||

TRACE::2024-08-09.14:55:42::SCWMssOS::Sw design exists and opened at  D:/Projects_Embedded/Closed_Loop/Vitis_3adc/3LFCC_3adc_platform/zynq_fsbl/zynq_fsbl_bsp/system.mss
TRACE::2024-08-09.14:55:42::SCWPlatform::Trying to open the hw design at D:/Projects_Embedded/Closed_Loop/Vitis_3adc/3LFCC_3adc_platform/hw/Design_Closed_Loop_3adc.xsa
TRACE::2024-08-09.14:55:42::SCWPlatform::DSA given D:/Projects_Embedded/Closed_Loop/Vitis_3adc/3LFCC_3adc_platform/hw/Design_Closed_Loop_3adc.xsa
TRACE::2024-08-09.14:55:42::SCWPlatform::DSA absoulate path D:/Projects_Embedded/Closed_Loop/Vitis_3adc/3LFCC_3adc_platform/hw/Design_Closed_Loop_3adc.xsa
TRACE::2024-08-09.14:55:42::SCWPlatform::DSA directory D:/Projects_Embedded/Closed_Loop/Vitis_3adc/3LFCC_3adc_platform/hw
TRACE::2024-08-09.14:55:42::SCWPlatform:: Platform Path D:/Projects_Embedded/Closed_Loop/Vitis_3adc/3LFCC_3adc_platform/hw/Design_Closed_Loop_3adc.xsa
TRACE::2024-08-09.14:55:42::SCWPlatform:: Unique name xilinx:zybo::0.0
TRACE::2024-08-09.14:55:42::SCWPlatform::Trying to set the existing hwdb with name Design_Closed_Loop_wrapper_0
TRACE::2024-08-09.14:55:42::SCWPlatform::Opened existing hwdb Design_Closed_Loop_wrapper_0
TRACE::2024-08-09.14:55:42::SCWPlatform::Found the Hw Db part of the input DSA
TRACE::2024-08-09.14:55:42::SCWMssOS::Checking the sw design at  D:/Projects_Embedded/Closed_Loop/Vitis_3adc/3LFCC_3adc_platform/zynq_fsbl/zynq_fsbl_bsp/system.mss
TRACE::2024-08-09.14:55:42::SCWMssOS::DEBUG:  swdes dump  D:/Projects_Embedded/Closed_Loop/Vitis_3adc/3LFCC_3adc_platform/ps7_cortexa9_0/standalone_domain/bsp/system.mss|system_0||
D:/Projects_Embedded/Closed_Loop/Vitis_3adc/3LFCC_3adc_platform/zynq_fsbl/zynq_fsbl_bsp/system.mss|system||

TRACE::2024-08-09.14:55:42::SCWMssOS::Sw design exists and opened at  D:/Projects_Embedded/Closed_Loop/Vitis_3adc/3LFCC_3adc_platform/zynq_fsbl/zynq_fsbl_bsp/system.mss
TRACE::2024-08-09.14:55:42::SCWPlatform::Trying to open the hw design at D:/Projects_Embedded/Closed_Loop/Vitis_3adc/3LFCC_3adc_platform/hw/Design_Closed_Loop_3adc.xsa
TRACE::2024-08-09.14:55:42::SCWPlatform::DSA given D:/Projects_Embedded/Closed_Loop/Vitis_3adc/3LFCC_3adc_platform/hw/Design_Closed_Loop_3adc.xsa
TRACE::2024-08-09.14:55:42::SCWPlatform::DSA absoulate path D:/Projects_Embedded/Closed_Loop/Vitis_3adc/3LFCC_3adc_platform/hw/Design_Closed_Loop_3adc.xsa
TRACE::2024-08-09.14:55:42::SCWPlatform::DSA directory D:/Projects_Embedded/Closed_Loop/Vitis_3adc/3LFCC_3adc_platform/hw
TRACE::2024-08-09.14:55:42::SCWPlatform:: Platform Path D:/Projects_Embedded/Closed_Loop/Vitis_3adc/3LFCC_3adc_platform/hw/Design_Closed_Loop_3adc.xsa
TRACE::2024-08-09.14:55:42::SCWPlatform:: Unique name xilinx:zybo::0.0
TRACE::2024-08-09.14:55:42::SCWPlatform::Trying to set the existing hwdb with name Design_Closed_Loop_wrapper_0
TRACE::2024-08-09.14:55:42::SCWPlatform::Opened existing hwdb Design_Closed_Loop_wrapper_0
TRACE::2024-08-09.14:55:42::SCWPlatform::Found the Hw Db part of the input DSA
TRACE::2024-08-09.14:55:42::SCWMssOS::Checking the sw design at  D:/Projects_Embedded/Closed_Loop/Vitis_3adc/3LFCC_3adc_platform/ps7_cortexa9_0/standalone_domain/bsp/system.mss
TRACE::2024-08-09.14:55:42::SCWMssOS::DEBUG:  swdes dump  D:/Projects_Embedded/Closed_Loop/Vitis_3adc/3LFCC_3adc_platform/ps7_cortexa9_0/standalone_domain/bsp/system.mss|system_0||
D:/Projects_Embedded/Closed_Loop/Vitis_3adc/3LFCC_3adc_platform/zynq_fsbl/zynq_fsbl_bsp/system.mss|system||

TRACE::2024-08-09.14:55:42::SCWMssOS::Sw design exists and opened at  D:/Projects_Embedded/Closed_Loop/Vitis_3adc/3LFCC_3adc_platform/ps7_cortexa9_0/standalone_domain/bsp/system.mss
TRACE::2024-08-09.14:55:42::SCWPlatform::Trying to open the hw design at D:/Projects_Embedded/Closed_Loop/Vitis_3adc/3LFCC_3adc_platform/hw/Design_Closed_Loop_3adc.xsa
TRACE::2024-08-09.14:55:42::SCWPlatform::DSA given D:/Projects_Embedded/Closed_Loop/Vitis_3adc/3LFCC_3adc_platform/hw/Design_Closed_Loop_3adc.xsa
TRACE::2024-08-09.14:55:42::SCWPlatform::DSA absoulate path D:/Projects_Embedded/Closed_Loop/Vitis_3adc/3LFCC_3adc_platform/hw/Design_Closed_Loop_3adc.xsa
TRACE::2024-08-09.14:55:42::SCWPlatform::DSA directory D:/Projects_Embedded/Closed_Loop/Vitis_3adc/3LFCC_3adc_platform/hw
TRACE::2024-08-09.14:55:42::SCWPlatform:: Platform Path D:/Projects_Embedded/Closed_Loop/Vitis_3adc/3LFCC_3adc_platform/hw/Design_Closed_Loop_3adc.xsa
TRACE::2024-08-09.14:55:42::SCWPlatform:: Unique name xilinx:zybo::0.0
TRACE::2024-08-09.14:55:42::SCWPlatform::Trying to set the existing hwdb with name Design_Closed_Loop_wrapper_0
TRACE::2024-08-09.14:55:42::SCWPlatform::Opened existing hwdb Design_Closed_Loop_wrapper_0
TRACE::2024-08-09.14:55:42::SCWPlatform::Found the Hw Db part of the input DSA
TRACE::2024-08-09.14:55:42::SCWMssOS::Checking the sw design at  D:/Projects_Embedded/Closed_Loop/Vitis_3adc/3LFCC_3adc_platform/ps7_cortexa9_0/standalone_domain/bsp/system.mss
TRACE::2024-08-09.14:55:42::SCWMssOS::DEBUG:  swdes dump  D:/Projects_Embedded/Closed_Loop/Vitis_3adc/3LFCC_3adc_platform/ps7_cortexa9_0/standalone_domain/bsp/system.mss|system_0||
D:/Projects_Embedded/Closed_Loop/Vitis_3adc/3LFCC_3adc_platform/zynq_fsbl/zynq_fsbl_bsp/system.mss|system||

TRACE::2024-08-09.14:55:42::SCWMssOS::Sw design exists and opened at  D:/Projects_Embedded/Closed_Loop/Vitis_3adc/3LFCC_3adc_platform/ps7_cortexa9_0/standalone_domain/bsp/system.mss
TRACE::2024-08-09.14:55:42::SCWPlatform::Trying to open the hw design at D:/Projects_Embedded/Closed_Loop/Vitis_3adc/3LFCC_3adc_platform/hw/Design_Closed_Loop_3adc.xsa
TRACE::2024-08-09.14:55:42::SCWPlatform::DSA given D:/Projects_Embedded/Closed_Loop/Vitis_3adc/3LFCC_3adc_platform/hw/Design_Closed_Loop_3adc.xsa
TRACE::2024-08-09.14:55:42::SCWPlatform::DSA absoulate path D:/Projects_Embedded/Closed_Loop/Vitis_3adc/3LFCC_3adc_platform/hw/Design_Closed_Loop_3adc.xsa
TRACE::2024-08-09.14:55:42::SCWPlatform::DSA directory D:/Projects_Embedded/Closed_Loop/Vitis_3adc/3LFCC_3adc_platform/hw
TRACE::2024-08-09.14:55:42::SCWPlatform:: Platform Path D:/Projects_Embedded/Closed_Loop/Vitis_3adc/3LFCC_3adc_platform/hw/Design_Closed_Loop_3adc.xsa
TRACE::2024-08-09.14:55:42::SCWPlatform:: Unique name xilinx:zybo::0.0
TRACE::2024-08-09.14:55:42::SCWPlatform::Trying to set the existing hwdb with name Design_Closed_Loop_wrapper_0
TRACE::2024-08-09.14:55:42::SCWPlatform::Opened existing hwdb Design_Closed_Loop_wrapper_0
TRACE::2024-08-09.14:55:42::SCWPlatform::Found the Hw Db part of the input DSA
TRACE::2024-08-09.14:55:42::SCWMssOS::Checking the sw design at  D:/Projects_Embedded/Closed_Loop/Vitis_3adc/3LFCC_3adc_platform/ps7_cortexa9_0/standalone_domain/bsp/system.mss
TRACE::2024-08-09.14:55:42::SCWMssOS::DEBUG:  swdes dump  D:/Projects_Embedded/Closed_Loop/Vitis_3adc/3LFCC_3adc_platform/ps7_cortexa9_0/standalone_domain/bsp/system.mss|system_0||
D:/Projects_Embedded/Closed_Loop/Vitis_3adc/3LFCC_3adc_platform/zynq_fsbl/zynq_fsbl_bsp/system.mss|system||

TRACE::2024-08-09.14:55:42::SCWMssOS::Sw design exists and opened at  D:/Projects_Embedded/Closed_Loop/Vitis_3adc/3LFCC_3adc_platform/ps7_cortexa9_0/standalone_domain/bsp/system.mss
TRACE::2024-08-09.14:55:42::SCWWriter::formatted JSON is {
	"platformName":	"3LFCC_3adc_platform",
	"sprVersion":	"2.0",
	"mode":	"gui",
	"dsaType":	"Fixed",
	"platformDesc":	"3LFCC_3adc_platform",
	"platHandOff":	"D:/Projects_Embedded/Closed_Loop/Vivado/Design_Closed_Loop_3adc.xsa",
	"platIntHandOff":	"<platformDir>/hw/Design_Closed_Loop_3adc.xsa",
	"deviceType":	"zynq",
	"platIsPrebuiltAutogen":	"false",
	"platIsNoBootBsp":	"false",
	"platFsblTarget":	"ps7_cortexa9_0",
	"hasFsblMakeHasChanges":	"false",
	"hasPmufwMakeHasChanges":	"false",
	"fsblExtraCompilerFlags":	"-MMD -MP       -mcpu=cortex-a9 -mfpu=vfpv3 -mfloat-abi=hard ",
	"platPreBuiltFlag":	false,
	"platformSamplesDir":	"",
	"platActiveSys":	"3LFCC_3adc_platform",
	"systems":	[{
			"systemName":	"3LFCC_3adc_platform",
			"systemDesc":	"3LFCC_3adc_platform",
			"sysIsBootAutoGen":	"true",
			"systemDispName":	"3LFCC_3adc_platform",
			"sysActiveDom":	"standalone_domain",
			"sysDefaultDom":	"standalone_domain",
			"domains":	[{
					"domainName":	"zynq_fsbl",
					"domainDispName":	"zynq_fsbl",
					"domainDesc":	"FSBL Application BSP - Auto Generated.",
					"processors":	"ps7_cortexa9_0",
					"os":	"standalone",
					"sdxOs":	"standalone",
					"debugEnable":	"",
					"domRuntimes":	["cpp"],
					"swRepo":	"",
					"mssOsVer":	"9.0",
					"mssFile":	"",
					"md5Digest":	"ace6a4eb4a18a3154354155bb949edb7",
					"compatibleApp":	"zynq_fsbl",
					"domType":	"bootDomain",
					"arch":	"32-bit",
					"appSettings":	{
						"appCompilerFlags":	"",
						"appLinkerFlags":	""
					},
					"addedLibs":	["xilffs:5.1", "xilrsa:1.7"],
					"libOptions":	{
						"libsContainingOptions":	[]
					},
					"prebuiltLibs":	{
						"prebuiltIncPath":	[],
						"prebuiltLibPath":	[]
					},
					"isolation":	{
					}
				}, {
					"domainName":	"standalone_domain",
					"domainDispName":	"standalone_domain",
					"domainDesc":	"standalone_domain",
					"processors":	"ps7_cortexa9_0",
					"os":	"standalone",
					"sdxOs":	"standalone",
					"qemuArgs":	"<platformDir>/resources/3LFCC_3adc_platform/standalone_domain/qemu_args.txt",
					"qemuData":	"<platformDir>/resources/3LFCC_3adc_platform/standalone_domain/qemu",
					"debugEnable":	"False",
					"domRuntimes":	["cpp"],
					"swRepo":	"",
					"mssOsVer":	"9.0",
					"mssFile":	"",
					"md5Digest":	"e42d5fb8e1321f34bbe9f9b7aa0fb81a",
					"compatibleApp":	"",
					"domType":	"mssDomain",
					"appSettings":	{
						"appCompilerFlags":	"",
						"appLinkerFlags":	""
					},
					"addedLibs":	[],
					"libOptions":	{
						"libsContainingOptions":	[]
					},
					"prebuiltLibs":	{
						"prebuiltIncPath":	[],
						"prebuiltLibPath":	[]
					},
					"isolation":	{
					}
				}]
		}]
}
TRACE::2024-08-09.14:55:42::SCWPlatform::Trying to open the hw design at D:/Projects_Embedded/Closed_Loop/Vitis_3adc/3LFCC_3adc_platform/hw/Design_Closed_Loop_3adc.xsa
TRACE::2024-08-09.14:55:42::SCWPlatform::DSA given D:/Projects_Embedded/Closed_Loop/Vitis_3adc/3LFCC_3adc_platform/hw/Design_Closed_Loop_3adc.xsa
TRACE::2024-08-09.14:55:42::SCWPlatform::DSA absoulate path D:/Projects_Embedded/Closed_Loop/Vitis_3adc/3LFCC_3adc_platform/hw/Design_Closed_Loop_3adc.xsa
TRACE::2024-08-09.14:55:42::SCWPlatform::DSA directory D:/Projects_Embedded/Closed_Loop/Vitis_3adc/3LFCC_3adc_platform/hw
TRACE::2024-08-09.14:55:42::SCWPlatform:: Platform Path D:/Projects_Embedded/Closed_Loop/Vitis_3adc/3LFCC_3adc_platform/hw/Design_Closed_Loop_3adc.xsa
TRACE::2024-08-09.14:55:42::SCWPlatform:: Unique name xilinx:zybo::0.0
TRACE::2024-08-09.14:55:42::SCWPlatform::Trying to set the existing hwdb with name Design_Closed_Loop_wrapper_0
TRACE::2024-08-09.14:55:42::SCWPlatform::Opened existing hwdb Design_Closed_Loop_wrapper_0
TRACE::2024-08-09.14:55:42::SCWPlatform::Found the Hw Db part of the input DSA
TRACE::2024-08-09.14:55:42::SCWMssOS::Checking the sw design at  D:/Projects_Embedded/Closed_Loop/Vitis_3adc/3LFCC_3adc_platform/ps7_cortexa9_0/standalone_domain/bsp/system.mss
TRACE::2024-08-09.14:55:42::SCWMssOS::DEBUG:  swdes dump  D:/Projects_Embedded/Closed_Loop/Vitis_3adc/3LFCC_3adc_platform/ps7_cortexa9_0/standalone_domain/bsp/system.mss|system_0||
D:/Projects_Embedded/Closed_Loop/Vitis_3adc/3LFCC_3adc_platform/zynq_fsbl/zynq_fsbl_bsp/system.mss|system||

TRACE::2024-08-09.14:55:42::SCWMssOS::Sw design exists and opened at  D:/Projects_Embedded/Closed_Loop/Vitis_3adc/3LFCC_3adc_platform/ps7_cortexa9_0/standalone_domain/bsp/system.mss
TRACE::2024-08-09.14:55:42::SCWPlatform::Trying to open the hw design at D:/Projects_Embedded/Closed_Loop/Vitis_3adc/3LFCC_3adc_platform/hw/Design_Closed_Loop_3adc.xsa
TRACE::2024-08-09.14:55:42::SCWPlatform::DSA given D:/Projects_Embedded/Closed_Loop/Vitis_3adc/3LFCC_3adc_platform/hw/Design_Closed_Loop_3adc.xsa
TRACE::2024-08-09.14:55:42::SCWPlatform::DSA absoulate path D:/Projects_Embedded/Closed_Loop/Vitis_3adc/3LFCC_3adc_platform/hw/Design_Closed_Loop_3adc.xsa
TRACE::2024-08-09.14:55:42::SCWPlatform::DSA directory D:/Projects_Embedded/Closed_Loop/Vitis_3adc/3LFCC_3adc_platform/hw
TRACE::2024-08-09.14:55:42::SCWPlatform:: Platform Path D:/Projects_Embedded/Closed_Loop/Vitis_3adc/3LFCC_3adc_platform/hw/Design_Closed_Loop_3adc.xsa
TRACE::2024-08-09.14:55:42::SCWPlatform:: Unique name xilinx:zybo::0.0
TRACE::2024-08-09.14:55:42::SCWPlatform::Trying to set the existing hwdb with name Design_Closed_Loop_wrapper_0
TRACE::2024-08-09.14:55:42::SCWPlatform::Opened existing hwdb Design_Closed_Loop_wrapper_0
TRACE::2024-08-09.14:55:42::SCWPlatform::Found the Hw Db part of the input DSA
TRACE::2024-08-09.14:55:42::SCWMssOS::Checking the sw design at  D:/Projects_Embedded/Closed_Loop/Vitis_3adc/3LFCC_3adc_platform/ps7_cortexa9_0/standalone_domain/bsp/system.mss
TRACE::2024-08-09.14:55:42::SCWMssOS::DEBUG:  swdes dump  D:/Projects_Embedded/Closed_Loop/Vitis_3adc/3LFCC_3adc_platform/ps7_cortexa9_0/standalone_domain/bsp/system.mss|system_0||
D:/Projects_Embedded/Closed_Loop/Vitis_3adc/3LFCC_3adc_platform/zynq_fsbl/zynq_fsbl_bsp/system.mss|system||

TRACE::2024-08-09.14:55:42::SCWMssOS::Sw design exists and opened at  D:/Projects_Embedded/Closed_Loop/Vitis_3adc/3LFCC_3adc_platform/ps7_cortexa9_0/standalone_domain/bsp/system.mss
TRACE::2024-08-09.14:55:42::SCWPlatform::Trying to open the hw design at D:/Projects_Embedded/Closed_Loop/Vitis_3adc/3LFCC_3adc_platform/hw/Design_Closed_Loop_3adc.xsa
TRACE::2024-08-09.14:55:42::SCWPlatform::DSA given D:/Projects_Embedded/Closed_Loop/Vitis_3adc/3LFCC_3adc_platform/hw/Design_Closed_Loop_3adc.xsa
TRACE::2024-08-09.14:55:42::SCWPlatform::DSA absoulate path D:/Projects_Embedded/Closed_Loop/Vitis_3adc/3LFCC_3adc_platform/hw/Design_Closed_Loop_3adc.xsa
TRACE::2024-08-09.14:55:42::SCWPlatform::DSA directory D:/Projects_Embedded/Closed_Loop/Vitis_3adc/3LFCC_3adc_platform/hw
TRACE::2024-08-09.14:55:42::SCWPlatform:: Platform Path D:/Projects_Embedded/Closed_Loop/Vitis_3adc/3LFCC_3adc_platform/hw/Design_Closed_Loop_3adc.xsa
TRACE::2024-08-09.14:55:42::SCWPlatform:: Unique name xilinx:zybo::0.0
TRACE::2024-08-09.14:55:42::SCWPlatform::Trying to set the existing hwdb with name Design_Closed_Loop_wrapper_0
TRACE::2024-08-09.14:55:42::SCWPlatform::Opened existing hwdb Design_Closed_Loop_wrapper_0
TRACE::2024-08-09.14:55:42::SCWPlatform::Found the Hw Db part of the input DSA
TRACE::2024-08-09.14:55:42::SCWMssOS::Checking the sw design at  D:/Projects_Embedded/Closed_Loop/Vitis_3adc/3LFCC_3adc_platform/ps7_cortexa9_0/standalone_domain/bsp/system.mss
TRACE::2024-08-09.14:55:42::SCWMssOS::DEBUG:  swdes dump  D:/Projects_Embedded/Closed_Loop/Vitis_3adc/3LFCC_3adc_platform/ps7_cortexa9_0/standalone_domain/bsp/system.mss|system_0||
D:/Projects_Embedded/Closed_Loop/Vitis_3adc/3LFCC_3adc_platform/zynq_fsbl/zynq_fsbl_bsp/system.mss|system||

TRACE::2024-08-09.14:55:42::SCWMssOS::Sw design exists and opened at  D:/Projects_Embedded/Closed_Loop/Vitis_3adc/3LFCC_3adc_platform/ps7_cortexa9_0/standalone_domain/bsp/system.mss
TRACE::2024-08-09.14:55:42::SCWMssOS::Saving the mss changes D:/Projects_Embedded/Closed_Loop/Vitis_3adc/3LFCC_3adc_platform/zynq_fsbl/zynq_fsbl_bsp/system.mss
TRACE::2024-08-09.14:55:42::SCWMssOS::Found a swdesign opened with the mssfile.
TRACE::2024-08-09.14:55:42::SCWMssOS::Completed writemss as part of save.
TRACE::2024-08-09.14:55:42::SCWMssOS::Commit changes completed.
TRACE::2024-08-09.14:55:42::SCWMssOS::Saving the mss changes D:/Projects_Embedded/Closed_Loop/Vitis_3adc/3LFCC_3adc_platform/ps7_cortexa9_0/standalone_domain/bsp/system.mss
TRACE::2024-08-09.14:55:42::SCWMssOS::Found a swdesign opened with the mssfile.
TRACE::2024-08-09.14:55:42::SCWMssOS::Completed writemss as part of save.
TRACE::2024-08-09.14:55:42::SCWMssOS::Commit changes completed.
TRACE::2024-08-09.14:55:42::SCWPlatform::Trying to open the hw design at D:/Projects_Embedded/Closed_Loop/Vitis_3adc/3LFCC_3adc_platform/hw/Design_Closed_Loop_3adc.xsa
TRACE::2024-08-09.14:55:42::SCWPlatform::DSA given D:/Projects_Embedded/Closed_Loop/Vitis_3adc/3LFCC_3adc_platform/hw/Design_Closed_Loop_3adc.xsa
TRACE::2024-08-09.14:55:42::SCWPlatform::DSA absoulate path D:/Projects_Embedded/Closed_Loop/Vitis_3adc/3LFCC_3adc_platform/hw/Design_Closed_Loop_3adc.xsa
TRACE::2024-08-09.14:55:42::SCWPlatform::DSA directory D:/Projects_Embedded/Closed_Loop/Vitis_3adc/3LFCC_3adc_platform/hw
TRACE::2024-08-09.14:55:42::SCWPlatform:: Platform Path D:/Projects_Embedded/Closed_Loop/Vitis_3adc/3LFCC_3adc_platform/hw/Design_Closed_Loop_3adc.xsa
TRACE::2024-08-09.14:55:42::SCWPlatform:: Unique name xilinx:zybo::0.0
TRACE::2024-08-09.14:55:42::SCWPlatform::Trying to set the existing hwdb with name Design_Closed_Loop_wrapper_0
TRACE::2024-08-09.14:55:42::SCWPlatform::Opened existing hwdb Design_Closed_Loop_wrapper_0
TRACE::2024-08-09.14:55:42::SCWPlatform::Found the Hw Db part of the input DSA
TRACE::2024-08-09.14:55:42::SCWMssOS::Checking the sw design at  D:/Projects_Embedded/Closed_Loop/Vitis_3adc/3LFCC_3adc_platform/zynq_fsbl/zynq_fsbl_bsp/system.mss
TRACE::2024-08-09.14:55:42::SCWMssOS::DEBUG:  swdes dump  D:/Projects_Embedded/Closed_Loop/Vitis_3adc/3LFCC_3adc_platform/ps7_cortexa9_0/standalone_domain/bsp/system.mss|system_0||
D:/Projects_Embedded/Closed_Loop/Vitis_3adc/3LFCC_3adc_platform/zynq_fsbl/zynq_fsbl_bsp/system.mss|system||

TRACE::2024-08-09.14:55:42::SCWMssOS::Sw design exists and opened at  D:/Projects_Embedded/Closed_Loop/Vitis_3adc/3LFCC_3adc_platform/zynq_fsbl/zynq_fsbl_bsp/system.mss
TRACE::2024-08-09.14:55:42::SCWPlatform::Trying to open the hw design at D:/Projects_Embedded/Closed_Loop/Vitis_3adc/3LFCC_3adc_platform/hw/Design_Closed_Loop_3adc.xsa
TRACE::2024-08-09.14:55:42::SCWPlatform::DSA given D:/Projects_Embedded/Closed_Loop/Vitis_3adc/3LFCC_3adc_platform/hw/Design_Closed_Loop_3adc.xsa
TRACE::2024-08-09.14:55:42::SCWPlatform::DSA absoulate path D:/Projects_Embedded/Closed_Loop/Vitis_3adc/3LFCC_3adc_platform/hw/Design_Closed_Loop_3adc.xsa
TRACE::2024-08-09.14:55:42::SCWPlatform::DSA directory D:/Projects_Embedded/Closed_Loop/Vitis_3adc/3LFCC_3adc_platform/hw
TRACE::2024-08-09.14:55:42::SCWPlatform:: Platform Path D:/Projects_Embedded/Closed_Loop/Vitis_3adc/3LFCC_3adc_platform/hw/Design_Closed_Loop_3adc.xsa
TRACE::2024-08-09.14:55:42::SCWPlatform:: Unique name xilinx:zybo::0.0
TRACE::2024-08-09.14:55:42::SCWPlatform::Trying to set the existing hwdb with name Design_Closed_Loop_wrapper_0
TRACE::2024-08-09.14:55:42::SCWPlatform::Opened existing hwdb Design_Closed_Loop_wrapper_0
TRACE::2024-08-09.14:55:42::SCWPlatform::Found the Hw Db part of the input DSA
TRACE::2024-08-09.14:55:42::SCWMssOS::Checking the sw design at  D:/Projects_Embedded/Closed_Loop/Vitis_3adc/3LFCC_3adc_platform/zynq_fsbl/zynq_fsbl_bsp/system.mss
TRACE::2024-08-09.14:55:42::SCWMssOS::DEBUG:  swdes dump  D:/Projects_Embedded/Closed_Loop/Vitis_3adc/3LFCC_3adc_platform/ps7_cortexa9_0/standalone_domain/bsp/system.mss|system_0||
D:/Projects_Embedded/Closed_Loop/Vitis_3adc/3LFCC_3adc_platform/zynq_fsbl/zynq_fsbl_bsp/system.mss|system||

TRACE::2024-08-09.14:55:42::SCWMssOS::Sw design exists and opened at  D:/Projects_Embedded/Closed_Loop/Vitis_3adc/3LFCC_3adc_platform/zynq_fsbl/zynq_fsbl_bsp/system.mss
TRACE::2024-08-09.14:55:42::SCWPlatform::Trying to open the hw design at D:/Projects_Embedded/Closed_Loop/Vitis_3adc/3LFCC_3adc_platform/hw/Design_Closed_Loop_3adc.xsa
TRACE::2024-08-09.14:55:42::SCWPlatform::DSA given D:/Projects_Embedded/Closed_Loop/Vitis_3adc/3LFCC_3adc_platform/hw/Design_Closed_Loop_3adc.xsa
TRACE::2024-08-09.14:55:42::SCWPlatform::DSA absoulate path D:/Projects_Embedded/Closed_Loop/Vitis_3adc/3LFCC_3adc_platform/hw/Design_Closed_Loop_3adc.xsa
TRACE::2024-08-09.14:55:42::SCWPlatform::DSA directory D:/Projects_Embedded/Closed_Loop/Vitis_3adc/3LFCC_3adc_platform/hw
TRACE::2024-08-09.14:55:42::SCWPlatform:: Platform Path D:/Projects_Embedded/Closed_Loop/Vitis_3adc/3LFCC_3adc_platform/hw/Design_Closed_Loop_3adc.xsa
TRACE::2024-08-09.14:55:42::SCWPlatform:: Unique name xilinx:zybo::0.0
TRACE::2024-08-09.14:55:42::SCWPlatform::Trying to set the existing hwdb with name Design_Closed_Loop_wrapper_0
TRACE::2024-08-09.14:55:42::SCWPlatform::Opened existing hwdb Design_Closed_Loop_wrapper_0
TRACE::2024-08-09.14:55:42::SCWPlatform::Found the Hw Db part of the input DSA
TRACE::2024-08-09.14:55:42::SCWMssOS::Checking the sw design at  D:/Projects_Embedded/Closed_Loop/Vitis_3adc/3LFCC_3adc_platform/zynq_fsbl/zynq_fsbl_bsp/system.mss
TRACE::2024-08-09.14:55:42::SCWMssOS::DEBUG:  swdes dump  D:/Projects_Embedded/Closed_Loop/Vitis_3adc/3LFCC_3adc_platform/ps7_cortexa9_0/standalone_domain/bsp/system.mss|system_0||
D:/Projects_Embedded/Closed_Loop/Vitis_3adc/3LFCC_3adc_platform/zynq_fsbl/zynq_fsbl_bsp/system.mss|system||

TRACE::2024-08-09.14:55:42::SCWMssOS::Sw design exists and opened at  D:/Projects_Embedded/Closed_Loop/Vitis_3adc/3LFCC_3adc_platform/zynq_fsbl/zynq_fsbl_bsp/system.mss
TRACE::2024-08-09.14:55:42::SCWPlatform::Trying to open the hw design at D:/Projects_Embedded/Closed_Loop/Vitis_3adc/3LFCC_3adc_platform/hw/Design_Closed_Loop_3adc.xsa
TRACE::2024-08-09.14:55:42::SCWPlatform::DSA given D:/Projects_Embedded/Closed_Loop/Vitis_3adc/3LFCC_3adc_platform/hw/Design_Closed_Loop_3adc.xsa
TRACE::2024-08-09.14:55:42::SCWPlatform::DSA absoulate path D:/Projects_Embedded/Closed_Loop/Vitis_3adc/3LFCC_3adc_platform/hw/Design_Closed_Loop_3adc.xsa
TRACE::2024-08-09.14:55:42::SCWPlatform::DSA directory D:/Projects_Embedded/Closed_Loop/Vitis_3adc/3LFCC_3adc_platform/hw
TRACE::2024-08-09.14:55:42::SCWPlatform:: Platform Path D:/Projects_Embedded/Closed_Loop/Vitis_3adc/3LFCC_3adc_platform/hw/Design_Closed_Loop_3adc.xsa
TRACE::2024-08-09.14:55:42::SCWPlatform:: Unique name xilinx:zybo::0.0
TRACE::2024-08-09.14:55:42::SCWPlatform::Trying to set the existing hwdb with name Design_Closed_Loop_wrapper_0
TRACE::2024-08-09.14:55:42::SCWPlatform::Opened existing hwdb Design_Closed_Loop_wrapper_0
TRACE::2024-08-09.14:55:42::SCWPlatform::Found the Hw Db part of the input DSA
TRACE::2024-08-09.14:55:42::SCWMssOS::Checking the sw design at  D:/Projects_Embedded/Closed_Loop/Vitis_3adc/3LFCC_3adc_platform/ps7_cortexa9_0/standalone_domain/bsp/system.mss
TRACE::2024-08-09.14:55:42::SCWMssOS::DEBUG:  swdes dump  D:/Projects_Embedded/Closed_Loop/Vitis_3adc/3LFCC_3adc_platform/ps7_cortexa9_0/standalone_domain/bsp/system.mss|system_0||
D:/Projects_Embedded/Closed_Loop/Vitis_3adc/3LFCC_3adc_platform/zynq_fsbl/zynq_fsbl_bsp/system.mss|system||

TRACE::2024-08-09.14:55:42::SCWMssOS::Sw design exists and opened at  D:/Projects_Embedded/Closed_Loop/Vitis_3adc/3LFCC_3adc_platform/ps7_cortexa9_0/standalone_domain/bsp/system.mss
TRACE::2024-08-09.14:55:42::SCWPlatform::Trying to open the hw design at D:/Projects_Embedded/Closed_Loop/Vitis_3adc/3LFCC_3adc_platform/hw/Design_Closed_Loop_3adc.xsa
TRACE::2024-08-09.14:55:42::SCWPlatform::DSA given D:/Projects_Embedded/Closed_Loop/Vitis_3adc/3LFCC_3adc_platform/hw/Design_Closed_Loop_3adc.xsa
TRACE::2024-08-09.14:55:42::SCWPlatform::DSA absoulate path D:/Projects_Embedded/Closed_Loop/Vitis_3adc/3LFCC_3adc_platform/hw/Design_Closed_Loop_3adc.xsa
TRACE::2024-08-09.14:55:42::SCWPlatform::DSA directory D:/Projects_Embedded/Closed_Loop/Vitis_3adc/3LFCC_3adc_platform/hw
TRACE::2024-08-09.14:55:42::SCWPlatform:: Platform Path D:/Projects_Embedded/Closed_Loop/Vitis_3adc/3LFCC_3adc_platform/hw/Design_Closed_Loop_3adc.xsa
TRACE::2024-08-09.14:55:42::SCWPlatform:: Unique name xilinx:zybo::0.0
TRACE::2024-08-09.14:55:42::SCWPlatform::Trying to set the existing hwdb with name Design_Closed_Loop_wrapper_0
TRACE::2024-08-09.14:55:42::SCWPlatform::Opened existing hwdb Design_Closed_Loop_wrapper_0
TRACE::2024-08-09.14:55:42::SCWPlatform::Found the Hw Db part of the input DSA
TRACE::2024-08-09.14:55:42::SCWMssOS::Checking the sw design at  D:/Projects_Embedded/Closed_Loop/Vitis_3adc/3LFCC_3adc_platform/ps7_cortexa9_0/standalone_domain/bsp/system.mss
TRACE::2024-08-09.14:55:42::SCWMssOS::DEBUG:  swdes dump  D:/Projects_Embedded/Closed_Loop/Vitis_3adc/3LFCC_3adc_platform/ps7_cortexa9_0/standalone_domain/bsp/system.mss|system_0||
D:/Projects_Embedded/Closed_Loop/Vitis_3adc/3LFCC_3adc_platform/zynq_fsbl/zynq_fsbl_bsp/system.mss|system||

TRACE::2024-08-09.14:55:42::SCWMssOS::Sw design exists and opened at  D:/Projects_Embedded/Closed_Loop/Vitis_3adc/3LFCC_3adc_platform/ps7_cortexa9_0/standalone_domain/bsp/system.mss
TRACE::2024-08-09.14:55:42::SCWPlatform::Trying to open the hw design at D:/Projects_Embedded/Closed_Loop/Vitis_3adc/3LFCC_3adc_platform/hw/Design_Closed_Loop_3adc.xsa
TRACE::2024-08-09.14:55:42::SCWPlatform::DSA given D:/Projects_Embedded/Closed_Loop/Vitis_3adc/3LFCC_3adc_platform/hw/Design_Closed_Loop_3adc.xsa
TRACE::2024-08-09.14:55:42::SCWPlatform::DSA absoulate path D:/Projects_Embedded/Closed_Loop/Vitis_3adc/3LFCC_3adc_platform/hw/Design_Closed_Loop_3adc.xsa
TRACE::2024-08-09.14:55:42::SCWPlatform::DSA directory D:/Projects_Embedded/Closed_Loop/Vitis_3adc/3LFCC_3adc_platform/hw
TRACE::2024-08-09.14:55:42::SCWPlatform:: Platform Path D:/Projects_Embedded/Closed_Loop/Vitis_3adc/3LFCC_3adc_platform/hw/Design_Closed_Loop_3adc.xsa
TRACE::2024-08-09.14:55:42::SCWPlatform:: Unique name xilinx:zybo::0.0
TRACE::2024-08-09.14:55:42::SCWPlatform::Trying to set the existing hwdb with name Design_Closed_Loop_wrapper_0
TRACE::2024-08-09.14:55:42::SCWPlatform::Opened existing hwdb Design_Closed_Loop_wrapper_0
TRACE::2024-08-09.14:55:42::SCWPlatform::Found the Hw Db part of the input DSA
TRACE::2024-08-09.14:55:42::SCWMssOS::Checking the sw design at  D:/Projects_Embedded/Closed_Loop/Vitis_3adc/3LFCC_3adc_platform/ps7_cortexa9_0/standalone_domain/bsp/system.mss
TRACE::2024-08-09.14:55:42::SCWMssOS::DEBUG:  swdes dump  D:/Projects_Embedded/Closed_Loop/Vitis_3adc/3LFCC_3adc_platform/ps7_cortexa9_0/standalone_domain/bsp/system.mss|system_0||
D:/Projects_Embedded/Closed_Loop/Vitis_3adc/3LFCC_3adc_platform/zynq_fsbl/zynq_fsbl_bsp/system.mss|system||

TRACE::2024-08-09.14:55:42::SCWMssOS::Sw design exists and opened at  D:/Projects_Embedded/Closed_Loop/Vitis_3adc/3LFCC_3adc_platform/ps7_cortexa9_0/standalone_domain/bsp/system.mss
TRACE::2024-08-09.14:55:42::SCWWriter::formatted JSON is {
	"platformName":	"3LFCC_3adc_platform",
	"sprVersion":	"2.0",
	"mode":	"gui",
	"dsaType":	"Fixed",
	"platformDesc":	"3LFCC_3adc_platform",
	"platHandOff":	"D:/Projects_Embedded/Closed_Loop/Vivado/Design_Closed_Loop_3adc.xsa",
	"platIntHandOff":	"<platformDir>/hw/Design_Closed_Loop_3adc.xsa",
	"deviceType":	"zynq",
	"platIsPrebuiltAutogen":	"false",
	"platIsNoBootBsp":	"false",
	"platFsblTarget":	"ps7_cortexa9_0",
	"hasFsblMakeHasChanges":	"false",
	"hasPmufwMakeHasChanges":	"false",
	"fsblExtraCompilerFlags":	"-MMD -MP       -mcpu=cortex-a9 -mfpu=vfpv3 -mfloat-abi=hard ",
	"platPreBuiltFlag":	false,
	"platformSamplesDir":	"",
	"platActiveSys":	"3LFCC_3adc_platform",
	"systems":	[{
			"systemName":	"3LFCC_3adc_platform",
			"systemDesc":	"3LFCC_3adc_platform",
			"sysIsBootAutoGen":	"true",
			"systemDispName":	"3LFCC_3adc_platform",
			"sysActiveDom":	"standalone_domain",
			"sysDefaultDom":	"standalone_domain",
			"domains":	[{
					"domainName":	"zynq_fsbl",
					"domainDispName":	"zynq_fsbl",
					"domainDesc":	"FSBL Application BSP - Auto Generated.",
					"processors":	"ps7_cortexa9_0",
					"os":	"standalone",
					"sdxOs":	"standalone",
					"debugEnable":	"",
					"domRuntimes":	["cpp"],
					"swRepo":	"",
					"mssOsVer":	"9.0",
					"mssFile":	"",
					"md5Digest":	"ace6a4eb4a18a3154354155bb949edb7",
					"compatibleApp":	"zynq_fsbl",
					"domType":	"bootDomain",
					"arch":	"32-bit",
					"appSettings":	{
						"appCompilerFlags":	"",
						"appLinkerFlags":	""
					},
					"addedLibs":	["xilffs:5.1", "xilrsa:1.7"],
					"libOptions":	{
						"libsContainingOptions":	[]
					},
					"prebuiltLibs":	{
						"prebuiltIncPath":	[],
						"prebuiltLibPath":	[]
					},
					"isolation":	{
					}
				}, {
					"domainName":	"standalone_domain",
					"domainDispName":	"standalone on ps7_cortexa9_0",
					"domainDesc":	"standalone_domain",
					"processors":	"ps7_cortexa9_0",
					"os":	"standalone",
					"sdxOs":	"standalone",
					"qemuArgs":	"<platformDir>/resources/3LFCC_3adc_platform/standalone_domain/qemu_args.txt",
					"qemuData":	"<platformDir>/resources/3LFCC_3adc_platform/standalone_domain/qemu",
					"debugEnable":	"False",
					"domRuntimes":	["cpp"],
					"swRepo":	"",
					"mssOsVer":	"9.0",
					"mssFile":	"",
					"md5Digest":	"e42d5fb8e1321f34bbe9f9b7aa0fb81a",
					"compatibleApp":	"",
					"domType":	"mssDomain",
					"appSettings":	{
						"appCompilerFlags":	"",
						"appLinkerFlags":	""
					},
					"addedLibs":	[],
					"libOptions":	{
						"libsContainingOptions":	[]
					},
					"prebuiltLibs":	{
						"prebuiltIncPath":	[],
						"prebuiltLibPath":	[]
					},
					"isolation":	{
					}
				}]
		}]
}
TRACE::2024-08-09.14:55:42::SCWMssOS::Saving the mss changes D:/Projects_Embedded/Closed_Loop/Vitis_3adc/3LFCC_3adc_platform/zynq_fsbl/zynq_fsbl_bsp/system.mss
TRACE::2024-08-09.14:55:42::SCWMssOS::Found a swdesign opened with the mssfile.
TRACE::2024-08-09.14:55:42::SCWMssOS::Completed writemss as part of save.
TRACE::2024-08-09.14:55:42::SCWMssOS::Commit changes completed.
TRACE::2024-08-09.14:55:42::SCWMssOS::Saving the mss changes D:/Projects_Embedded/Closed_Loop/Vitis_3adc/3LFCC_3adc_platform/ps7_cortexa9_0/standalone_domain/bsp/system.mss
TRACE::2024-08-09.14:55:42::SCWMssOS::Found a swdesign opened with the mssfile.
TRACE::2024-08-09.14:55:42::SCWMssOS::Completed writemss as part of save.
TRACE::2024-08-09.14:55:42::SCWMssOS::Commit changes completed.
TRACE::2024-08-09.14:55:42::SCWPlatform::Trying to open the hw design at D:/Projects_Embedded/Closed_Loop/Vitis_3adc/3LFCC_3adc_platform/hw/Design_Closed_Loop_3adc.xsa
TRACE::2024-08-09.14:55:42::SCWPlatform::DSA given D:/Projects_Embedded/Closed_Loop/Vitis_3adc/3LFCC_3adc_platform/hw/Design_Closed_Loop_3adc.xsa
TRACE::2024-08-09.14:55:42::SCWPlatform::DSA absoulate path D:/Projects_Embedded/Closed_Loop/Vitis_3adc/3LFCC_3adc_platform/hw/Design_Closed_Loop_3adc.xsa
TRACE::2024-08-09.14:55:42::SCWPlatform::DSA directory D:/Projects_Embedded/Closed_Loop/Vitis_3adc/3LFCC_3adc_platform/hw
TRACE::2024-08-09.14:55:42::SCWPlatform:: Platform Path D:/Projects_Embedded/Closed_Loop/Vitis_3adc/3LFCC_3adc_platform/hw/Design_Closed_Loop_3adc.xsa
TRACE::2024-08-09.14:55:42::SCWPlatform:: Unique name xilinx:zybo::0.0
TRACE::2024-08-09.14:55:42::SCWPlatform::Trying to set the existing hwdb with name Design_Closed_Loop_wrapper_0
TRACE::2024-08-09.14:55:42::SCWPlatform::Opened existing hwdb Design_Closed_Loop_wrapper_0
TRACE::2024-08-09.14:55:42::SCWPlatform::Found the Hw Db part of the input DSA
TRACE::2024-08-09.14:55:42::SCWMssOS::Checking the sw design at  D:/Projects_Embedded/Closed_Loop/Vitis_3adc/3LFCC_3adc_platform/zynq_fsbl/zynq_fsbl_bsp/system.mss
TRACE::2024-08-09.14:55:42::SCWMssOS::DEBUG:  swdes dump  D:/Projects_Embedded/Closed_Loop/Vitis_3adc/3LFCC_3adc_platform/ps7_cortexa9_0/standalone_domain/bsp/system.mss|system_0||
D:/Projects_Embedded/Closed_Loop/Vitis_3adc/3LFCC_3adc_platform/zynq_fsbl/zynq_fsbl_bsp/system.mss|system||

TRACE::2024-08-09.14:55:42::SCWMssOS::Sw design exists and opened at  D:/Projects_Embedded/Closed_Loop/Vitis_3adc/3LFCC_3adc_platform/zynq_fsbl/zynq_fsbl_bsp/system.mss
TRACE::2024-08-09.14:55:42::SCWPlatform::Trying to open the hw design at D:/Projects_Embedded/Closed_Loop/Vitis_3adc/3LFCC_3adc_platform/hw/Design_Closed_Loop_3adc.xsa
TRACE::2024-08-09.14:55:42::SCWPlatform::DSA given D:/Projects_Embedded/Closed_Loop/Vitis_3adc/3LFCC_3adc_platform/hw/Design_Closed_Loop_3adc.xsa
TRACE::2024-08-09.14:55:42::SCWPlatform::DSA absoulate path D:/Projects_Embedded/Closed_Loop/Vitis_3adc/3LFCC_3adc_platform/hw/Design_Closed_Loop_3adc.xsa
TRACE::2024-08-09.14:55:42::SCWPlatform::DSA directory D:/Projects_Embedded/Closed_Loop/Vitis_3adc/3LFCC_3adc_platform/hw
TRACE::2024-08-09.14:55:42::SCWPlatform:: Platform Path D:/Projects_Embedded/Closed_Loop/Vitis_3adc/3LFCC_3adc_platform/hw/Design_Closed_Loop_3adc.xsa
TRACE::2024-08-09.14:55:42::SCWPlatform:: Unique name xilinx:zybo::0.0
TRACE::2024-08-09.14:55:42::SCWPlatform::Trying to set the existing hwdb with name Design_Closed_Loop_wrapper_0
TRACE::2024-08-09.14:55:42::SCWPlatform::Opened existing hwdb Design_Closed_Loop_wrapper_0
TRACE::2024-08-09.14:55:42::SCWPlatform::Found the Hw Db part of the input DSA
TRACE::2024-08-09.14:55:42::SCWMssOS::Checking the sw design at  D:/Projects_Embedded/Closed_Loop/Vitis_3adc/3LFCC_3adc_platform/zynq_fsbl/zynq_fsbl_bsp/system.mss
TRACE::2024-08-09.14:55:42::SCWMssOS::DEBUG:  swdes dump  D:/Projects_Embedded/Closed_Loop/Vitis_3adc/3LFCC_3adc_platform/ps7_cortexa9_0/standalone_domain/bsp/system.mss|system_0||
D:/Projects_Embedded/Closed_Loop/Vitis_3adc/3LFCC_3adc_platform/zynq_fsbl/zynq_fsbl_bsp/system.mss|system||

TRACE::2024-08-09.14:55:42::SCWMssOS::Sw design exists and opened at  D:/Projects_Embedded/Closed_Loop/Vitis_3adc/3LFCC_3adc_platform/zynq_fsbl/zynq_fsbl_bsp/system.mss
TRACE::2024-08-09.14:55:42::SCWPlatform::Trying to open the hw design at D:/Projects_Embedded/Closed_Loop/Vitis_3adc/3LFCC_3adc_platform/hw/Design_Closed_Loop_3adc.xsa
TRACE::2024-08-09.14:55:42::SCWPlatform::DSA given D:/Projects_Embedded/Closed_Loop/Vitis_3adc/3LFCC_3adc_platform/hw/Design_Closed_Loop_3adc.xsa
TRACE::2024-08-09.14:55:42::SCWPlatform::DSA absoulate path D:/Projects_Embedded/Closed_Loop/Vitis_3adc/3LFCC_3adc_platform/hw/Design_Closed_Loop_3adc.xsa
TRACE::2024-08-09.14:55:42::SCWPlatform::DSA directory D:/Projects_Embedded/Closed_Loop/Vitis_3adc/3LFCC_3adc_platform/hw
TRACE::2024-08-09.14:55:42::SCWPlatform:: Platform Path D:/Projects_Embedded/Closed_Loop/Vitis_3adc/3LFCC_3adc_platform/hw/Design_Closed_Loop_3adc.xsa
TRACE::2024-08-09.14:55:42::SCWPlatform:: Unique name xilinx:zybo::0.0
TRACE::2024-08-09.14:55:42::SCWPlatform::Trying to set the existing hwdb with name Design_Closed_Loop_wrapper_0
TRACE::2024-08-09.14:55:42::SCWPlatform::Opened existing hwdb Design_Closed_Loop_wrapper_0
TRACE::2024-08-09.14:55:42::SCWPlatform::Found the Hw Db part of the input DSA
TRACE::2024-08-09.14:55:42::SCWMssOS::Checking the sw design at  D:/Projects_Embedded/Closed_Loop/Vitis_3adc/3LFCC_3adc_platform/zynq_fsbl/zynq_fsbl_bsp/system.mss
TRACE::2024-08-09.14:55:42::SCWMssOS::DEBUG:  swdes dump  D:/Projects_Embedded/Closed_Loop/Vitis_3adc/3LFCC_3adc_platform/ps7_cortexa9_0/standalone_domain/bsp/system.mss|system_0||
D:/Projects_Embedded/Closed_Loop/Vitis_3adc/3LFCC_3adc_platform/zynq_fsbl/zynq_fsbl_bsp/system.mss|system||

TRACE::2024-08-09.14:55:42::SCWMssOS::Sw design exists and opened at  D:/Projects_Embedded/Closed_Loop/Vitis_3adc/3LFCC_3adc_platform/zynq_fsbl/zynq_fsbl_bsp/system.mss
TRACE::2024-08-09.14:55:42::SCWPlatform::Trying to open the hw design at D:/Projects_Embedded/Closed_Loop/Vitis_3adc/3LFCC_3adc_platform/hw/Design_Closed_Loop_3adc.xsa
TRACE::2024-08-09.14:55:42::SCWPlatform::DSA given D:/Projects_Embedded/Closed_Loop/Vitis_3adc/3LFCC_3adc_platform/hw/Design_Closed_Loop_3adc.xsa
TRACE::2024-08-09.14:55:42::SCWPlatform::DSA absoulate path D:/Projects_Embedded/Closed_Loop/Vitis_3adc/3LFCC_3adc_platform/hw/Design_Closed_Loop_3adc.xsa
TRACE::2024-08-09.14:55:42::SCWPlatform::DSA directory D:/Projects_Embedded/Closed_Loop/Vitis_3adc/3LFCC_3adc_platform/hw
TRACE::2024-08-09.14:55:42::SCWPlatform:: Platform Path D:/Projects_Embedded/Closed_Loop/Vitis_3adc/3LFCC_3adc_platform/hw/Design_Closed_Loop_3adc.xsa
TRACE::2024-08-09.14:55:42::SCWPlatform:: Unique name xilinx:zybo::0.0
TRACE::2024-08-09.14:55:42::SCWPlatform::Trying to set the existing hwdb with name Design_Closed_Loop_wrapper_0
TRACE::2024-08-09.14:55:42::SCWPlatform::Opened existing hwdb Design_Closed_Loop_wrapper_0
TRACE::2024-08-09.14:55:42::SCWPlatform::Found the Hw Db part of the input DSA
TRACE::2024-08-09.14:55:42::SCWMssOS::Checking the sw design at  D:/Projects_Embedded/Closed_Loop/Vitis_3adc/3LFCC_3adc_platform/ps7_cortexa9_0/standalone_domain/bsp/system.mss
TRACE::2024-08-09.14:55:42::SCWMssOS::DEBUG:  swdes dump  D:/Projects_Embedded/Closed_Loop/Vitis_3adc/3LFCC_3adc_platform/ps7_cortexa9_0/standalone_domain/bsp/system.mss|system_0||
D:/Projects_Embedded/Closed_Loop/Vitis_3adc/3LFCC_3adc_platform/zynq_fsbl/zynq_fsbl_bsp/system.mss|system||

TRACE::2024-08-09.14:55:42::SCWMssOS::Sw design exists and opened at  D:/Projects_Embedded/Closed_Loop/Vitis_3adc/3LFCC_3adc_platform/ps7_cortexa9_0/standalone_domain/bsp/system.mss
TRACE::2024-08-09.14:55:42::SCWPlatform::Trying to open the hw design at D:/Projects_Embedded/Closed_Loop/Vitis_3adc/3LFCC_3adc_platform/hw/Design_Closed_Loop_3adc.xsa
TRACE::2024-08-09.14:55:42::SCWPlatform::DSA given D:/Projects_Embedded/Closed_Loop/Vitis_3adc/3LFCC_3adc_platform/hw/Design_Closed_Loop_3adc.xsa
TRACE::2024-08-09.14:55:42::SCWPlatform::DSA absoulate path D:/Projects_Embedded/Closed_Loop/Vitis_3adc/3LFCC_3adc_platform/hw/Design_Closed_Loop_3adc.xsa
TRACE::2024-08-09.14:55:42::SCWPlatform::DSA directory D:/Projects_Embedded/Closed_Loop/Vitis_3adc/3LFCC_3adc_platform/hw
TRACE::2024-08-09.14:55:42::SCWPlatform:: Platform Path D:/Projects_Embedded/Closed_Loop/Vitis_3adc/3LFCC_3adc_platform/hw/Design_Closed_Loop_3adc.xsa
TRACE::2024-08-09.14:55:42::SCWPlatform:: Unique name xilinx:zybo::0.0
TRACE::2024-08-09.14:55:42::SCWPlatform::Trying to set the existing hwdb with name Design_Closed_Loop_wrapper_0
TRACE::2024-08-09.14:55:42::SCWPlatform::Opened existing hwdb Design_Closed_Loop_wrapper_0
TRACE::2024-08-09.14:55:42::SCWPlatform::Found the Hw Db part of the input DSA
TRACE::2024-08-09.14:55:42::SCWMssOS::Checking the sw design at  D:/Projects_Embedded/Closed_Loop/Vitis_3adc/3LFCC_3adc_platform/ps7_cortexa9_0/standalone_domain/bsp/system.mss
TRACE::2024-08-09.14:55:42::SCWMssOS::DEBUG:  swdes dump  D:/Projects_Embedded/Closed_Loop/Vitis_3adc/3LFCC_3adc_platform/ps7_cortexa9_0/standalone_domain/bsp/system.mss|system_0||
D:/Projects_Embedded/Closed_Loop/Vitis_3adc/3LFCC_3adc_platform/zynq_fsbl/zynq_fsbl_bsp/system.mss|system||

TRACE::2024-08-09.14:55:42::SCWMssOS::Sw design exists and opened at  D:/Projects_Embedded/Closed_Loop/Vitis_3adc/3LFCC_3adc_platform/ps7_cortexa9_0/standalone_domain/bsp/system.mss
TRACE::2024-08-09.14:55:42::SCWPlatform::Trying to open the hw design at D:/Projects_Embedded/Closed_Loop/Vitis_3adc/3LFCC_3adc_platform/hw/Design_Closed_Loop_3adc.xsa
TRACE::2024-08-09.14:55:42::SCWPlatform::DSA given D:/Projects_Embedded/Closed_Loop/Vitis_3adc/3LFCC_3adc_platform/hw/Design_Closed_Loop_3adc.xsa
TRACE::2024-08-09.14:55:42::SCWPlatform::DSA absoulate path D:/Projects_Embedded/Closed_Loop/Vitis_3adc/3LFCC_3adc_platform/hw/Design_Closed_Loop_3adc.xsa
TRACE::2024-08-09.14:55:42::SCWPlatform::DSA directory D:/Projects_Embedded/Closed_Loop/Vitis_3adc/3LFCC_3adc_platform/hw
TRACE::2024-08-09.14:55:42::SCWPlatform:: Platform Path D:/Projects_Embedded/Closed_Loop/Vitis_3adc/3LFCC_3adc_platform/hw/Design_Closed_Loop_3adc.xsa
TRACE::2024-08-09.14:55:42::SCWPlatform:: Unique name xilinx:zybo::0.0
TRACE::2024-08-09.14:55:42::SCWPlatform::Trying to set the existing hwdb with name Design_Closed_Loop_wrapper_0
TRACE::2024-08-09.14:55:42::SCWPlatform::Opened existing hwdb Design_Closed_Loop_wrapper_0
TRACE::2024-08-09.14:55:42::SCWPlatform::Found the Hw Db part of the input DSA
TRACE::2024-08-09.14:55:42::SCWMssOS::Checking the sw design at  D:/Projects_Embedded/Closed_Loop/Vitis_3adc/3LFCC_3adc_platform/ps7_cortexa9_0/standalone_domain/bsp/system.mss
TRACE::2024-08-09.14:55:42::SCWMssOS::DEBUG:  swdes dump  D:/Projects_Embedded/Closed_Loop/Vitis_3adc/3LFCC_3adc_platform/ps7_cortexa9_0/standalone_domain/bsp/system.mss|system_0||
D:/Projects_Embedded/Closed_Loop/Vitis_3adc/3LFCC_3adc_platform/zynq_fsbl/zynq_fsbl_bsp/system.mss|system||

TRACE::2024-08-09.14:55:42::SCWMssOS::Sw design exists and opened at  D:/Projects_Embedded/Closed_Loop/Vitis_3adc/3LFCC_3adc_platform/ps7_cortexa9_0/standalone_domain/bsp/system.mss
TRACE::2024-08-09.14:55:42::SCWWriter::formatted JSON is {
	"platformName":	"3LFCC_3adc_platform",
	"sprVersion":	"2.0",
	"mode":	"gui",
	"dsaType":	"Fixed",
	"platformDesc":	"3LFCC_3adc_platform",
	"platHandOff":	"D:/Projects_Embedded/Closed_Loop/Vivado/Design_Closed_Loop_3adc.xsa",
	"platIntHandOff":	"<platformDir>/hw/Design_Closed_Loop_3adc.xsa",
	"deviceType":	"zynq",
	"platIsPrebuiltAutogen":	"false",
	"platIsNoBootBsp":	"false",
	"platFsblTarget":	"ps7_cortexa9_0",
	"hasFsblMakeHasChanges":	"false",
	"hasPmufwMakeHasChanges":	"false",
	"fsblExtraCompilerFlags":	"-MMD -MP       -mcpu=cortex-a9 -mfpu=vfpv3 -mfloat-abi=hard ",
	"platPreBuiltFlag":	false,
	"platformSamplesDir":	"",
	"platActiveSys":	"3LFCC_3adc_platform",
	"systems":	[{
			"systemName":	"3LFCC_3adc_platform",
			"systemDesc":	"3LFCC_3adc_platform",
			"sysIsBootAutoGen":	"true",
			"systemDispName":	"3LFCC_3adc_platform",
			"sysActiveDom":	"standalone_domain",
			"sysDefaultDom":	"standalone_domain",
			"domains":	[{
					"domainName":	"zynq_fsbl",
					"domainDispName":	"zynq_fsbl",
					"domainDesc":	"FSBL Application BSP - Auto Generated.",
					"processors":	"ps7_cortexa9_0",
					"os":	"standalone",
					"sdxOs":	"standalone",
					"debugEnable":	"",
					"domRuntimes":	["cpp"],
					"swRepo":	"",
					"mssOsVer":	"9.0",
					"mssFile":	"",
					"md5Digest":	"ace6a4eb4a18a3154354155bb949edb7",
					"compatibleApp":	"zynq_fsbl",
					"domType":	"bootDomain",
					"arch":	"32-bit",
					"appSettings":	{
						"appCompilerFlags":	"",
						"appLinkerFlags":	""
					},
					"addedLibs":	["xilffs:5.1", "xilrsa:1.7"],
					"libOptions":	{
						"libsContainingOptions":	[]
					},
					"prebuiltLibs":	{
						"prebuiltIncPath":	[],
						"prebuiltLibPath":	[]
					},
					"isolation":	{
					}
				}, {
					"domainName":	"standalone_domain",
					"domainDispName":	"standalone on ps7_cortexa9_0",
					"domainDesc":	"standalone_domain",
					"processors":	"ps7_cortexa9_0",
					"os":	"standalone",
					"sdxOs":	"standalone",
					"qemuArgs":	"<platformDir>/resources/3LFCC_3adc_platform/standalone_domain/qemu_args.txt",
					"qemuData":	"<platformDir>/resources/3LFCC_3adc_platform/standalone_domain/qemu",
					"debugEnable":	"False",
					"domRuntimes":	["cpp"],
					"swRepo":	"",
					"mssOsVer":	"9.0",
					"mssFile":	"",
					"md5Digest":	"e42d5fb8e1321f34bbe9f9b7aa0fb81a",
					"compatibleApp":	"",
					"domType":	"mssDomain",
					"appSettings":	{
						"appCompilerFlags":	"",
						"appLinkerFlags":	""
					},
					"addedLibs":	[],
					"libOptions":	{
						"libsContainingOptions":	[]
					},
					"prebuiltLibs":	{
						"prebuiltIncPath":	[],
						"prebuiltLibPath":	[]
					},
					"isolation":	{
					}
				}]
		}]
}
TRACE::2024-08-09.14:55:43::SCWPlatform::Clearing the existing platform
TRACE::2024-08-09.14:55:43::SCWSystem::Clearing the existing sysconfig
TRACE::2024-08-09.14:55:43::SCWBDomain::clearing the fsbl build
TRACE::2024-08-09.14:55:43::SCWMssOS::Removing the swdes entry for  D:/Projects_Embedded/Closed_Loop/Vitis_3adc/3LFCC_3adc_platform/zynq_fsbl/zynq_fsbl_bsp/system.mss
TRACE::2024-08-09.14:55:43::SCWMssOS::Removing the swdes entry for  D:/Projects_Embedded/Closed_Loop/Vitis_3adc/3LFCC_3adc_platform/ps7_cortexa9_0/standalone_domain/bsp/system.mss
TRACE::2024-08-09.14:55:43::SCWSystem::Clearing the domains completed.
TRACE::2024-08-09.14:55:43::SCWPlatform::Clearing the opened hw db.
TRACE::2024-08-09.14:55:43::SCWPlatform::DSA given D:/Projects_Embedded/Closed_Loop/Vitis_3adc/3LFCC_3adc_platform/hw/Design_Closed_Loop_3adc.xsa
TRACE::2024-08-09.14:55:43::SCWPlatform::DSA absoulate path D:/Projects_Embedded/Closed_Loop/Vitis_3adc/3LFCC_3adc_platform/hw/Design_Closed_Loop_3adc.xsa
TRACE::2024-08-09.14:55:43::SCWPlatform:: Platform location is D:/Projects_Embedded/Closed_Loop/Vitis_3adc/3LFCC_3adc_platform/hw
TRACE::2024-08-09.14:55:43::SCWPlatform:: Platform Path D:/Projects_Embedded/Closed_Loop/Vitis_3adc/3LFCC_3adc_platform/hw/Design_Closed_Loop_3adc.xsa
TRACE::2024-08-09.14:55:43::SCWPlatform:: Unique name xilinx:zybo::0.0
TRACE::2024-08-09.14:55:43::SCWPlatform::Removing the HwDB with name D:/Projects_Embedded/Closed_Loop/Vitis_3adc/3LFCC_3adc_platform/hw/Design_Closed_Loop_3adc.xsa
TRACE::2024-08-09.14:55:43::SCWPlatform::Trying to open the hw design at D:/Projects_Embedded/Closed_Loop/Vitis_3adc/3LFCC_3adc_platform/hw/Design_Closed_Loop_3adc.xsa
TRACE::2024-08-09.14:55:43::SCWPlatform::DSA given D:/Projects_Embedded/Closed_Loop/Vitis_3adc/3LFCC_3adc_platform/hw/Design_Closed_Loop_3adc.xsa
TRACE::2024-08-09.14:55:43::SCWPlatform::DSA absoulate path D:/Projects_Embedded/Closed_Loop/Vitis_3adc/3LFCC_3adc_platform/hw/Design_Closed_Loop_3adc.xsa
TRACE::2024-08-09.14:55:43::SCWPlatform::DSA directory D:/Projects_Embedded/Closed_Loop/Vitis_3adc/3LFCC_3adc_platform/hw
TRACE::2024-08-09.14:55:43::SCWPlatform:: Platform Path D:/Projects_Embedded/Closed_Loop/Vitis_3adc/3LFCC_3adc_platform/hw/Design_Closed_Loop_3adc.xsa
TRACE::2024-08-09.14:55:43::SCWPlatform:: Unique name xilinx:zybo::0.0
TRACE::2024-08-09.14:55:43::SCWPlatform::Do not have an existing db opened. 
TRACE::2024-08-09.14:55:46::SCWPlatform::Opened new HwDB with name Design_Closed_Loop_wrapper_1
TRACE::2024-08-09.14:55:46::SCWReader::Active system found as  3LFCC_3adc_platform
TRACE::2024-08-09.14:55:46::SCWReader::Handling sysconfig 3LFCC_3adc_platform
TRACE::2024-08-09.14:55:46::SCWDomain::checking for install qemu data   : 
TRACE::2024-08-09.14:55:46::SCWDomain:: Using the QEMU Data from install at  : D:/Xilinx/Vitis/2023.2/data/emulation/platforms/zynq/sw/a9_standalone/qemu/
TRACE::2024-08-09.14:55:46::SCWDomain:: Using the QEMU args  from install at  : D:/Xilinx/Vitis/2023.2/data/emulation/platforms/zynq/sw/a9_standalone/qemu/qemu_args.txt
TRACE::2024-08-09.14:55:46::SCWPlatform::Trying to open the hw design at D:/Projects_Embedded/Closed_Loop/Vitis_3adc/3LFCC_3adc_platform/hw/Design_Closed_Loop_3adc.xsa
TRACE::2024-08-09.14:55:46::SCWPlatform::DSA given D:/Projects_Embedded/Closed_Loop/Vitis_3adc/3LFCC_3adc_platform/hw/Design_Closed_Loop_3adc.xsa
TRACE::2024-08-09.14:55:46::SCWPlatform::DSA absoulate path D:/Projects_Embedded/Closed_Loop/Vitis_3adc/3LFCC_3adc_platform/hw/Design_Closed_Loop_3adc.xsa
TRACE::2024-08-09.14:55:46::SCWPlatform::DSA directory D:/Projects_Embedded/Closed_Loop/Vitis_3adc/3LFCC_3adc_platform/hw
TRACE::2024-08-09.14:55:46::SCWPlatform:: Platform Path D:/Projects_Embedded/Closed_Loop/Vitis_3adc/3LFCC_3adc_platform/hw/Design_Closed_Loop_3adc.xsa
TRACE::2024-08-09.14:55:46::SCWPlatform:: Unique name xilinx:zybo::0.0
TRACE::2024-08-09.14:55:46::SCWPlatform::Trying to set the existing hwdb with name Design_Closed_Loop_wrapper_1
TRACE::2024-08-09.14:55:46::SCWPlatform::Opened existing hwdb Design_Closed_Loop_wrapper_1
TRACE::2024-08-09.14:55:46::SCWPlatform::Found the Hw Db part of the input DSA
TRACE::2024-08-09.14:55:46::SCWPlatform::Trying to open the hw design at D:/Projects_Embedded/Closed_Loop/Vitis_3adc/3LFCC_3adc_platform/hw/Design_Closed_Loop_3adc.xsa
TRACE::2024-08-09.14:55:46::SCWPlatform::DSA given D:/Projects_Embedded/Closed_Loop/Vitis_3adc/3LFCC_3adc_platform/hw/Design_Closed_Loop_3adc.xsa
TRACE::2024-08-09.14:55:46::SCWPlatform::DSA absoulate path D:/Projects_Embedded/Closed_Loop/Vitis_3adc/3LFCC_3adc_platform/hw/Design_Closed_Loop_3adc.xsa
TRACE::2024-08-09.14:55:46::SCWPlatform::DSA directory D:/Projects_Embedded/Closed_Loop/Vitis_3adc/3LFCC_3adc_platform/hw
TRACE::2024-08-09.14:55:46::SCWPlatform:: Platform Path D:/Projects_Embedded/Closed_Loop/Vitis_3adc/3LFCC_3adc_platform/hw/Design_Closed_Loop_3adc.xsa
TRACE::2024-08-09.14:55:46::SCWPlatform:: Unique name xilinx:zybo::0.0
TRACE::2024-08-09.14:55:46::SCWPlatform::Trying to set the existing hwdb with name Design_Closed_Loop_wrapper_1
TRACE::2024-08-09.14:55:46::SCWPlatform::Opened existing hwdb Design_Closed_Loop_wrapper_1
TRACE::2024-08-09.14:55:46::SCWPlatform::Found the Hw Db part of the input DSA
TRACE::2024-08-09.14:55:46::SCWPlatform::Trying to open the hw design at D:/Projects_Embedded/Closed_Loop/Vitis_3adc/3LFCC_3adc_platform/hw/Design_Closed_Loop_3adc.xsa
TRACE::2024-08-09.14:55:46::SCWPlatform::DSA given D:/Projects_Embedded/Closed_Loop/Vitis_3adc/3LFCC_3adc_platform/hw/Design_Closed_Loop_3adc.xsa
TRACE::2024-08-09.14:55:46::SCWPlatform::DSA absoulate path D:/Projects_Embedded/Closed_Loop/Vitis_3adc/3LFCC_3adc_platform/hw/Design_Closed_Loop_3adc.xsa
TRACE::2024-08-09.14:55:46::SCWPlatform::DSA directory D:/Projects_Embedded/Closed_Loop/Vitis_3adc/3LFCC_3adc_platform/hw
TRACE::2024-08-09.14:55:46::SCWPlatform:: Platform Path D:/Projects_Embedded/Closed_Loop/Vitis_3adc/3LFCC_3adc_platform/hw/Design_Closed_Loop_3adc.xsa
TRACE::2024-08-09.14:55:46::SCWPlatform:: Unique name xilinx:zybo::0.0
TRACE::2024-08-09.14:55:46::SCWPlatform::Trying to set the existing hwdb with name Design_Closed_Loop_wrapper_1
TRACE::2024-08-09.14:55:46::SCWPlatform::Opened existing hwdb Design_Closed_Loop_wrapper_1
TRACE::2024-08-09.14:55:46::SCWPlatform::Found the Hw Db part of the input DSA
TRACE::2024-08-09.14:55:46::SCWReader::Boot application domain added for zynq_fsbl
TRACE::2024-08-09.14:55:46::SCWPlatform::Trying to open the hw design at D:/Projects_Embedded/Closed_Loop/Vitis_3adc/3LFCC_3adc_platform/hw/Design_Closed_Loop_3adc.xsa
TRACE::2024-08-09.14:55:46::SCWPlatform::DSA given D:/Projects_Embedded/Closed_Loop/Vitis_3adc/3LFCC_3adc_platform/hw/Design_Closed_Loop_3adc.xsa
TRACE::2024-08-09.14:55:46::SCWPlatform::DSA absoulate path D:/Projects_Embedded/Closed_Loop/Vitis_3adc/3LFCC_3adc_platform/hw/Design_Closed_Loop_3adc.xsa
TRACE::2024-08-09.14:55:46::SCWPlatform::DSA directory D:/Projects_Embedded/Closed_Loop/Vitis_3adc/3LFCC_3adc_platform/hw
TRACE::2024-08-09.14:55:46::SCWPlatform:: Platform Path D:/Projects_Embedded/Closed_Loop/Vitis_3adc/3LFCC_3adc_platform/hw/Design_Closed_Loop_3adc.xsa
TRACE::2024-08-09.14:55:46::SCWPlatform:: Unique name xilinx:zybo::0.0
TRACE::2024-08-09.14:55:46::SCWPlatform::Trying to set the existing hwdb with name Design_Closed_Loop_wrapper_1
TRACE::2024-08-09.14:55:46::SCWPlatform::Opened existing hwdb Design_Closed_Loop_wrapper_1
TRACE::2024-08-09.14:55:46::SCWPlatform::Found the Hw Db part of the input DSA
TRACE::2024-08-09.14:55:46::SCWMssOS::Checking the sw design at  D:/Projects_Embedded/Closed_Loop/Vitis_3adc/3LFCC_3adc_platform/zynq_fsbl/zynq_fsbl_bsp/system.mss
TRACE::2024-08-09.14:55:46::SCWMssOS::DEBUG:  swdes dump  
TRACE::2024-08-09.14:55:46::SCWMssOS::No sw design opened at  D:/Projects_Embedded/Closed_Loop/Vitis_3adc/3LFCC_3adc_platform/zynq_fsbl/zynq_fsbl_bsp/system.mss
TRACE::2024-08-09.14:55:46::SCWMssOS::mss exists loading the mss file  D:/Projects_Embedded/Closed_Loop/Vitis_3adc/3LFCC_3adc_platform/zynq_fsbl/zynq_fsbl_bsp/system.mss
TRACE::2024-08-09.14:55:46::SCWMssOS::Opened the sw design from mss  D:/Projects_Embedded/Closed_Loop/Vitis_3adc/3LFCC_3adc_platform/zynq_fsbl/zynq_fsbl_bsp/system.mss
TRACE::2024-08-09.14:55:46::SCWMssOS::Adding the swdes entry D:/Projects_Embedded/Closed_Loop/Vitis_3adc/3LFCC_3adc_platform/zynq_fsbl/zynq_fsbl_bsp/system.mss with des name system
TRACE::2024-08-09.14:55:46::SCWMssOS::updating the scw layer about changes
TRACE::2024-08-09.14:55:46::SCWMssOS::Opened the sw design.  D:/Projects_Embedded/Closed_Loop/Vitis_3adc/3LFCC_3adc_platform/zynq_fsbl/zynq_fsbl_bsp/system.mss
TRACE::2024-08-09.14:55:46::SCWPlatform::Trying to open the hw design at D:/Projects_Embedded/Closed_Loop/Vitis_3adc/3LFCC_3adc_platform/hw/Design_Closed_Loop_3adc.xsa
TRACE::2024-08-09.14:55:46::SCWPlatform::DSA given D:/Projects_Embedded/Closed_Loop/Vitis_3adc/3LFCC_3adc_platform/hw/Design_Closed_Loop_3adc.xsa
TRACE::2024-08-09.14:55:46::SCWPlatform::DSA absoulate path D:/Projects_Embedded/Closed_Loop/Vitis_3adc/3LFCC_3adc_platform/hw/Design_Closed_Loop_3adc.xsa
TRACE::2024-08-09.14:55:46::SCWPlatform::DSA directory D:/Projects_Embedded/Closed_Loop/Vitis_3adc/3LFCC_3adc_platform/hw
TRACE::2024-08-09.14:55:46::SCWPlatform:: Platform Path D:/Projects_Embedded/Closed_Loop/Vitis_3adc/3LFCC_3adc_platform/hw/Design_Closed_Loop_3adc.xsa
TRACE::2024-08-09.14:55:46::SCWPlatform:: Unique name xilinx:zybo::0.0
TRACE::2024-08-09.14:55:46::SCWPlatform::Trying to set the existing hwdb with name Design_Closed_Loop_wrapper_1
TRACE::2024-08-09.14:55:46::SCWPlatform::Opened existing hwdb Design_Closed_Loop_wrapper_1
TRACE::2024-08-09.14:55:46::SCWPlatform::Found the Hw Db part of the input DSA
TRACE::2024-08-09.14:55:46::SCWMssOS::Checking the sw design at  D:/Projects_Embedded/Closed_Loop/Vitis_3adc/3LFCC_3adc_platform/zynq_fsbl/zynq_fsbl_bsp/system.mss
TRACE::2024-08-09.14:55:46::SCWMssOS::DEBUG:  swdes dump  D:/Projects_Embedded/Closed_Loop/Vitis_3adc/3LFCC_3adc_platform/zynq_fsbl/zynq_fsbl_bsp/system.mss|system||

TRACE::2024-08-09.14:55:46::SCWMssOS::Sw design exists and opened at  D:/Projects_Embedded/Closed_Loop/Vitis_3adc/3LFCC_3adc_platform/zynq_fsbl/zynq_fsbl_bsp/system.mss
TRACE::2024-08-09.14:55:46::SCWMssOS:: library already available in sw design:  xilffs:5.1
TRACE::2024-08-09.14:55:46::SCWPlatform::Trying to open the hw design at D:/Projects_Embedded/Closed_Loop/Vitis_3adc/3LFCC_3adc_platform/hw/Design_Closed_Loop_3adc.xsa
TRACE::2024-08-09.14:55:46::SCWPlatform::DSA given D:/Projects_Embedded/Closed_Loop/Vitis_3adc/3LFCC_3adc_platform/hw/Design_Closed_Loop_3adc.xsa
TRACE::2024-08-09.14:55:46::SCWPlatform::DSA absoulate path D:/Projects_Embedded/Closed_Loop/Vitis_3adc/3LFCC_3adc_platform/hw/Design_Closed_Loop_3adc.xsa
TRACE::2024-08-09.14:55:46::SCWPlatform::DSA directory D:/Projects_Embedded/Closed_Loop/Vitis_3adc/3LFCC_3adc_platform/hw
TRACE::2024-08-09.14:55:46::SCWPlatform:: Platform Path D:/Projects_Embedded/Closed_Loop/Vitis_3adc/3LFCC_3adc_platform/hw/Design_Closed_Loop_3adc.xsa
TRACE::2024-08-09.14:55:46::SCWPlatform:: Unique name xilinx:zybo::0.0
TRACE::2024-08-09.14:55:46::SCWPlatform::Trying to set the existing hwdb with name Design_Closed_Loop_wrapper_1
TRACE::2024-08-09.14:55:46::SCWPlatform::Opened existing hwdb Design_Closed_Loop_wrapper_1
TRACE::2024-08-09.14:55:46::SCWPlatform::Found the Hw Db part of the input DSA
TRACE::2024-08-09.14:55:46::SCWMssOS::Checking the sw design at  D:/Projects_Embedded/Closed_Loop/Vitis_3adc/3LFCC_3adc_platform/zynq_fsbl/zynq_fsbl_bsp/system.mss
TRACE::2024-08-09.14:55:46::SCWMssOS::DEBUG:  swdes dump  D:/Projects_Embedded/Closed_Loop/Vitis_3adc/3LFCC_3adc_platform/zynq_fsbl/zynq_fsbl_bsp/system.mss|system||

TRACE::2024-08-09.14:55:46::SCWMssOS::Sw design exists and opened at  D:/Projects_Embedded/Closed_Loop/Vitis_3adc/3LFCC_3adc_platform/zynq_fsbl/zynq_fsbl_bsp/system.mss
TRACE::2024-08-09.14:55:46::SCWMssOS:: library already available in sw design:  xilrsa:1.7
TRACE::2024-08-09.14:55:46::SCWMssOS::Saving the mss changes D:/Projects_Embedded/Closed_Loop/Vitis_3adc/3LFCC_3adc_platform/zynq_fsbl/zynq_fsbl_bsp/system.mss
TRACE::2024-08-09.14:55:46::SCWMssOS::Found a swdesign opened with the mssfile.
TRACE::2024-08-09.14:55:46::SCWMssOS::Completed writemss as part of save.
TRACE::2024-08-09.14:55:46::SCWMssOS::Commit changes completed.
TRACE::2024-08-09.14:55:46::SCWReader::Adding prebuilt librarypaths as   
TRACE::2024-08-09.14:55:46::SCWReader::Adding prebuilt incpaths  as   
TRACE::2024-08-09.14:55:46::SCWPlatform::Trying to open the hw design at D:/Projects_Embedded/Closed_Loop/Vitis_3adc/3LFCC_3adc_platform/hw/Design_Closed_Loop_3adc.xsa
TRACE::2024-08-09.14:55:46::SCWPlatform::DSA given D:/Projects_Embedded/Closed_Loop/Vitis_3adc/3LFCC_3adc_platform/hw/Design_Closed_Loop_3adc.xsa
TRACE::2024-08-09.14:55:46::SCWPlatform::DSA absoulate path D:/Projects_Embedded/Closed_Loop/Vitis_3adc/3LFCC_3adc_platform/hw/Design_Closed_Loop_3adc.xsa
TRACE::2024-08-09.14:55:46::SCWPlatform::DSA directory D:/Projects_Embedded/Closed_Loop/Vitis_3adc/3LFCC_3adc_platform/hw
TRACE::2024-08-09.14:55:46::SCWPlatform:: Platform Path D:/Projects_Embedded/Closed_Loop/Vitis_3adc/3LFCC_3adc_platform/hw/Design_Closed_Loop_3adc.xsa
TRACE::2024-08-09.14:55:46::SCWPlatform:: Unique name xilinx:zybo::0.0
TRACE::2024-08-09.14:55:46::SCWPlatform::Trying to set the existing hwdb with name Design_Closed_Loop_wrapper_1
TRACE::2024-08-09.14:55:46::SCWPlatform::Opened existing hwdb Design_Closed_Loop_wrapper_1
TRACE::2024-08-09.14:55:46::SCWPlatform::Found the Hw Db part of the input DSA
TRACE::2024-08-09.14:55:46::SCWMssOS::Checking the sw design at  D:/Projects_Embedded/Closed_Loop/Vitis_3adc/3LFCC_3adc_platform/zynq_fsbl/zynq_fsbl_bsp/system.mss
TRACE::2024-08-09.14:55:46::SCWMssOS::DEBUG:  swdes dump  D:/Projects_Embedded/Closed_Loop/Vitis_3adc/3LFCC_3adc_platform/zynq_fsbl/zynq_fsbl_bsp/system.mss|system||

TRACE::2024-08-09.14:55:46::SCWMssOS::Sw design exists and opened at  D:/Projects_Embedded/Closed_Loop/Vitis_3adc/3LFCC_3adc_platform/zynq_fsbl/zynq_fsbl_bsp/system.mss
TRACE::2024-08-09.14:55:46::SCWReader::No isolation master present  
TRACE::2024-08-09.14:55:46::SCWDomain::checking for install qemu data   : 
TRACE::2024-08-09.14:55:46::SCWDomain:: Using the QEMU Data from install at  : D:/Xilinx/Vitis/2023.2/data/emulation/platforms/zynq/sw/a9_standalone/qemu/
TRACE::2024-08-09.14:55:46::SCWDomain:: Using the QEMU args  from install at  : D:/Xilinx/Vitis/2023.2/data/emulation/platforms/zynq/sw/a9_standalone/qemu/qemu_args.txt
TRACE::2024-08-09.14:55:46::SCWPlatform::Trying to open the hw design at D:/Projects_Embedded/Closed_Loop/Vitis_3adc/3LFCC_3adc_platform/hw/Design_Closed_Loop_3adc.xsa
TRACE::2024-08-09.14:55:46::SCWPlatform::DSA given D:/Projects_Embedded/Closed_Loop/Vitis_3adc/3LFCC_3adc_platform/hw/Design_Closed_Loop_3adc.xsa
TRACE::2024-08-09.14:55:46::SCWPlatform::DSA absoulate path D:/Projects_Embedded/Closed_Loop/Vitis_3adc/3LFCC_3adc_platform/hw/Design_Closed_Loop_3adc.xsa
TRACE::2024-08-09.14:55:46::SCWPlatform::DSA directory D:/Projects_Embedded/Closed_Loop/Vitis_3adc/3LFCC_3adc_platform/hw
TRACE::2024-08-09.14:55:46::SCWPlatform:: Platform Path D:/Projects_Embedded/Closed_Loop/Vitis_3adc/3LFCC_3adc_platform/hw/Design_Closed_Loop_3adc.xsa
TRACE::2024-08-09.14:55:46::SCWPlatform:: Unique name xilinx:zybo::0.0
TRACE::2024-08-09.14:55:46::SCWPlatform::Trying to set the existing hwdb with name Design_Closed_Loop_wrapper_1
TRACE::2024-08-09.14:55:46::SCWPlatform::Opened existing hwdb Design_Closed_Loop_wrapper_1
TRACE::2024-08-09.14:55:46::SCWPlatform::Found the Hw Db part of the input DSA
TRACE::2024-08-09.14:55:46::SCWPlatform::Trying to open the hw design at D:/Projects_Embedded/Closed_Loop/Vitis_3adc/3LFCC_3adc_platform/hw/Design_Closed_Loop_3adc.xsa
TRACE::2024-08-09.14:55:46::SCWPlatform::DSA given D:/Projects_Embedded/Closed_Loop/Vitis_3adc/3LFCC_3adc_platform/hw/Design_Closed_Loop_3adc.xsa
TRACE::2024-08-09.14:55:46::SCWPlatform::DSA absoulate path D:/Projects_Embedded/Closed_Loop/Vitis_3adc/3LFCC_3adc_platform/hw/Design_Closed_Loop_3adc.xsa
TRACE::2024-08-09.14:55:46::SCWPlatform::DSA directory D:/Projects_Embedded/Closed_Loop/Vitis_3adc/3LFCC_3adc_platform/hw
TRACE::2024-08-09.14:55:46::SCWPlatform:: Platform Path D:/Projects_Embedded/Closed_Loop/Vitis_3adc/3LFCC_3adc_platform/hw/Design_Closed_Loop_3adc.xsa
TRACE::2024-08-09.14:55:46::SCWPlatform:: Unique name xilinx:zybo::0.0
TRACE::2024-08-09.14:55:46::SCWPlatform::Trying to set the existing hwdb with name Design_Closed_Loop_wrapper_1
TRACE::2024-08-09.14:55:46::SCWPlatform::Opened existing hwdb Design_Closed_Loop_wrapper_1
TRACE::2024-08-09.14:55:46::SCWPlatform::Found the Hw Db part of the input DSA
TRACE::2024-08-09.14:55:46::SCWPlatform::Trying to open the hw design at D:/Projects_Embedded/Closed_Loop/Vitis_3adc/3LFCC_3adc_platform/hw/Design_Closed_Loop_3adc.xsa
TRACE::2024-08-09.14:55:46::SCWPlatform::DSA given D:/Projects_Embedded/Closed_Loop/Vitis_3adc/3LFCC_3adc_platform/hw/Design_Closed_Loop_3adc.xsa
TRACE::2024-08-09.14:55:46::SCWPlatform::DSA absoulate path D:/Projects_Embedded/Closed_Loop/Vitis_3adc/3LFCC_3adc_platform/hw/Design_Closed_Loop_3adc.xsa
TRACE::2024-08-09.14:55:46::SCWPlatform::DSA directory D:/Projects_Embedded/Closed_Loop/Vitis_3adc/3LFCC_3adc_platform/hw
TRACE::2024-08-09.14:55:46::SCWPlatform:: Platform Path D:/Projects_Embedded/Closed_Loop/Vitis_3adc/3LFCC_3adc_platform/hw/Design_Closed_Loop_3adc.xsa
TRACE::2024-08-09.14:55:46::SCWPlatform:: Unique name xilinx:zybo::0.0
TRACE::2024-08-09.14:55:46::SCWPlatform::Trying to set the existing hwdb with name Design_Closed_Loop_wrapper_1
TRACE::2024-08-09.14:55:46::SCWPlatform::Opened existing hwdb Design_Closed_Loop_wrapper_1
TRACE::2024-08-09.14:55:46::SCWPlatform::Found the Hw Db part of the input DSA
TRACE::2024-08-09.14:55:46::SCWMssOS::Checking the sw design at  D:/Projects_Embedded/Closed_Loop/Vitis_3adc/3LFCC_3adc_platform/ps7_cortexa9_0/standalone_domain/bsp/system.mss
TRACE::2024-08-09.14:55:46::SCWMssOS::DEBUG:  swdes dump  D:/Projects_Embedded/Closed_Loop/Vitis_3adc/3LFCC_3adc_platform/zynq_fsbl/zynq_fsbl_bsp/system.mss|system||

TRACE::2024-08-09.14:55:46::SCWMssOS::No sw design opened at  D:/Projects_Embedded/Closed_Loop/Vitis_3adc/3LFCC_3adc_platform/ps7_cortexa9_0/standalone_domain/bsp/system.mss
TRACE::2024-08-09.14:55:46::SCWMssOS::mss exists loading the mss file  D:/Projects_Embedded/Closed_Loop/Vitis_3adc/3LFCC_3adc_platform/ps7_cortexa9_0/standalone_domain/bsp/system.mss
TRACE::2024-08-09.14:55:46::SCWMssOS::Opened the sw design from mss  D:/Projects_Embedded/Closed_Loop/Vitis_3adc/3LFCC_3adc_platform/ps7_cortexa9_0/standalone_domain/bsp/system.mss
TRACE::2024-08-09.14:55:46::SCWMssOS::Adding the swdes entry D:/Projects_Embedded/Closed_Loop/Vitis_3adc/3LFCC_3adc_platform/ps7_cortexa9_0/standalone_domain/bsp/system.mss with des name system_0
TRACE::2024-08-09.14:55:46::SCWMssOS::updating the scw layer about changes
TRACE::2024-08-09.14:55:46::SCWMssOS::Opened the sw design.  D:/Projects_Embedded/Closed_Loop/Vitis_3adc/3LFCC_3adc_platform/ps7_cortexa9_0/standalone_domain/bsp/system.mss
TRACE::2024-08-09.14:55:46::SCWMssOS::Saving the mss changes D:/Projects_Embedded/Closed_Loop/Vitis_3adc/3LFCC_3adc_platform/ps7_cortexa9_0/standalone_domain/bsp/system.mss
TRACE::2024-08-09.14:55:46::SCWMssOS::Found a swdesign opened with the mssfile.
TRACE::2024-08-09.14:55:46::SCWMssOS::Completed writemss as part of save.
TRACE::2024-08-09.14:55:46::SCWMssOS::Commit changes completed.
TRACE::2024-08-09.14:55:46::SCWReader::Adding prebuilt librarypaths as   
TRACE::2024-08-09.14:55:46::SCWReader::Adding prebuilt incpaths  as   
TRACE::2024-08-09.14:55:46::SCWPlatform::Trying to open the hw design at D:/Projects_Embedded/Closed_Loop/Vitis_3adc/3LFCC_3adc_platform/hw/Design_Closed_Loop_3adc.xsa
TRACE::2024-08-09.14:55:46::SCWPlatform::DSA given D:/Projects_Embedded/Closed_Loop/Vitis_3adc/3LFCC_3adc_platform/hw/Design_Closed_Loop_3adc.xsa
TRACE::2024-08-09.14:55:46::SCWPlatform::DSA absoulate path D:/Projects_Embedded/Closed_Loop/Vitis_3adc/3LFCC_3adc_platform/hw/Design_Closed_Loop_3adc.xsa
TRACE::2024-08-09.14:55:46::SCWPlatform::DSA directory D:/Projects_Embedded/Closed_Loop/Vitis_3adc/3LFCC_3adc_platform/hw
TRACE::2024-08-09.14:55:46::SCWPlatform:: Platform Path D:/Projects_Embedded/Closed_Loop/Vitis_3adc/3LFCC_3adc_platform/hw/Design_Closed_Loop_3adc.xsa
TRACE::2024-08-09.14:55:46::SCWPlatform:: Unique name xilinx:zybo::0.0
TRACE::2024-08-09.14:55:46::SCWPlatform::Trying to set the existing hwdb with name Design_Closed_Loop_wrapper_1
TRACE::2024-08-09.14:55:46::SCWPlatform::Opened existing hwdb Design_Closed_Loop_wrapper_1
TRACE::2024-08-09.14:55:46::SCWPlatform::Found the Hw Db part of the input DSA
TRACE::2024-08-09.14:55:46::SCWMssOS::Checking the sw design at  D:/Projects_Embedded/Closed_Loop/Vitis_3adc/3LFCC_3adc_platform/ps7_cortexa9_0/standalone_domain/bsp/system.mss
TRACE::2024-08-09.14:55:46::SCWMssOS::DEBUG:  swdes dump  D:/Projects_Embedded/Closed_Loop/Vitis_3adc/3LFCC_3adc_platform/ps7_cortexa9_0/standalone_domain/bsp/system.mss|system_0||
D:/Projects_Embedded/Closed_Loop/Vitis_3adc/3LFCC_3adc_platform/zynq_fsbl/zynq_fsbl_bsp/system.mss|system||

TRACE::2024-08-09.14:55:46::SCWMssOS::Sw design exists and opened at  D:/Projects_Embedded/Closed_Loop/Vitis_3adc/3LFCC_3adc_platform/ps7_cortexa9_0/standalone_domain/bsp/system.mss
TRACE::2024-08-09.14:55:46::SCWReader::No isolation master present  
LOG::2024-08-09.14:55:54::SCWPlatform::Started generating the artifacts platform 3LFCC_3adc_platform
TRACE::2024-08-09.14:55:54::SCWPlatform::Sanity checking of platform is completed
LOG::2024-08-09.14:55:54::SCWPlatform::Started generating the artifacts for system configuration 3LFCC_3adc_platform
LOG::2024-08-09.14:55:54::SCWSystem::Checking the domain zynq_fsbl
LOG::2024-08-09.14:55:54::SCWSystem::Doing application build for :  zynq_fsbl
TRACE::2024-08-09.14:55:54::SCWBDomain::Not a forced makefile updation, No changes are present. 
TRACE::2024-08-09.14:55:54::SCWDomain::Building the domain as part of full build :  zynq_fsbl
TRACE::2024-08-09.14:55:54::SCWPlatform::Trying to open the hw design at D:/Projects_Embedded/Closed_Loop/Vitis_3adc/3LFCC_3adc_platform/hw/Design_Closed_Loop_3adc.xsa
TRACE::2024-08-09.14:55:54::SCWPlatform::DSA given D:/Projects_Embedded/Closed_Loop/Vitis_3adc/3LFCC_3adc_platform/hw/Design_Closed_Loop_3adc.xsa
TRACE::2024-08-09.14:55:54::SCWPlatform::DSA absoulate path D:/Projects_Embedded/Closed_Loop/Vitis_3adc/3LFCC_3adc_platform/hw/Design_Closed_Loop_3adc.xsa
TRACE::2024-08-09.14:55:54::SCWPlatform::DSA directory D:/Projects_Embedded/Closed_Loop/Vitis_3adc/3LFCC_3adc_platform/hw
TRACE::2024-08-09.14:55:54::SCWPlatform:: Platform Path D:/Projects_Embedded/Closed_Loop/Vitis_3adc/3LFCC_3adc_platform/hw/Design_Closed_Loop_3adc.xsa
TRACE::2024-08-09.14:55:54::SCWPlatform:: Unique name xilinx:zybo::0.0
TRACE::2024-08-09.14:55:54::SCWPlatform::Trying to set the existing hwdb with name Design_Closed_Loop_wrapper_1
TRACE::2024-08-09.14:55:54::SCWPlatform::Opened existing hwdb Design_Closed_Loop_wrapper_1
TRACE::2024-08-09.14:55:54::SCWPlatform::Found the Hw Db part of the input DSA
TRACE::2024-08-09.14:55:54::SCWMssOS::Checking the sw design at  D:/Projects_Embedded/Closed_Loop/Vitis_3adc/3LFCC_3adc_platform/zynq_fsbl/zynq_fsbl_bsp/system.mss
TRACE::2024-08-09.14:55:54::SCWMssOS::DEBUG:  swdes dump  D:/Projects_Embedded/Closed_Loop/Vitis_3adc/3LFCC_3adc_platform/ps7_cortexa9_0/standalone_domain/bsp/system.mss|system_0||
D:/Projects_Embedded/Closed_Loop/Vitis_3adc/3LFCC_3adc_platform/zynq_fsbl/zynq_fsbl_bsp/system.mss|system||

TRACE::2024-08-09.14:55:54::SCWMssOS::Sw design exists and opened at  D:/Projects_Embedded/Closed_Loop/Vitis_3adc/3LFCC_3adc_platform/zynq_fsbl/zynq_fsbl_bsp/system.mss
TRACE::2024-08-09.14:55:54::SCWBDomain::Completed writing the mss file at D:/Projects_Embedded/Closed_Loop/Vitis_3adc/3LFCC_3adc_platform/zynq_fsbl/zynq_fsbl_bsp
TRACE::2024-08-09.14:55:54::SCWBDomain::bsp generated is upto date with the mss file. Skipping bsp generation.
TRACE::2024-08-09.14:55:54::SCWBDomain::Not a forced makefile updation, No changes are present. 
TRACE::2024-08-09.14:55:54::SCWBDomain::System Command Ran  D:&  cd  D:/Projects_Embedded/Closed_Loop/Vitis_3adc/3LFCC_3adc_platform/zynq_fsbl& make -C  zynq_fsbl_bsp & make 
TRACE::2024-08-09.14:55:55::SCWBDomain::make: Entering directory 'D:/Projects_Embedded/Closed_Loop/Vitis_3adc/3LFCC_3adc_platform/zynq_fsbl/zynq_fsbl_bsp'

TRACE::2024-08-09.14:55:55::SCWBDomain::make --no-print-directory seq_libs

TRACE::2024-08-09.14:55:55::SCWBDomain::"Running Make include in ps7_cortexa9_0/libsrc/clk_wiz_v1_6/src"

TRACE::2024-08-09.14:55:55::SCWBDomain::make -C ps7_cortexa9_0/libsrc/clk_wiz_v1_6/src -s include  "SHELL=CMD" "COMPILER=arm-none-eabi-gcc" "ASSEMBLER=arm-none-eabi-as
TRACE::2024-08-09.14:55:55::SCWBDomain::" "ARCHIVER=arm-none-eabi-ar" "COMPILER_FLAGS=  -O2 -c" "EXTRA_COMPILER_FLAGS=-mcpu=cortex-a9 -mfpu=vfpv3 -mfloat-abi=hard -nos
TRACE::2024-08-09.14:55:55::SCWBDomain::tartfiles -g -Wall -Wextra -fno-tree-loop-distribute-patterns"

TRACE::2024-08-09.14:55:55::SCWBDomain::"Running Make include in ps7_cortexa9_0/libsrc/coresightps_dcc_v1_9/src"

TRACE::2024-08-09.14:55:55::SCWBDomain::make -C ps7_cortexa9_0/libsrc/coresightps_dcc_v1_9/src -s include  "SHELL=CMD" "COMPILER=arm-none-eabi-gcc" "ASSEMBLER=arm-none
TRACE::2024-08-09.14:55:55::SCWBDomain::-eabi-as" "ARCHIVER=arm-none-eabi-ar" "COMPILER_FLAGS=  -O2 -c" "EXTRA_COMPILER_FLAGS=-mcpu=cortex-a9 -mfpu=vfpv3 -mfloat-abi=h
TRACE::2024-08-09.14:55:55::SCWBDomain::ard -nostartfiles -g -Wall -Wextra -fno-tree-loop-distribute-patterns"

TRACE::2024-08-09.14:55:55::SCWBDomain::"Running Make include in ps7_cortexa9_0/libsrc/cpu_cortexa9_v2_12/src"

TRACE::2024-08-09.14:55:55::SCWBDomain::make -C ps7_cortexa9_0/libsrc/cpu_cortexa9_v2_12/src -s include  "SHELL=CMD" "COMPILER=arm-none-eabi-gcc" "ASSEMBLER=arm-none-e
TRACE::2024-08-09.14:55:55::SCWBDomain::abi-as" "ARCHIVER=arm-none-eabi-ar" "COMPILER_FLAGS=  -O2 -c" "EXTRA_COMPILER_FLAGS=-mcpu=cortex-a9 -mfpu=vfpv3 -mfloat-abi=har
TRACE::2024-08-09.14:55:55::SCWBDomain::d -nostartfiles -g -Wall -Wextra -fno-tree-loop-distribute-patterns"

TRACE::2024-08-09.14:55:55::SCWBDomain::"Running Make include in ps7_cortexa9_0/libsrc/ddrps_v1_2/src"

TRACE::2024-08-09.14:55:55::SCWBDomain::make -C ps7_cortexa9_0/libsrc/ddrps_v1_2/src -s include  "SHELL=CMD" "COMPILER=arm-none-eabi-gcc" "ASSEMBLER=arm-none-eabi-as" 
TRACE::2024-08-09.14:55:55::SCWBDomain::"ARCHIVER=arm-none-eabi-ar" "COMPILER_FLAGS=  -O2 -c" "EXTRA_COMPILER_FLAGS=-mcpu=cortex-a9 -mfpu=vfpv3 -mfloat-abi=hard -nosta
TRACE::2024-08-09.14:55:55::SCWBDomain::rtfiles -g -Wall -Wextra -fno-tree-loop-distribute-patterns"

TRACE::2024-08-09.14:55:55::SCWBDomain::"Running Make include in ps7_cortexa9_0/libsrc/devcfg_v3_8/src"

TRACE::2024-08-09.14:55:55::SCWBDomain::make -C ps7_cortexa9_0/libsrc/devcfg_v3_8/src -s include  "SHELL=CMD" "COMPILER=arm-none-eabi-gcc" "ASSEMBLER=arm-none-eabi-as"
TRACE::2024-08-09.14:55:55::SCWBDomain:: "ARCHIVER=arm-none-eabi-ar" "COMPILER_FLAGS=  -O2 -c" "EXTRA_COMPILER_FLAGS=-mcpu=cortex-a9 -mfpu=vfpv3 -mfloat-abi=hard -nost
TRACE::2024-08-09.14:55:55::SCWBDomain::artfiles -g -Wall -Wextra -fno-tree-loop-distribute-patterns"

TRACE::2024-08-09.14:55:55::SCWBDomain::"Running Make include in ps7_cortexa9_0/libsrc/dmaps_v2_9/src"

TRACE::2024-08-09.14:55:55::SCWBDomain::make -C ps7_cortexa9_0/libsrc/dmaps_v2_9/src -s include  "SHELL=CMD" "COMPILER=arm-none-eabi-gcc" "ASSEMBLER=arm-none-eabi-as" 
TRACE::2024-08-09.14:55:55::SCWBDomain::"ARCHIVER=arm-none-eabi-ar" "COMPILER_FLAGS=  -O2 -c" "EXTRA_COMPILER_FLAGS=-mcpu=cortex-a9 -mfpu=vfpv3 -mfloat-abi=hard -nosta
TRACE::2024-08-09.14:55:55::SCWBDomain::rtfiles -g -Wall -Wextra -fno-tree-loop-distribute-patterns"

TRACE::2024-08-09.14:55:55::SCWBDomain::"Running Make include in ps7_cortexa9_0/libsrc/emacps_v3_19/src"

TRACE::2024-08-09.14:55:55::SCWBDomain::make -C ps7_cortexa9_0/libsrc/emacps_v3_19/src -s include  "SHELL=CMD" "COMPILER=arm-none-eabi-gcc" "ASSEMBLER=arm-none-eabi-as
TRACE::2024-08-09.14:55:55::SCWBDomain::" "ARCHIVER=arm-none-eabi-ar" "COMPILER_FLAGS=  -O2 -c" "EXTRA_COMPILER_FLAGS=-mcpu=cortex-a9 -mfpu=vfpv3 -mfloat-abi=hard -nos
TRACE::2024-08-09.14:55:55::SCWBDomain::tartfiles -g -Wall -Wextra -fno-tree-loop-distribute-patterns"

TRACE::2024-08-09.14:55:56::SCWBDomain::"Running Make include in ps7_cortexa9_0/libsrc/gpiops_v3_12/src"

TRACE::2024-08-09.14:55:56::SCWBDomain::make -C ps7_cortexa9_0/libsrc/gpiops_v3_12/src -s include  "SHELL=CMD" "COMPILER=arm-none-eabi-gcc" "ASSEMBLER=arm-none-eabi-as
TRACE::2024-08-09.14:55:56::SCWBDomain::" "ARCHIVER=arm-none-eabi-ar" "COMPILER_FLAGS=  -O2 -c" "EXTRA_COMPILER_FLAGS=-mcpu=cortex-a9 -mfpu=vfpv3 -mfloat-abi=hard -nos
TRACE::2024-08-09.14:55:56::SCWBDomain::tartfiles -g -Wall -Wextra -fno-tree-loop-distribute-patterns"

TRACE::2024-08-09.14:55:56::SCWBDomain::"Running Make include in ps7_cortexa9_0/libsrc/PS_to_Regs_v1_0/src"

TRACE::2024-08-09.14:55:56::SCWBDomain::make -C ps7_cortexa9_0/libsrc/PS_to_Regs_v1_0/src -s include  "SHELL=CMD" "COMPILER=arm-none-eabi-gcc" "ASSEMBLER=arm-none-eabi
TRACE::2024-08-09.14:55:56::SCWBDomain::-as" "ARCHIVER=arm-none-eabi-ar" "COMPILER_FLAGS=  -O2 -c" "EXTRA_COMPILER_FLAGS=-mcpu=cortex-a9 -mfpu=vfpv3 -mfloat-abi=hard -
TRACE::2024-08-09.14:55:56::SCWBDomain::nostartfiles -g -Wall -Wextra -fno-tree-loop-distribute-patterns"

TRACE::2024-08-09.14:55:56::SCWBDomain::"Running Make include in ps7_cortexa9_0/libsrc/qspips_v3_11/src"

TRACE::2024-08-09.14:55:56::SCWBDomain::make -C ps7_cortexa9_0/libsrc/qspips_v3_11/src -s include  "SHELL=CMD" "COMPILER=arm-none-eabi-gcc" "ASSEMBLER=arm-none-eabi-as
TRACE::2024-08-09.14:55:56::SCWBDomain::" "ARCHIVER=arm-none-eabi-ar" "COMPILER_FLAGS=  -O2 -c" "EXTRA_COMPILER_FLAGS=-mcpu=cortex-a9 -mfpu=vfpv3 -mfloat-abi=hard -nos
TRACE::2024-08-09.14:55:56::SCWBDomain::tartfiles -g -Wall -Wextra -fno-tree-loop-distribute-patterns"

TRACE::2024-08-09.14:55:56::SCWBDomain::"Running Make include in ps7_cortexa9_0/libsrc/scugic_v5_2/src"

TRACE::2024-08-09.14:55:56::SCWBDomain::make -C ps7_cortexa9_0/libsrc/scugic_v5_2/src -s include  "SHELL=CMD" "COMPILER=arm-none-eabi-gcc" "ASSEMBLER=arm-none-eabi-as"
TRACE::2024-08-09.14:55:56::SCWBDomain:: "ARCHIVER=arm-none-eabi-ar" "COMPILER_FLAGS=  -O2 -c" "EXTRA_COMPILER_FLAGS=-mcpu=cortex-a9 -mfpu=vfpv3 -mfloat-abi=hard -nost
TRACE::2024-08-09.14:55:56::SCWBDomain::artfiles -g -Wall -Wextra -fno-tree-loop-distribute-patterns"

TRACE::2024-08-09.14:55:56::SCWBDomain::"Running Make include in ps7_cortexa9_0/libsrc/scutimer_v2_5/src"

TRACE::2024-08-09.14:55:56::SCWBDomain::make -C ps7_cortexa9_0/libsrc/scutimer_v2_5/src -s include  "SHELL=CMD" "COMPILER=arm-none-eabi-gcc" "ASSEMBLER=arm-none-eabi-a
TRACE::2024-08-09.14:55:56::SCWBDomain::s" "ARCHIVER=arm-none-eabi-ar" "COMPILER_FLAGS=  -O2 -c" "EXTRA_COMPILER_FLAGS=-mcpu=cortex-a9 -mfpu=vfpv3 -mfloat-abi=hard -no
TRACE::2024-08-09.14:55:56::SCWBDomain::startfiles -g -Wall -Wextra -fno-tree-loop-distribute-patterns"

TRACE::2024-08-09.14:55:56::SCWBDomain::"Running Make include in ps7_cortexa9_0/libsrc/scuwdt_v2_5/src"

TRACE::2024-08-09.14:55:56::SCWBDomain::make -C ps7_cortexa9_0/libsrc/scuwdt_v2_5/src -s include  "SHELL=CMD" "COMPILER=arm-none-eabi-gcc" "ASSEMBLER=arm-none-eabi-as"
TRACE::2024-08-09.14:55:56::SCWBDomain:: "ARCHIVER=arm-none-eabi-ar" "COMPILER_FLAGS=  -O2 -c" "EXTRA_COMPILER_FLAGS=-mcpu=cortex-a9 -mfpu=vfpv3 -mfloat-abi=hard -nost
TRACE::2024-08-09.14:55:56::SCWBDomain::artfiles -g -Wall -Wextra -fno-tree-loop-distribute-patterns"

TRACE::2024-08-09.14:55:56::SCWBDomain::"Running Make include in ps7_cortexa9_0/libsrc/sdps_v4_2/src"

TRACE::2024-08-09.14:55:56::SCWBDomain::make -C ps7_cortexa9_0/libsrc/sdps_v4_2/src -s include  "SHELL=CMD" "COMPILER=arm-none-eabi-gcc" "ASSEMBLER=arm-none-eabi-as" "
TRACE::2024-08-09.14:55:56::SCWBDomain::ARCHIVER=arm-none-eabi-ar" "COMPILER_FLAGS=  -O2 -c" "EXTRA_COMPILER_FLAGS=-mcpu=cortex-a9 -mfpu=vfpv3 -mfloat-abi=hard -nostar
TRACE::2024-08-09.14:55:56::SCWBDomain::tfiles -g -Wall -Wextra -fno-tree-loop-distribute-patterns"

TRACE::2024-08-09.14:55:56::SCWBDomain::"Running Make include in ps7_cortexa9_0/libsrc/standalone_v9_0/src"

TRACE::2024-08-09.14:55:56::SCWBDomain::make -C ps7_cortexa9_0/libsrc/standalone_v9_0/src -s include  "SHELL=CMD" "COMPILER=arm-none-eabi-gcc" "ASSEMBLER=arm-none-eabi
TRACE::2024-08-09.14:55:56::SCWBDomain::-as" "ARCHIVER=arm-none-eabi-ar" "COMPILER_FLAGS=  -O2 -c" "EXTRA_COMPILER_FLAGS=-mcpu=cortex-a9 -mfpu=vfpv3 -mfloat-abi=hard -
TRACE::2024-08-09.14:55:56::SCWBDomain::nostartfiles -g -Wall -Wextra -fno-tree-loop-distribute-patterns"

TRACE::2024-08-09.14:55:57::SCWBDomain::"Running Make include in ps7_cortexa9_0/libsrc/sysmon_v7_8/src"

TRACE::2024-08-09.14:55:57::SCWBDomain::make -C ps7_cortexa9_0/libsrc/sysmon_v7_8/src -s include  "SHELL=CMD" "COMPILER=arm-none-eabi-gcc" "ASSEMBLER=arm-none-eabi-as"
TRACE::2024-08-09.14:55:57::SCWBDomain:: "ARCHIVER=arm-none-eabi-ar" "COMPILER_FLAGS=  -O2 -c" "EXTRA_COMPILER_FLAGS=-mcpu=cortex-a9 -mfpu=vfpv3 -mfloat-abi=hard -nost
TRACE::2024-08-09.14:55:57::SCWBDomain::artfiles -g -Wall -Wextra -fno-tree-loop-distribute-patterns"

TRACE::2024-08-09.14:55:57::SCWBDomain::"Running Make include in ps7_cortexa9_0/libsrc/ttcps_v3_18/src"

TRACE::2024-08-09.14:55:57::SCWBDomain::make -C ps7_cortexa9_0/libsrc/ttcps_v3_18/src -s include  "SHELL=CMD" "COMPILER=arm-none-eabi-gcc" "ASSEMBLER=arm-none-eabi-as"
TRACE::2024-08-09.14:55:57::SCWBDomain:: "ARCHIVER=arm-none-eabi-ar" "COMPILER_FLAGS=  -O2 -c" "EXTRA_COMPILER_FLAGS=-mcpu=cortex-a9 -mfpu=vfpv3 -mfloat-abi=hard -nost
TRACE::2024-08-09.14:55:57::SCWBDomain::artfiles -g -Wall -Wextra -fno-tree-loop-distribute-patterns"

TRACE::2024-08-09.14:55:57::SCWBDomain::"Running Make include in ps7_cortexa9_0/libsrc/uartps_v3_13/src"

TRACE::2024-08-09.14:55:57::SCWBDomain::make -C ps7_cortexa9_0/libsrc/uartps_v3_13/src -s include  "SHELL=CMD" "COMPILER=arm-none-eabi-gcc" "ASSEMBLER=arm-none-eabi-as
TRACE::2024-08-09.14:55:57::SCWBDomain::" "ARCHIVER=arm-none-eabi-ar" "COMPILER_FLAGS=  -O2 -c" "EXTRA_COMPILER_FLAGS=-mcpu=cortex-a9 -mfpu=vfpv3 -mfloat-abi=hard -nos
TRACE::2024-08-09.14:55:57::SCWBDomain::tartfiles -g -Wall -Wextra -fno-tree-loop-distribute-patterns"

TRACE::2024-08-09.14:55:58::SCWBDomain::"Running Make include in ps7_cortexa9_0/libsrc/usbps_v2_8/src"

TRACE::2024-08-09.14:55:58::SCWBDomain::make -C ps7_cortexa9_0/libsrc/usbps_v2_8/src -s include  "SHELL=CMD" "COMPILER=arm-none-eabi-gcc" "ASSEMBLER=arm-none-eabi-as" 
TRACE::2024-08-09.14:55:58::SCWBDomain::"ARCHIVER=arm-none-eabi-ar" "COMPILER_FLAGS=  -O2 -c" "EXTRA_COMPILER_FLAGS=-mcpu=cortex-a9 -mfpu=vfpv3 -mfloat-abi=hard -nosta
TRACE::2024-08-09.14:55:58::SCWBDomain::rtfiles -g -Wall -Wextra -fno-tree-loop-distribute-patterns"

TRACE::2024-08-09.14:55:58::SCWBDomain::"Running Make include in ps7_cortexa9_0/libsrc/xadcps_v2_7/src"

TRACE::2024-08-09.14:55:58::SCWBDomain::make -C ps7_cortexa9_0/libsrc/xadcps_v2_7/src -s include  "SHELL=CMD" "COMPILER=arm-none-eabi-gcc" "ASSEMBLER=arm-none-eabi-as"
TRACE::2024-08-09.14:55:58::SCWBDomain:: "ARCHIVER=arm-none-eabi-ar" "COMPILER_FLAGS=  -O2 -c" "EXTRA_COMPILER_FLAGS=-mcpu=cortex-a9 -mfpu=vfpv3 -mfloat-abi=hard -nost
TRACE::2024-08-09.14:55:58::SCWBDomain::artfiles -g -Wall -Wextra -fno-tree-loop-distribute-patterns"

TRACE::2024-08-09.14:55:58::SCWBDomain::"Running Make include in ps7_cortexa9_0/libsrc/xilffs_v5_1/src"

TRACE::2024-08-09.14:55:58::SCWBDomain::make -C ps7_cortexa9_0/libsrc/xilffs_v5_1/src -s include  "SHELL=CMD" "COMPILER=arm-none-eabi-gcc" "ASSEMBLER=arm-none-eabi-as"
TRACE::2024-08-09.14:55:58::SCWBDomain:: "ARCHIVER=arm-none-eabi-ar" "COMPILER_FLAGS=  -O2 -c" "EXTRA_COMPILER_FLAGS=-mcpu=cortex-a9 -mfpu=vfpv3 -mfloat-abi=hard -nost
TRACE::2024-08-09.14:55:58::SCWBDomain::artfiles -g -Wall -Wextra -fno-tree-loop-distribute-patterns"

TRACE::2024-08-09.14:55:58::SCWBDomain::"Running Make include in ps7_cortexa9_0/libsrc/xilrsa_v1_7/src"

TRACE::2024-08-09.14:55:58::SCWBDomain::make -C ps7_cortexa9_0/libsrc/xilrsa_v1_7/src -s include  "SHELL=CMD" "COMPILER=arm-none-eabi-gcc" "ASSEMBLER=arm-none-eabi-as"
TRACE::2024-08-09.14:55:58::SCWBDomain:: "ARCHIVER=arm-none-eabi-ar" "COMPILER_FLAGS=  -O2 -c" "EXTRA_COMPILER_FLAGS=-mcpu=cortex-a9 -mfpu=vfpv3 -mfloat-abi=hard -nost
TRACE::2024-08-09.14:55:58::SCWBDomain::artfiles -g -Wall -Wextra -fno-tree-loop-distribute-patterns"

TRACE::2024-08-09.14:55:58::SCWBDomain::"Running Make libs in ps7_cortexa9_0/libsrc/PS_to_Regs_v1_0/src"

TRACE::2024-08-09.14:55:58::SCWBDomain::make -C ps7_cortexa9_0/libsrc/PS_to_Regs_v1_0/src -s libs  "SHELL=CMD" "COMPILER=arm-none-eabi-gcc" "ASSEMBLER=arm-none-eabi-as
TRACE::2024-08-09.14:55:58::SCWBDomain::" "ARCHIVER=arm-none-eabi-ar" "COMPILER_FLAGS=  -O2 -c" "EXTRA_COMPILER_FLAGS=-mcpu=cortex-a9 -mfpu=vfpv3 -mfloat-abi=hard -nos
TRACE::2024-08-09.14:55:58::SCWBDomain::tartfiles -g -Wall -Wextra -fno-tree-loop-distribute-patterns"

TRACE::2024-08-09.14:55:58::SCWBDomain::"Compiling Test_AXI..."

TRACE::2024-08-09.14:55:59::SCWBDomain::"Running Make libs in ps7_cortexa9_0/libsrc/xilrsa_v1_7/src"

TRACE::2024-08-09.14:55:59::SCWBDomain::make -C ps7_cortexa9_0/libsrc/xilrsa_v1_7/src -s libs  "SHELL=CMD" "COMPILER=arm-none-eabi-gcc" "ASSEMBLER=arm-none-eabi-as" "A
TRACE::2024-08-09.14:55:59::SCWBDomain::RCHIVER=arm-none-eabi-ar" "COMPILER_FLAGS=  -O2 -c" "EXTRA_COMPILER_FLAGS=-mcpu=cortex-a9 -mfpu=vfpv3 -mfloat-abi=hard -nostart
TRACE::2024-08-09.14:55:59::SCWBDomain::files -g -Wall -Wextra -fno-tree-loop-distribute-patterns"

TRACE::2024-08-09.14:55:59::SCWBDomain::'Finished building libraries sequentially.'

TRACE::2024-08-09.14:55:59::SCWBDomain::make -j 6 --no-print-directory par_libs

TRACE::2024-08-09.14:56:00::SCWBDomain::"Running Make include in ps7_cortexa9_0/libsrc/clk_wiz_v1_6/src"

TRACE::2024-08-09.14:56:00::SCWBDomain::make -C ps7_cortexa9_0/libsrc/clk_wiz_v1_6/src -s include  "SHELL=CMD" "COMPILER=arm-none-eabi-gcc" "ASSEMBLER=arm-none-eabi-as
TRACE::2024-08-09.14:56:00::SCWBDomain::" "ARCHIVER=arm-none-eabi-ar" "COMPILER_FLAGS=  -O2 -c" "EXTRA_COMPILER_FLAGS=-mcpu=cortex-a9 -mfpu=vfpv3 -mfloat-abi=hard -nos
TRACE::2024-08-09.14:56:00::SCWBDomain::tartfiles -g -Wall -Wextra -fno-tree-loop-distribute-patterns"

TRACE::2024-08-09.14:56:00::SCWBDomain::"Running Make include in ps7_cortexa9_0/libsrc/coresightps_dcc_v1_9/src"

TRACE::2024-08-09.14:56:00::SCWBDomain::make -C ps7_cortexa9_0/libsrc/coresightps_dcc_v1_9/src -s include  "SHELL=CMD" "COMPILER=arm-none-eabi-gcc" "ASSEMBLER=arm-none
TRACE::2024-08-09.14:56:00::SCWBDomain::-eabi-as" "ARCHIVER=arm-none-eabi-ar" "COMPILER_FLAGS=  -O2 -c" "EXTRA_COMPILER_FLAGS=-mcpu=cortex-a9 -mfpu=vfpv3 -mfloat-abi=h
TRACE::2024-08-09.14:56:00::SCWBDomain::ard -nostartfiles -g -Wall -Wextra -fno-tree-loop-distribute-patterns"

TRACE::2024-08-09.14:56:00::SCWBDomain::"Running Make include in ps7_cortexa9_0/libsrc/cpu_cortexa9_v2_12/src"

TRACE::2024-08-09.14:56:00::SCWBDomain::make -C ps7_cortexa9_0/libsrc/cpu_cortexa9_v2_12/src -s include  "SHELL=CMD" "COMPILER=arm-none-eabi-gcc" "ASSEMBLER=arm-none-e
TRACE::2024-08-09.14:56:00::SCWBDomain::abi-as" "ARCHIVER=arm-none-eabi-ar" "COMPILER_FLAGS=  -O2 -c" "EXTRA_COMPILER_FLAGS=-mcpu=cortex-a9 -mfpu=vfpv3 -mfloat-abi=har
TRACE::2024-08-09.14:56:00::SCWBDomain::d -nostartfiles -g -Wall -Wextra -fno-tree-loop-distribute-patterns"

TRACE::2024-08-09.14:56:00::SCWBDomain::"Running Make include in ps7_cortexa9_0/libsrc/ddrps_v1_2/src"

TRACE::2024-08-09.14:56:00::SCWBDomain::make -C ps7_cortexa9_0/libsrc/ddrps_v1_2/src -s include  "SHELL=CMD" "COMPILER=arm-none-eabi-gcc" "ASSEMBLER=arm-none-eabi-as" 
TRACE::2024-08-09.14:56:00::SCWBDomain::"ARCHIVER=arm-none-eabi-ar" "COMPILER_FLAGS=  -O2 -c" "EXTRA_COMPILER_FLAGS=-mcpu=cortex-a9 -mfpu=vfpv3 -mfloat-abi=hard -nosta
TRACE::2024-08-09.14:56:00::SCWBDomain::rtfiles -g -Wall -Wextra -fno-tree-loop-distribute-patterns"

TRACE::2024-08-09.14:56:00::SCWBDomain::"Running Make include in ps7_cortexa9_0/libsrc/devcfg_v3_8/src"

TRACE::2024-08-09.14:56:00::SCWBDomain::make -C ps7_cortexa9_0/libsrc/devcfg_v3_8/src -s include  "SHELL=CMD" "COMPILER=arm-none-eabi-gcc" "ASSEMBLER=arm-none-eabi-as"
TRACE::2024-08-09.14:56:00::SCWBDomain:: "ARCHIVER=arm-none-eabi-ar" "COMPILER_FLAGS=  -O2 -c" "EXTRA_COMPILER_FLAGS=-mcpu=cortex-a9 -mfpu=vfpv3 -mfloat-abi=hard -nost
TRACE::2024-08-09.14:56:00::SCWBDomain::artfiles -g -Wall -Wextra -fno-tree-loop-distribute-patterns"

TRACE::2024-08-09.14:56:00::SCWBDomain::"Running Make include in ps7_cortexa9_0/libsrc/dmaps_v2_9/src"

TRACE::2024-08-09.14:56:00::SCWBDomain::make -C ps7_cortexa9_0/libsrc/dmaps_v2_9/src -s include  "SHELL=CMD" "COMPILER=arm-none-eabi-gcc" "ASSEMBLER=arm-none-eabi-as" 
TRACE::2024-08-09.14:56:00::SCWBDomain::"ARCHIVER=arm-none-eabi-ar" "COMPILER_FLAGS=  -O2 -c" "EXTRA_COMPILER_FLAGS=-mcpu=cortex-a9 -mfpu=vfpv3 -mfloat-abi=hard -nosta
TRACE::2024-08-09.14:56:00::SCWBDomain::rtfiles -g -Wall -Wextra -fno-tree-loop-distribute-patterns"

TRACE::2024-08-09.14:56:00::SCWBDomain::"Running Make include in ps7_cortexa9_0/libsrc/emacps_v3_19/src"

TRACE::2024-08-09.14:56:00::SCWBDomain::make -C ps7_cortexa9_0/libsrc/emacps_v3_19/src -s include  "SHELL=CMD" "COMPILER=arm-none-eabi-gcc" "ASSEMBLER=arm-none-eabi-as
TRACE::2024-08-09.14:56:00::SCWBDomain::" "ARCHIVER=arm-none-eabi-ar" "COMPILER_FLAGS=  -O2 -c" "EXTRA_COMPILER_FLAGS=-mcpu=cortex-a9 -mfpu=vfpv3 -mfloat-abi=hard -nos
TRACE::2024-08-09.14:56:00::SCWBDomain::tartfiles -g -Wall -Wextra -fno-tree-loop-distribute-patterns"

TRACE::2024-08-09.14:56:00::SCWBDomain::"Running Make include in ps7_cortexa9_0/libsrc/gpiops_v3_12/src"

TRACE::2024-08-09.14:56:00::SCWBDomain::make -C ps7_cortexa9_0/libsrc/gpiops_v3_12/src -s include  "SHELL=CMD" "COMPILER=arm-none-eabi-gcc" "ASSEMBLER=arm-none-eabi-as
TRACE::2024-08-09.14:56:00::SCWBDomain::" "ARCHIVER=arm-none-eabi-ar" "COMPILER_FLAGS=  -O2 -c" "EXTRA_COMPILER_FLAGS=-mcpu=cortex-a9 -mfpu=vfpv3 -mfloat-abi=hard -nos
TRACE::2024-08-09.14:56:00::SCWBDomain::tartfiles -g -Wall -Wextra -fno-tree-loop-distribute-patterns"

TRACE::2024-08-09.14:56:00::SCWBDomain::"Running Make include in ps7_cortexa9_0/libsrc/PS_to_Regs_v1_0/src"

TRACE::2024-08-09.14:56:00::SCWBDomain::make -C ps7_cortexa9_0/libsrc/PS_to_Regs_v1_0/src -s include  "SHELL=CMD" "COMPILER=arm-none-eabi-gcc" "ASSEMBLER=arm-none-eabi
TRACE::2024-08-09.14:56:00::SCWBDomain::-as" "ARCHIVER=arm-none-eabi-ar" "COMPILER_FLAGS=  -O2 -c" "EXTRA_COMPILER_FLAGS=-mcpu=cortex-a9 -mfpu=vfpv3 -mfloat-abi=hard -
TRACE::2024-08-09.14:56:00::SCWBDomain::nostartfiles -g -Wall -Wextra -fno-tree-loop-distribute-patterns"

TRACE::2024-08-09.14:56:00::SCWBDomain::"Running Make include in ps7_cortexa9_0/libsrc/qspips_v3_11/src"

TRACE::2024-08-09.14:56:00::SCWBDomain::make -C ps7_cortexa9_0/libsrc/qspips_v3_11/src -s include  "SHELL=CMD" "COMPILER=arm-none-eabi-gcc" "ASSEMBLER=arm-none-eabi-as
TRACE::2024-08-09.14:56:00::SCWBDomain::" "ARCHIVER=arm-none-eabi-ar" "COMPILER_FLAGS=  -O2 -c" "EXTRA_COMPILER_FLAGS=-mcpu=cortex-a9 -mfpu=vfpv3 -mfloat-abi=hard -nos
TRACE::2024-08-09.14:56:00::SCWBDomain::tartfiles -g -Wall -Wextra -fno-tree-loop-distribute-patterns"

TRACE::2024-08-09.14:56:00::SCWBDomain::"Running Make include in ps7_cortexa9_0/libsrc/scugic_v5_2/src"

TRACE::2024-08-09.14:56:00::SCWBDomain::make -C ps7_cortexa9_0/libsrc/scugic_v5_2/src -s include  "SHELL=CMD" "COMPILER=arm-none-eabi-gcc" "ASSEMBLER=arm-none-eabi-as"
TRACE::2024-08-09.14:56:00::SCWBDomain:: "ARCHIVER=arm-none-eabi-ar" "COMPILER_FLAGS=  -O2 -c" "EXTRA_COMPILER_FLAGS=-mcpu=cortex-a9 -mfpu=vfpv3 -mfloat-abi=hard -nost
TRACE::2024-08-09.14:56:00::SCWBDomain::artfiles -g -Wall -Wextra -fno-tree-loop-distribute-patterns"

TRACE::2024-08-09.14:56:00::SCWBDomain::"Running Make include in ps7_cortexa9_0/libsrc/scutimer_v2_5/src"

TRACE::2024-08-09.14:56:00::SCWBDomain::make -C ps7_cortexa9_0/libsrc/scutimer_v2_5/src -s include  "SHELL=CMD" "COMPILER=arm-none-eabi-gcc" "ASSEMBLER=arm-none-eabi-a
TRACE::2024-08-09.14:56:00::SCWBDomain::s" "ARCHIVER=arm-none-eabi-ar" "COMPILER_FLAGS=  -O2 -c" "EXTRA_COMPILER_FLAGS=-mcpu=cortex-a9 -mfpu=vfpv3 -mfloat-abi=hard -no
TRACE::2024-08-09.14:56:00::SCWBDomain::startfiles -g -Wall -Wextra -fno-tree-loop-distribute-patterns"

TRACE::2024-08-09.14:56:00::SCWBDomain::"Running Make include in ps7_cortexa9_0/libsrc/scuwdt_v2_5/src"

TRACE::2024-08-09.14:56:00::SCWBDomain::make -C ps7_cortexa9_0/libsrc/scuwdt_v2_5/src -s include  "SHELL=CMD" "COMPILER=arm-none-eabi-gcc" "ASSEMBLER=arm-none-eabi-as"
TRACE::2024-08-09.14:56:00::SCWBDomain:: "ARCHIVER=arm-none-eabi-ar" "COMPILER_FLAGS=  -O2 -c" "EXTRA_COMPILER_FLAGS=-mcpu=cortex-a9 -mfpu=vfpv3 -mfloat-abi=hard -nost
TRACE::2024-08-09.14:56:00::SCWBDomain::artfiles -g -Wall -Wextra -fno-tree-loop-distribute-patterns"

TRACE::2024-08-09.14:56:00::SCWBDomain::"Running Make include in ps7_cortexa9_0/libsrc/sdps_v4_2/src"

TRACE::2024-08-09.14:56:00::SCWBDomain::make -C ps7_cortexa9_0/libsrc/sdps_v4_2/src -s include  "SHELL=CMD" "COMPILER=arm-none-eabi-gcc" "ASSEMBLER=arm-none-eabi-as" "
TRACE::2024-08-09.14:56:00::SCWBDomain::ARCHIVER=arm-none-eabi-ar" "COMPILER_FLAGS=  -O2 -c" "EXTRA_COMPILER_FLAGS=-mcpu=cortex-a9 -mfpu=vfpv3 -mfloat-abi=hard -nostar
TRACE::2024-08-09.14:56:00::SCWBDomain::tfiles -g -Wall -Wextra -fno-tree-loop-distribute-patterns"

TRACE::2024-08-09.14:56:00::SCWBDomain::"Running Make include in ps7_cortexa9_0/libsrc/standalone_v9_0/src"

TRACE::2024-08-09.14:56:00::SCWBDomain::make -C ps7_cortexa9_0/libsrc/standalone_v9_0/src -s include  "SHELL=CMD" "COMPILER=arm-none-eabi-gcc" "ASSEMBLER=arm-none-eabi
TRACE::2024-08-09.14:56:00::SCWBDomain::-as" "ARCHIVER=arm-none-eabi-ar" "COMPILER_FLAGS=  -O2 -c" "EXTRA_COMPILER_FLAGS=-mcpu=cortex-a9 -mfpu=vfpv3 -mfloat-abi=hard -
TRACE::2024-08-09.14:56:00::SCWBDomain::nostartfiles -g -Wall -Wextra -fno-tree-loop-distribute-patterns"

TRACE::2024-08-09.14:56:00::SCWBDomain::"Running Make include in ps7_cortexa9_0/libsrc/sysmon_v7_8/src"

TRACE::2024-08-09.14:56:00::SCWBDomain::make -C ps7_cortexa9_0/libsrc/sysmon_v7_8/src -s include  "SHELL=CMD" "COMPILER=arm-none-eabi-gcc" "ASSEMBLER=arm-none-eabi-as"
TRACE::2024-08-09.14:56:00::SCWBDomain:: "ARCHIVER=arm-none-eabi-ar" "COMPILER_FLAGS=  -O2 -c" "EXTRA_COMPILER_FLAGS=-mcpu=cortex-a9 -mfpu=vfpv3 -mfloat-abi=hard -nost
TRACE::2024-08-09.14:56:00::SCWBDomain::artfiles -g -Wall -Wextra -fno-tree-loop-distribute-patterns"

TRACE::2024-08-09.14:56:00::SCWBDomain::"Running Make include in ps7_cortexa9_0/libsrc/ttcps_v3_18/src"

TRACE::2024-08-09.14:56:00::SCWBDomain::make -C ps7_cortexa9_0/libsrc/ttcps_v3_18/src -s include  "SHELL=CMD" "COMPILER=arm-none-eabi-gcc" "ASSEMBLER=arm-none-eabi-as"
TRACE::2024-08-09.14:56:00::SCWBDomain:: "ARCHIVER=arm-none-eabi-ar" "COMPILER_FLAGS=  -O2 -c" "EXTRA_COMPILER_FLAGS=-mcpu=cortex-a9 -mfpu=vfpv3 -mfloat-abi=hard -nost
TRACE::2024-08-09.14:56:00::SCWBDomain::artfiles -g -Wall -Wextra -fno-tree-loop-distribute-patterns"

TRACE::2024-08-09.14:56:00::SCWBDomain::"Running Make include in ps7_cortexa9_0/libsrc/uartps_v3_13/src"

TRACE::2024-08-09.14:56:00::SCWBDomain::make -C ps7_cortexa9_0/libsrc/uartps_v3_13/src -s include  "SHELL=CMD" "COMPILER=arm-none-eabi-gcc" "ASSEMBLER=arm-none-eabi-as
TRACE::2024-08-09.14:56:00::SCWBDomain::" "ARCHIVER=arm-none-eabi-ar" "COMPILER_FLAGS=  -O2 -c" "EXTRA_COMPILER_FLAGS=-mcpu=cortex-a9 -mfpu=vfpv3 -mfloat-abi=hard -nos
TRACE::2024-08-09.14:56:00::SCWBDomain::tartfiles -g -Wall -Wextra -fno-tree-loop-distribute-patterns"

TRACE::2024-08-09.14:56:00::SCWBDomain::"Running Make include in ps7_cortexa9_0/libsrc/usbps_v2_8/src"

TRACE::2024-08-09.14:56:00::SCWBDomain::make -C ps7_cortexa9_0/libsrc/usbps_v2_8/src -s include  "SHELL=CMD" "COMPILER=arm-none-eabi-gcc" "ASSEMBLER=arm-none-eabi-as" 
TRACE::2024-08-09.14:56:00::SCWBDomain::"ARCHIVER=arm-none-eabi-ar" "COMPILER_FLAGS=  -O2 -c" "EXTRA_COMPILER_FLAGS=-mcpu=cortex-a9 -mfpu=vfpv3 -mfloat-abi=hard -nosta
TRACE::2024-08-09.14:56:00::SCWBDomain::rtfiles -g -Wall -Wextra -fno-tree-loop-distribute-patterns"

TRACE::2024-08-09.14:56:00::SCWBDomain::"Running Make include in ps7_cortexa9_0/libsrc/xadcps_v2_7/src"

TRACE::2024-08-09.14:56:00::SCWBDomain::make -C ps7_cortexa9_0/libsrc/xadcps_v2_7/src -s include  "SHELL=CMD" "COMPILER=arm-none-eabi-gcc" "ASSEMBLER=arm-none-eabi-as"
TRACE::2024-08-09.14:56:00::SCWBDomain:: "ARCHIVER=arm-none-eabi-ar" "COMPILER_FLAGS=  -O2 -c" "EXTRA_COMPILER_FLAGS=-mcpu=cortex-a9 -mfpu=vfpv3 -mfloat-abi=hard -nost
TRACE::2024-08-09.14:56:00::SCWBDomain::artfiles -g -Wall -Wextra -fno-tree-loop-distribute-patterns"

TRACE::2024-08-09.14:56:00::SCWBDomain::"Running Make include in ps7_cortexa9_0/libsrc/xilffs_v5_1/src"

TRACE::2024-08-09.14:56:00::SCWBDomain::make -C ps7_cortexa9_0/libsrc/xilffs_v5_1/src -s include  "SHELL=CMD" "COMPILER=arm-none-eabi-gcc" "ASSEMBLER=arm-none-eabi-as"
TRACE::2024-08-09.14:56:00::SCWBDomain:: "ARCHIVER=arm-none-eabi-ar" "COMPILER_FLAGS=  -O2 -c" "EXTRA_COMPILER_FLAGS=-mcpu=cortex-a9 -mfpu=vfpv3 -mfloat-abi=hard -nost
TRACE::2024-08-09.14:56:00::SCWBDomain::artfiles -g -Wall -Wextra -fno-tree-loop-distribute-patterns"

TRACE::2024-08-09.14:56:00::SCWBDomain::"Running Make include in ps7_cortexa9_0/libsrc/xilrsa_v1_7/src"

TRACE::2024-08-09.14:56:00::SCWBDomain::make -C ps7_cortexa9_0/libsrc/xilrsa_v1_7/src -s include  "SHELL=CMD" "COMPILER=arm-none-eabi-gcc" "ASSEMBLER=arm-none-eabi-as"
TRACE::2024-08-09.14:56:00::SCWBDomain:: "ARCHIVER=arm-none-eabi-ar" "COMPILER_FLAGS=  -O2 -c" "EXTRA_COMPILER_FLAGS=-mcpu=cortex-a9 -mfpu=vfpv3 -mfloat-abi=hard -nost
TRACE::2024-08-09.14:56:00::SCWBDomain::artfiles -g -Wall -Wextra -fno-tree-loop-distribute-patterns"

TRACE::2024-08-09.14:56:00::SCWBDomain::"Running Make libs in ps7_cortexa9_0/libsrc/clk_wiz_v1_6/src"

TRACE::2024-08-09.14:56:00::SCWBDomain::make -C ps7_cortexa9_0/libsrc/clk_wiz_v1_6/src -s libs  "SHELL=CMD" "COMPILER=arm-none-eabi-gcc" "ASSEMBLER=arm-none-eabi-as" "
TRACE::2024-08-09.14:56:00::SCWBDomain::ARCHIVER=arm-none-eabi-ar" "COMPILER_FLAGS=  -O2 -c" "EXTRA_COMPILER_FLAGS=-mcpu=cortex-a9 -mfpu=vfpv3 -mfloat-abi=hard -nostar
TRACE::2024-08-09.14:56:00::SCWBDomain::tfiles -g -Wall -Wextra -fno-tree-loop-distribute-patterns"

TRACE::2024-08-09.14:56:00::SCWBDomain::"Running Make libs in ps7_cortexa9_0/libsrc/coresightps_dcc_v1_9/src"

TRACE::2024-08-09.14:56:00::SCWBDomain::make -C ps7_cortexa9_0/libsrc/coresightps_dcc_v1_9/src -s libs  "SHELL=CMD" "COMPILER=arm-none-eabi-gcc" "ASSEMBLER=arm-none-ea
TRACE::2024-08-09.14:56:00::SCWBDomain::bi-as" "ARCHIVER=arm-none-eabi-ar" "COMPILER_FLAGS=  -O2 -c" "EXTRA_COMPILER_FLAGS=-mcpu=cortex-a9 -mfpu=vfpv3 -mfloat-abi=hard
TRACE::2024-08-09.14:56:00::SCWBDomain:: -nostartfiles -g -Wall -Wextra -fno-tree-loop-distribute-patterns"

TRACE::2024-08-09.14:56:00::SCWBDomain::"Running Make libs in ps7_cortexa9_0/libsrc/cpu_cortexa9_v2_12/src"

TRACE::2024-08-09.14:56:00::SCWBDomain::make -C ps7_cortexa9_0/libsrc/cpu_cortexa9_v2_12/src -s libs  "SHELL=CMD" "COMPILER=arm-none-eabi-gcc" "ASSEMBLER=arm-none-eabi
TRACE::2024-08-09.14:56:00::SCWBDomain::-as" "ARCHIVER=arm-none-eabi-ar" "COMPILER_FLAGS=  -O2 -c" "EXTRA_COMPILER_FLAGS=-mcpu=cortex-a9 -mfpu=vfpv3 -mfloat-abi=hard -
TRACE::2024-08-09.14:56:00::SCWBDomain::nostartfiles -g -Wall -Wextra -fno-tree-loop-distribute-patterns"

TRACE::2024-08-09.14:56:00::SCWBDomain::"Running Make libs in ps7_cortexa9_0/libsrc/ddrps_v1_2/src"

TRACE::2024-08-09.14:56:00::SCWBDomain::make -C ps7_cortexa9_0/libsrc/ddrps_v1_2/src -s libs  "SHELL=CMD" "COMPILER=arm-none-eabi-gcc" "ASSEMBLER=arm-none-eabi-as" "AR
TRACE::2024-08-09.14:56:00::SCWBDomain::CHIVER=arm-none-eabi-ar" "COMPILER_FLAGS=  -O2 -c" "EXTRA_COMPILER_FLAGS=-mcpu=cortex-a9 -mfpu=vfpv3 -mfloat-abi=hard -nostartf
TRACE::2024-08-09.14:56:00::SCWBDomain::iles -g -Wall -Wextra -fno-tree-loop-distribute-patterns"

TRACE::2024-08-09.14:56:00::SCWBDomain::"Running Make libs in ps7_cortexa9_0/libsrc/devcfg_v3_8/src"

TRACE::2024-08-09.14:56:01::SCWBDomain::make -C ps7_cortexa9_0/libsrc/devcfg_v3_8/src -s libs  "SHELL=CMD" "COMPILER=arm-none-eabi-gcc" "ASSEMBLER=arm-none-eabi-as" "A
TRACE::2024-08-09.14:56:01::SCWBDomain::RCHIVER=arm-none-eabi-ar" "COMPILER_FLAGS=  -O2 -c" "EXTRA_COMPILER_FLAGS=-mcpu=cortex-a9 -mfpu=vfpv3 -mfloat-abi=hard -nostart
TRACE::2024-08-09.14:56:01::SCWBDomain::files -g -Wall -Wextra -fno-tree-loop-distribute-patterns"

TRACE::2024-08-09.14:56:01::SCWBDomain::"Running Make libs in ps7_cortexa9_0/libsrc/dmaps_v2_9/src"

TRACE::2024-08-09.14:56:01::SCWBDomain::make -C ps7_cortexa9_0/libsrc/dmaps_v2_9/src -s libs  "SHELL=CMD" "COMPILER=arm-none-eabi-gcc" "ASSEMBLER=arm-none-eabi-as" "AR
TRACE::2024-08-09.14:56:01::SCWBDomain::CHIVER=arm-none-eabi-ar" "COMPILER_FLAGS=  -O2 -c" "EXTRA_COMPILER_FLAGS=-mcpu=cortex-a9 -mfpu=vfpv3 -mfloat-abi=hard -nostartf
TRACE::2024-08-09.14:56:01::SCWBDomain::iles -g -Wall -Wextra -fno-tree-loop-distribute-patterns"

TRACE::2024-08-09.14:56:01::SCWBDomain::"Running Make libs in ps7_cortexa9_0/libsrc/emacps_v3_19/src"

TRACE::2024-08-09.14:56:01::SCWBDomain::make -C ps7_cortexa9_0/libsrc/emacps_v3_19/src -s libs  "SHELL=CMD" "COMPILER=arm-none-eabi-gcc" "ASSEMBLER=arm-none-eabi-as" "
TRACE::2024-08-09.14:56:01::SCWBDomain::ARCHIVER=arm-none-eabi-ar" "COMPILER_FLAGS=  -O2 -c" "EXTRA_COMPILER_FLAGS=-mcpu=cortex-a9 -mfpu=vfpv3 -mfloat-abi=hard -nostar
TRACE::2024-08-09.14:56:01::SCWBDomain::tfiles -g -Wall -Wextra -fno-tree-loop-distribute-patterns"

TRACE::2024-08-09.14:56:01::SCWBDomain::"Running Make libs in ps7_cortexa9_0/libsrc/gpiops_v3_12/src"

TRACE::2024-08-09.14:56:01::SCWBDomain::make -C ps7_cortexa9_0/libsrc/gpiops_v3_12/src -s libs  "SHELL=CMD" "COMPILER=arm-none-eabi-gcc" "ASSEMBLER=arm-none-eabi-as" "
TRACE::2024-08-09.14:56:01::SCWBDomain::ARCHIVER=arm-none-eabi-ar" "COMPILER_FLAGS=  -O2 -c" "EXTRA_COMPILER_FLAGS=-mcpu=cortex-a9 -mfpu=vfpv3 -mfloat-abi=hard -nostar
TRACE::2024-08-09.14:56:01::SCWBDomain::tfiles -g -Wall -Wextra -fno-tree-loop-distribute-patterns"

TRACE::2024-08-09.14:56:01::SCWBDomain::"Running Make libs in ps7_cortexa9_0/libsrc/qspips_v3_11/src"

TRACE::2024-08-09.14:56:01::SCWBDomain::make -C ps7_cortexa9_0/libsrc/qspips_v3_11/src -s libs  "SHELL=CMD" "COMPILER=arm-none-eabi-gcc" "ASSEMBLER=arm-none-eabi-as" "
TRACE::2024-08-09.14:56:01::SCWBDomain::ARCHIVER=arm-none-eabi-ar" "COMPILER_FLAGS=  -O2 -c" "EXTRA_COMPILER_FLAGS=-mcpu=cortex-a9 -mfpu=vfpv3 -mfloat-abi=hard -nostar
TRACE::2024-08-09.14:56:01::SCWBDomain::tfiles -g -Wall -Wextra -fno-tree-loop-distribute-patterns"

TRACE::2024-08-09.14:56:01::SCWBDomain::"Running Make libs in ps7_cortexa9_0/libsrc/scugic_v5_2/src"

TRACE::2024-08-09.14:56:01::SCWBDomain::make -C ps7_cortexa9_0/libsrc/scugic_v5_2/src -s libs  "SHELL=CMD" "COMPILER=arm-none-eabi-gcc" "ASSEMBLER=arm-none-eabi-as" "A
TRACE::2024-08-09.14:56:01::SCWBDomain::RCHIVER=arm-none-eabi-ar" "COMPILER_FLAGS=  -O2 -c" "EXTRA_COMPILER_FLAGS=-mcpu=cortex-a9 -mfpu=vfpv3 -mfloat-abi=hard -nostart
TRACE::2024-08-09.14:56:01::SCWBDomain::files -g -Wall -Wextra -fno-tree-loop-distribute-patterns"

TRACE::2024-08-09.14:56:02::SCWBDomain::"Running Make libs in ps7_cortexa9_0/libsrc/scutimer_v2_5/src"

TRACE::2024-08-09.14:56:02::SCWBDomain::make -C ps7_cortexa9_0/libsrc/scutimer_v2_5/src -s libs  "SHELL=CMD" "COMPILER=arm-none-eabi-gcc" "ASSEMBLER=arm-none-eabi-as" 
TRACE::2024-08-09.14:56:02::SCWBDomain::"ARCHIVER=arm-none-eabi-ar" "COMPILER_FLAGS=  -O2 -c" "EXTRA_COMPILER_FLAGS=-mcpu=cortex-a9 -mfpu=vfpv3 -mfloat-abi=hard -nosta
TRACE::2024-08-09.14:56:02::SCWBDomain::rtfiles -g -Wall -Wextra -fno-tree-loop-distribute-patterns"

TRACE::2024-08-09.14:56:03::SCWBDomain::"Running Make libs in ps7_cortexa9_0/libsrc/scuwdt_v2_5/src"

TRACE::2024-08-09.14:56:03::SCWBDomain::make -C ps7_cortexa9_0/libsrc/scuwdt_v2_5/src -s libs  "SHELL=CMD" "COMPILER=arm-none-eabi-gcc" "ASSEMBLER=arm-none-eabi-as" "A
TRACE::2024-08-09.14:56:03::SCWBDomain::RCHIVER=arm-none-eabi-ar" "COMPILER_FLAGS=  -O2 -c" "EXTRA_COMPILER_FLAGS=-mcpu=cortex-a9 -mfpu=vfpv3 -mfloat-abi=hard -nostart
TRACE::2024-08-09.14:56:03::SCWBDomain::files -g -Wall -Wextra -fno-tree-loop-distribute-patterns"

TRACE::2024-08-09.14:56:03::SCWBDomain::"Running Make libs in ps7_cortexa9_0/libsrc/sdps_v4_2/src"

TRACE::2024-08-09.14:56:03::SCWBDomain::make -C ps7_cortexa9_0/libsrc/sdps_v4_2/src -s libs  "SHELL=CMD" "COMPILER=arm-none-eabi-gcc" "ASSEMBLER=arm-none-eabi-as" "ARC
TRACE::2024-08-09.14:56:03::SCWBDomain::HIVER=arm-none-eabi-ar" "COMPILER_FLAGS=  -O2 -c" "EXTRA_COMPILER_FLAGS=-mcpu=cortex-a9 -mfpu=vfpv3 -mfloat-abi=hard -nostartfi
TRACE::2024-08-09.14:56:03::SCWBDomain::les -g -Wall -Wextra -fno-tree-loop-distribute-patterns"

TRACE::2024-08-09.14:56:03::SCWBDomain::"Running Make libs in ps7_cortexa9_0/libsrc/standalone_v9_0/src"

TRACE::2024-08-09.14:56:03::SCWBDomain::make -C ps7_cortexa9_0/libsrc/standalone_v9_0/src -s libs  "SHELL=CMD" "COMPILER=arm-none-eabi-gcc" "ASSEMBLER=arm-none-eabi-as
TRACE::2024-08-09.14:56:03::SCWBDomain::" "ARCHIVER=arm-none-eabi-ar" "COMPILER_FLAGS=  -O2 -c" "EXTRA_COMPILER_FLAGS=-mcpu=cortex-a9 -mfpu=vfpv3 -mfloat-abi=hard -nos
TRACE::2024-08-09.14:56:03::SCWBDomain::tartfiles -g -Wall -Wextra -fno-tree-loop-distribute-patterns"

TRACE::2024-08-09.14:56:03::SCWBDomain::"Running Make libs in ps7_cortexa9_0/libsrc/sysmon_v7_8/src"

TRACE::2024-08-09.14:56:03::SCWBDomain::make -C ps7_cortexa9_0/libsrc/sysmon_v7_8/src -s libs  "SHELL=CMD" "COMPILER=arm-none-eabi-gcc" "ASSEMBLER=arm-none-eabi-as" "A
TRACE::2024-08-09.14:56:03::SCWBDomain::RCHIVER=arm-none-eabi-ar" "COMPILER_FLAGS=  -O2 -c" "EXTRA_COMPILER_FLAGS=-mcpu=cortex-a9 -mfpu=vfpv3 -mfloat-abi=hard -nostart
TRACE::2024-08-09.14:56:03::SCWBDomain::files -g -Wall -Wextra -fno-tree-loop-distribute-patterns"

TRACE::2024-08-09.14:56:03::SCWBDomain::"Running Make libs in ps7_cortexa9_0/libsrc/ttcps_v3_18/src"

TRACE::2024-08-09.14:56:03::SCWBDomain::make -C ps7_cortexa9_0/libsrc/ttcps_v3_18/src -s libs  "SHELL=CMD" "COMPILER=arm-none-eabi-gcc" "ASSEMBLER=arm-none-eabi-as" "A
TRACE::2024-08-09.14:56:03::SCWBDomain::RCHIVER=arm-none-eabi-ar" "COMPILER_FLAGS=  -O2 -c" "EXTRA_COMPILER_FLAGS=-mcpu=cortex-a9 -mfpu=vfpv3 -mfloat-abi=hard -nostart
TRACE::2024-08-09.14:56:03::SCWBDomain::files -g -Wall -Wextra -fno-tree-loop-distribute-patterns"

TRACE::2024-08-09.14:56:03::SCWBDomain::"Running Make libs in ps7_cortexa9_0/libsrc/uartps_v3_13/src"

TRACE::2024-08-09.14:56:03::SCWBDomain::make -C ps7_cortexa9_0/libsrc/uartps_v3_13/src -s libs  "SHELL=CMD" "COMPILER=arm-none-eabi-gcc" "ASSEMBLER=arm-none-eabi-as" "
TRACE::2024-08-09.14:56:03::SCWBDomain::ARCHIVER=arm-none-eabi-ar" "COMPILER_FLAGS=  -O2 -c" "EXTRA_COMPILER_FLAGS=-mcpu=cortex-a9 -mfpu=vfpv3 -mfloat-abi=hard -nostar
TRACE::2024-08-09.14:56:03::SCWBDomain::tfiles -g -Wall -Wextra -fno-tree-loop-distribute-patterns"

TRACE::2024-08-09.14:56:04::SCWBDomain::"Running Make libs in ps7_cortexa9_0/libsrc/usbps_v2_8/src"

TRACE::2024-08-09.14:56:04::SCWBDomain::make -C ps7_cortexa9_0/libsrc/usbps_v2_8/src -s libs  "SHELL=CMD" "COMPILER=arm-none-eabi-gcc" "ASSEMBLER=arm-none-eabi-as" "AR
TRACE::2024-08-09.14:56:04::SCWBDomain::CHIVER=arm-none-eabi-ar" "COMPILER_FLAGS=  -O2 -c" "EXTRA_COMPILER_FLAGS=-mcpu=cortex-a9 -mfpu=vfpv3 -mfloat-abi=hard -nostartf
TRACE::2024-08-09.14:56:04::SCWBDomain::iles -g -Wall -Wextra -fno-tree-loop-distribute-patterns"

TRACE::2024-08-09.14:56:04::SCWBDomain::"Running Make libs in ps7_cortexa9_0/libsrc/xadcps_v2_7/src"

TRACE::2024-08-09.14:56:04::SCWBDomain::make -C ps7_cortexa9_0/libsrc/xadcps_v2_7/src -s libs  "SHELL=CMD" "COMPILER=arm-none-eabi-gcc" "ASSEMBLER=arm-none-eabi-as" "A
TRACE::2024-08-09.14:56:04::SCWBDomain::RCHIVER=arm-none-eabi-ar" "COMPILER_FLAGS=  -O2 -c" "EXTRA_COMPILER_FLAGS=-mcpu=cortex-a9 -mfpu=vfpv3 -mfloat-abi=hard -nostart
TRACE::2024-08-09.14:56:04::SCWBDomain::files -g -Wall -Wextra -fno-tree-loop-distribute-patterns"

TRACE::2024-08-09.14:56:05::SCWBDomain::"Running Make libs in ps7_cortexa9_0/libsrc/xilffs_v5_1/src"

TRACE::2024-08-09.14:56:05::SCWBDomain::make -C ps7_cortexa9_0/libsrc/xilffs_v5_1/src -s libs  "SHELL=CMD" "COMPILER=arm-none-eabi-gcc" "ASSEMBLER=arm-none-eabi-as" "A
TRACE::2024-08-09.14:56:05::SCWBDomain::RCHIVER=arm-none-eabi-ar" "COMPILER_FLAGS=  -O2 -c" "EXTRA_COMPILER_FLAGS=-mcpu=cortex-a9 -mfpu=vfpv3 -mfloat-abi=hard -nostart
TRACE::2024-08-09.14:56:05::SCWBDomain::files -g -Wall -Wextra -fno-tree-loop-distribute-patterns"

TRACE::2024-08-09.14:56:07::SCWBDomain::'Finished building libraries parallelly.'

TRACE::2024-08-09.14:56:07::SCWBDomain::make --no-print-directory archive

TRACE::2024-08-09.14:56:07::SCWBDomain::arm-none-eabi-ar -r  ps7_cortexa9_0/lib/libxil.a ps7_cortexa9_0/lib/_exit.o ps7_cortexa9_0/lib/_open.o ps7_cortexa9_0/lib/_sbrk
TRACE::2024-08-09.14:56:07::SCWBDomain::.o ps7_cortexa9_0/lib/abort.o ps7_cortexa9_0/lib/asm_vectors.o ps7_cortexa9_0/lib/boot.o ps7_cortexa9_0/lib/close.o ps7_cortexa
TRACE::2024-08-09.14:56:07::SCWBDomain::9_0/lib/cpputest_time.o ps7_cortexa9_0/lib/cpu_init.o ps7_cortexa9_0/lib/errno.o ps7_cortexa9_0/lib/fcntl.o ps7_cortexa9_0/lib/
TRACE::2024-08-09.14:56:07::SCWBDomain::fstat.o ps7_cortexa9_0/lib/getentropy.o ps7_cortexa9_0/lib/getpid.o ps7_cortexa9_0/lib/inbyte.o ps7_cortexa9_0/lib/isatty.o ps7
TRACE::2024-08-09.14:56:07::SCWBDomain::_cortexa9_0/lib/kill.o ps7_cortexa9_0/lib/lseek.o ps7_cortexa9_0/lib/open.o ps7_cortexa9_0/lib/outbyte.o ps7_cortexa9_0/lib/pri
TRACE::2024-08-09.14:56:07::SCWBDomain::nt.o ps7_cortexa9_0/lib/putnum.o ps7_cortexa9_0/lib/read.o ps7_cortexa9_0/lib/sbrk.o ps7_cortexa9_0/lib/sleep.o ps7_cortexa9_0/
TRACE::2024-08-09.14:56:07::SCWBDomain::lib/time.o ps7_cortexa9_0/lib/translation_table.o ps7_cortexa9_0/lib/unlink.o ps7_cortexa9_0/lib/usleep.o ps7_cortexa9_0/lib/ve
TRACE::2024-08-09.14:56:07::SCWBDomain::ctors.o ps7_cortexa9_0/lib/write.o ps7_cortexa9_0/lib/xadcps.o ps7_cortexa9_0/lib/xadcps_g.o ps7_cortexa9_0/lib/xadcps_intr.o p
TRACE::2024-08-09.14:56:07::SCWBDomain::s7_cortexa9_0/lib/xadcps_selftest.o ps7_cortexa9_0/lib/xadcps_sinit.o ps7_cortexa9_0/lib/xclk_wiz.o ps7_cortexa9_0/lib/xclk_wiz
TRACE::2024-08-09.14:56:07::SCWBDomain::_g.o ps7_cortexa9_0/lib/xclk_wiz_intr.o ps7_cortexa9_0/lib/xclk_wiz_sinit.o ps7_cortexa9_0/lib/xcoresightpsdcc.o ps7_cortexa9_0
TRACE::2024-08-09.14:56:07::SCWBDomain::/lib/xdevcfg.o ps7_cortexa9_0/lib/xdevcfg_g.o ps7_cortexa9_0/lib/xdevcfg_hw.o ps7_cortexa9_0/lib/xdevcfg_intr.o ps7_cortexa9_0/
TRACE::2024-08-09.14:56:07::SCWBDomain::lib/xdevcfg_selftest.o ps7_cortexa9_0/lib/xdevcfg_sinit.o ps7_cortexa9_0/lib/xdmaps.o ps7_cortexa9_0/lib/xdmaps_g.o ps7_cortexa
TRACE::2024-08-09.14:56:07::SCWBDomain::9_0/lib/xdmaps_hw.o ps7_cortexa9_0/lib/xdmaps_selftest.o ps7_cortexa9_0/lib/xdmaps_sinit.o ps7_cortexa9_0/lib/xemacps.o ps7_cor
TRACE::2024-08-09.14:56:07::SCWBDomain::texa9_0/lib/xemacps_bdring.o ps7_cortexa9_0/lib/xemacps_control.o ps7_cortexa9_0/lib/xemacps_g.o ps7_cortexa9_0/lib/xemacps_hw.
TRACE::2024-08-09.14:56:07::SCWBDomain::o ps7_cortexa9_0/lib/xemacps_intr.o ps7_cortexa9_0/lib/xemacps_sinit.o ps7_cortexa9_0/lib/xgpiops.o ps7_cortexa9_0/lib/xgpiops_
TRACE::2024-08-09.14:56:07::SCWBDomain::g.o ps7_cortexa9_0/lib/xgpiops_hw.o ps7_cortexa9_0/lib/xgpiops_intr.o ps7_cortexa9_0/lib/xgpiops_selftest.o ps7_cortexa9_0/lib/
TRACE::2024-08-09.14:56:07::SCWBDomain::xgpiops_sinit.o ps7_cortexa9_0/lib/xil-crt0.o ps7_cortexa9_0/lib/xil_assert.o ps7_cortexa9_0/lib/xil_cache.o ps7_cortexa9_0/lib
TRACE::2024-08-09.14:56:07::SCWBDomain::/xil_clocking.o ps7_cortexa9_0/lib/xil_exception.o ps7_cortexa9_0/lib/xil_mem.o ps7_cortexa9_0/lib/xil_misc_psreset_api.o ps7_c
TRACE::2024-08-09.14:56:07::SCWBDomain::ortexa9_0/lib/xil_mmu.o ps7_cortexa9_0/lib/xil_printf.o ps7_cortexa9_0/lib/xil_sleepcommon.o ps7_cortexa9_0/lib/xil_sleeptimer.
TRACE::2024-08-09.14:56:07::SCWBDomain::o ps7_cortexa9_0/lib/xil_spinlock.o ps7_cortexa9_0/lib/xil_testcache.o ps7_cortexa9_0/lib/xil_testio.o ps7_cortexa9_0/lib/xil_t
TRACE::2024-08-09.14:56:07::SCWBDomain::estmem.o ps7_cortexa9_0/lib/xil_util.o ps7_cortexa9_0/lib/xinterrupt_wrap.o ps7_cortexa9_0/lib/xl2cc_counter.o ps7_cortexa9_0/l
TRACE::2024-08-09.14:56:07::SCWBDomain::ib/xplatform_info.o ps7_cortexa9_0/lib/xpm_counter.o ps7_cortexa9_0/lib/xpm_init.o ps7_cortexa9_0/lib/xqspips.o ps7_cortexa9_0/
TRACE::2024-08-09.14:56:07::SCWBDomain::lib/xqspips_g.o ps7_cortexa9_0/lib/xqspips_hw.o ps7_cortexa9_0/lib/xqspips_options.o ps7_cortexa9_0/lib/xqspips_selftest.o ps7_
TRACE::2024-08-09.14:56:07::SCWBDomain::cortexa9_0/lib/xqspips_sinit.o ps7_cortexa9_0/lib/xscugic.o ps7_cortexa9_0/lib/xscugic_g.o ps7_cortexa9_0/lib/xscugic_hw.o ps7_
TRACE::2024-08-09.14:56:07::SCWBDomain::cortexa9_0/lib/xscugic_intr.o ps7_cortexa9_0/lib/xscugic_selftest.o ps7_cortexa9_0/lib/xscugic_sinit.o ps7_cortexa9_0/lib/xscut
TRACE::2024-08-09.14:56:07::SCWBDomain::imer.o ps7_cortexa9_0/lib/xscutimer_g.o ps7_cortexa9_0/lib/xscutimer_selftest.o ps7_cortexa9_0/lib/xscutimer_sinit.o ps7_cortex
TRACE::2024-08-09.14:56:07::SCWBDomain::a9_0/lib/xscuwdt.o ps7_cortexa9_0/lib/xscuwdt_g.o ps7_cortexa9_0/lib/xscuwdt_selftest.o ps7_cortexa9_0/lib/xscuwdt_sinit.o ps7_
TRACE::2024-08-09.14:56:07::SCWBDomain::cortexa9_0/lib/xsdps.o ps7_cortexa9_0/lib/xsdps_card.o ps7_cortexa9_0/lib/xsdps_g.o ps7_cortexa9_0/lib/xsdps_host.o ps7_cortexa
TRACE::2024-08-09.14:56:07::SCWBDomain::9_0/lib/xsdps_options.o ps7_cortexa9_0/lib/xsdps_sinit.o ps7_cortexa9_0/lib/xsysmon.o ps7_cortexa9_0/lib/xsysmon_g.o ps7_cortex
TRACE::2024-08-09.14:56:07::SCWBDomain::a9_0/lib/xsysmon_intr.o ps7_cortexa9_0/lib/xsysmon_selftest.o ps7_cortexa9_0/lib/xsysmon_sinit.o ps7_cortexa9_0/lib/xtime_l.o p
TRACE::2024-08-09.14:56:07::SCWBDomain::s7_cortexa9_0/lib/xttcps.o ps7_cortexa9_0/lib/xttcps_g.o ps7_cortexa9_0/lib/xttcps_options.o ps7_cortexa9_0/lib/xttcps_selftest
TRACE::2024-08-09.14:56:07::SCWBDomain::.o ps7_cortexa9_0/lib/xttcps_sinit.o ps7_cortexa9_0/lib/xuartps.o ps7_cortexa9_0/lib/xuartps_g.o ps7_cortexa9_0/lib/xuartps_hw.
TRACE::2024-08-09.14:56:07::SCWBDomain::o ps7_cortexa9_0/lib/xuartps_intr.o ps7_cortexa9_0/lib/xuartps_options.o ps7_cortexa9_0/lib/xuartps_selftest.o ps7_cortexa9_0/l
TRACE::2024-08-09.14:56:07::SCWBDomain::ib/xuartps_sinit.o ps7_cortexa9_0/lib/xusbps.o ps7_cortexa9_0/lib/xusbps_endpoint.o ps7_cortexa9_0/lib/xusbps_g.o ps7_cortexa9_
TRACE::2024-08-09.14:56:07::SCWBDomain::0/lib/xusbps_hw.o ps7_cortexa9_0/lib/xusbps_intr.o ps7_cortexa9_0/lib/xusbps_sinit.o

TRACE::2024-08-09.14:56:07::SCWBDomain::'Finished building libraries'

TRACE::2024-08-09.14:56:07::SCWBDomain::make: Leaving directory 'D:/Projects_Embedded/Closed_Loop/Vitis_3adc/3LFCC_3adc_platform/zynq_fsbl/zynq_fsbl_bsp'

TRACE::2024-08-09.14:56:08::SCWBDomain::arm-none-eabi-gcc  -O2 -c -MMD -MP       -mcpu=cortex-a9 -mfpu=vfpv3 -mfloat-abi=hard  -c sd.c -o sd.o -Izynq_fsbl_bsp/ps7_cort
TRACE::2024-08-09.14:56:08::SCWBDomain::exa9_0/include -I.

TRACE::2024-08-09.14:56:08::SCWBDomain::arm-none-eabi-gcc  -O2 -c -MMD -MP       -mcpu=cortex-a9 -mfpu=vfpv3 -mfloat-abi=hard  -c nand.c -o nand.o -Izynq_fsbl_bsp/ps7_
TRACE::2024-08-09.14:56:08::SCWBDomain::cortexa9_0/include -I.

TRACE::2024-08-09.14:56:08::SCWBDomain::arm-none-eabi-gcc  -O2 -c -MMD -MP       -mcpu=cortex-a9 -mfpu=vfpv3 -mfloat-abi=hard  -c nor.c -o nor.o -Izynq_fsbl_bsp/ps7_co
TRACE::2024-08-09.14:56:08::SCWBDomain::rtexa9_0/include -I.

TRACE::2024-08-09.14:56:08::SCWBDomain::arm-none-eabi-gcc  -O2 -c -MMD -MP       -mcpu=cortex-a9 -mfpu=vfpv3 -mfloat-abi=hard  -c image_mover.c -o image_mover.o -Izynq
TRACE::2024-08-09.14:56:08::SCWBDomain::_fsbl_bsp/ps7_cortexa9_0/include -I.

TRACE::2024-08-09.14:56:08::SCWBDomain::arm-none-eabi-gcc  -O2 -c -MMD -MP       -mcpu=cortex-a9 -mfpu=vfpv3 -mfloat-abi=hard  -c md5.c -o md5.o -Izynq_fsbl_bsp/ps7_co
TRACE::2024-08-09.14:56:08::SCWBDomain::rtexa9_0/include -I.

TRACE::2024-08-09.14:56:08::SCWBDomain::arm-none-eabi-gcc  -O2 -c -MMD -MP       -mcpu=cortex-a9 -mfpu=vfpv3 -mfloat-abi=hard  -c fsbl_hooks.c -o fsbl_hooks.o -Izynq_f
TRACE::2024-08-09.14:56:08::SCWBDomain::sbl_bsp/ps7_cortexa9_0/include -I.

TRACE::2024-08-09.14:56:08::SCWBDomain::arm-none-eabi-gcc  -O2 -c -MMD -MP       -mcpu=cortex-a9 -mfpu=vfpv3 -mfloat-abi=hard  -c main.c -o main.o -Izynq_fsbl_bsp/ps7_
TRACE::2024-08-09.14:56:08::SCWBDomain::cortexa9_0/include -I.

TRACE::2024-08-09.14:56:09::SCWBDomain::arm-none-eabi-gcc  -O2 -c -MMD -MP       -mcpu=cortex-a9 -mfpu=vfpv3 -mfloat-abi=hard  -c rsa.c -o rsa.o -Izynq_fsbl_bsp/ps7_co
TRACE::2024-08-09.14:56:09::SCWBDomain::rtexa9_0/include -I.

TRACE::2024-08-09.14:56:09::SCWBDomain::arm-none-eabi-gcc  -O2 -c -MMD -MP       -mcpu=cortex-a9 -mfpu=vfpv3 -mfloat-abi=hard  -c qspi.c -o qspi.o -Izynq_fsbl_bsp/ps7_
TRACE::2024-08-09.14:56:09::SCWBDomain::cortexa9_0/include -I.

TRACE::2024-08-09.14:56:09::SCWBDomain::arm-none-eabi-gcc  -O2 -c -MMD -MP       -mcpu=cortex-a9 -mfpu=vfpv3 -mfloat-abi=hard  -c ps7_init.c -o ps7_init.o -Izynq_fsbl_
TRACE::2024-08-09.14:56:09::SCWBDomain::bsp/ps7_cortexa9_0/include -I.

TRACE::2024-08-09.14:56:09::SCWBDomain::arm-none-eabi-gcc  -O2 -c -MMD -MP       -mcpu=cortex-a9 -mfpu=vfpv3 -mfloat-abi=hard  -c pcap.c -o pcap.o -Izynq_fsbl_bsp/ps7_
TRACE::2024-08-09.14:56:09::SCWBDomain::cortexa9_0/include -I.

TRACE::2024-08-09.14:56:09::SCWBDomain::arm-none-eabi-gcc  -O2 -c -MMD -MP       -mcpu=cortex-a9 -mfpu=vfpv3 -mfloat-abi=hard  -c fsbl_handoff.S -o fsbl_handoff.o -Izy
TRACE::2024-08-09.14:56:09::SCWBDomain::nq_fsbl_bsp/ps7_cortexa9_0/include -I.

TRACE::2024-08-09.14:56:09::SCWBDomain::arm-none-eabi-gcc -o fsbl.elf fsbl_handoff.o fsbl_hooks.o image_mover.o main.o md5.o nand.o nor.o pcap.o ps7_init.o qspi.o rsa.
TRACE::2024-08-09.14:56:09::SCWBDomain::o sd.o -MMD -MP       -mcpu=cortex-a9 -mfpu=vfpv3 -mfloat-abi=hard   -mcpu=cortex-a9 -mfpu=vfpv3 -mfloat-abi=hard -Wl,-build-id
TRACE::2024-08-09.14:56:09::SCWBDomain::=none -specs=Xilinx.spec  -lrsa -Wl,--start-group,-lxil,-lgcc,-lc,--end-group -Wl,--start-group,-lxilffs,-lxil,-lgcc,-lc,--end-
TRACE::2024-08-09.14:56:09::SCWBDomain::group -Wl,--start-group,-lrsa,-lxil,-lgcc,-lc,--end-group                                       -Wl,--gc-sections -Lzynq_fsbl_b
TRACE::2024-08-09.14:56:09::SCWBDomain::sp/ps7_cortexa9_0/lib -L./ -Tlscript.ld

LOG::2024-08-09.14:56:10::SCWSystem::Checking the domain standalone_domain
LOG::2024-08-09.14:56:10::SCWSystem::Not a boot domain 
LOG::2024-08-09.14:56:10::SCWSystem::Started Processing the domain standalone_domain
TRACE::2024-08-09.14:56:10::SCWDomain::Generating domain artifcats
TRACE::2024-08-09.14:56:10::SCWMssOS::Generating standalone artifcats
TRACE::2024-08-09.14:56:10::SCWMssOS::Copying the qemu file from  D:/Projects_Embedded/Closed_Loop/Vitis_3adc/3LFCC_3adc_platform/resources/3LFCC_3adc_platform/standalone_domain/qemu_args.txt To D:/Projects_Embedded/Closed_Loop/Vitis_3adc/3LFCC_3adc_platform/export/3LFCC_3adc_platform/sw/3LFCC_3adc_platform/qemu/
TRACE::2024-08-09.14:56:10::SCWMssOS::Copying the qemu file from  D:/Projects_Embedded/Closed_Loop/Vitis_3adc/3LFCC_3adc_platform/resources/3LFCC_3adc_platform/standalone_domain/qemu_args.txt To D:/Projects_Embedded/Closed_Loop/Vitis_3adc/3LFCC_3adc_platform/export/3LFCC_3adc_platform/sw/3LFCC_3adc_platform/standalone_domain/qemu/
TRACE::2024-08-09.14:56:10::SCWMssOS:: Copying the user libraries. 
TRACE::2024-08-09.14:56:10::SCWPlatform::Trying to open the hw design at D:/Projects_Embedded/Closed_Loop/Vitis_3adc/3LFCC_3adc_platform/hw/Design_Closed_Loop_3adc.xsa
TRACE::2024-08-09.14:56:10::SCWPlatform::DSA given D:/Projects_Embedded/Closed_Loop/Vitis_3adc/3LFCC_3adc_platform/hw/Design_Closed_Loop_3adc.xsa
TRACE::2024-08-09.14:56:10::SCWPlatform::DSA absoulate path D:/Projects_Embedded/Closed_Loop/Vitis_3adc/3LFCC_3adc_platform/hw/Design_Closed_Loop_3adc.xsa
TRACE::2024-08-09.14:56:10::SCWPlatform::DSA directory D:/Projects_Embedded/Closed_Loop/Vitis_3adc/3LFCC_3adc_platform/hw
TRACE::2024-08-09.14:56:10::SCWPlatform:: Platform Path D:/Projects_Embedded/Closed_Loop/Vitis_3adc/3LFCC_3adc_platform/hw/Design_Closed_Loop_3adc.xsa
TRACE::2024-08-09.14:56:10::SCWPlatform:: Unique name xilinx:zybo::0.0
TRACE::2024-08-09.14:56:10::SCWPlatform::Trying to set the existing hwdb with name Design_Closed_Loop_wrapper_1
TRACE::2024-08-09.14:56:10::SCWPlatform::Opened existing hwdb Design_Closed_Loop_wrapper_1
TRACE::2024-08-09.14:56:10::SCWPlatform::Found the Hw Db part of the input DSA
TRACE::2024-08-09.14:56:10::SCWMssOS::Checking the sw design at  D:/Projects_Embedded/Closed_Loop/Vitis_3adc/3LFCC_3adc_platform/ps7_cortexa9_0/standalone_domain/bsp/system.mss
TRACE::2024-08-09.14:56:10::SCWMssOS::DEBUG:  swdes dump  D:/Projects_Embedded/Closed_Loop/Vitis_3adc/3LFCC_3adc_platform/ps7_cortexa9_0/standalone_domain/bsp/system.mss|system_0||
D:/Projects_Embedded/Closed_Loop/Vitis_3adc/3LFCC_3adc_platform/zynq_fsbl/zynq_fsbl_bsp/system.mss|system||

TRACE::2024-08-09.14:56:10::SCWMssOS::Sw design exists and opened at  D:/Projects_Embedded/Closed_Loop/Vitis_3adc/3LFCC_3adc_platform/ps7_cortexa9_0/standalone_domain/bsp/system.mss
TRACE::2024-08-09.14:56:10::SCWMssOS::Completed writing the mss file at D:/Projects_Embedded/Closed_Loop/Vitis_3adc/3LFCC_3adc_platform/ps7_cortexa9_0/standalone_domain/bsp
TRACE::2024-08-09.14:56:10::SCWMssOS::Mss edits present, copying mssfile into export location D:/Projects_Embedded/Closed_Loop/Vitis_3adc/3LFCC_3adc_platform/ps7_cortexa9_0/standalone_domain/bsp/system.mss
TRACE::2024-08-09.14:56:10::SCWMssOS::bsp generated is upto date with the mss file. Skipping bsp generation.
TRACE::2024-08-09.14:56:10::SCWMssOS::BSP is already built. skipping the bsp build ... 
TRACE::2024-08-09.14:56:10::SCWDomain::Building the domain as part of full build :  standalone_domain
TRACE::2024-08-09.14:56:10::SCWMssOS::doing bsp build ... 
TRACE::2024-08-09.14:56:10::SCWMssOS::System Command Ran  D: & cd  D:/Projects_Embedded/Closed_Loop/Vitis_3adc/3LFCC_3adc_platform/ps7_cortexa9_0/standalone_domain/bsp & make 
TRACE::2024-08-09.14:56:10::SCWMssOS::make --no-print-directory seq_libs

TRACE::2024-08-09.14:56:10::SCWMssOS::"Running Make include in ps7_cortexa9_0/libsrc/clk_wiz_v1_6/src"

TRACE::2024-08-09.14:56:10::SCWMssOS::make -C ps7_cortexa9_0/libsrc/clk_wiz_v1_6/src -s include  "SHELL=CMD" "COMPILER=arm-none-eabi-gcc" "ASSEMBLER=arm-none-eabi-as
TRACE::2024-08-09.14:56:10::SCWMssOS::" "ARCHIVER=arm-none-eabi-ar" "COMPILER_FLAGS=  -O2 -c" "EXTRA_COMPILER_FLAGS=-mcpu=cortex-a9 -mfpu=vfpv3 -mfloat-abi=hard -nos
TRACE::2024-08-09.14:56:10::SCWMssOS::tartfiles -g -Wall -Wextra -fno-tree-loop-distribute-patterns"

TRACE::2024-08-09.14:56:10::SCWMssOS::"Running Make include in ps7_cortexa9_0/libsrc/coresightps_dcc_v1_9/src"

TRACE::2024-08-09.14:56:10::SCWMssOS::make -C ps7_cortexa9_0/libsrc/coresightps_dcc_v1_9/src -s include  "SHELL=CMD" "COMPILER=arm-none-eabi-gcc" "ASSEMBLER=arm-none
TRACE::2024-08-09.14:56:10::SCWMssOS::-eabi-as" "ARCHIVER=arm-none-eabi-ar" "COMPILER_FLAGS=  -O2 -c" "EXTRA_COMPILER_FLAGS=-mcpu=cortex-a9 -mfpu=vfpv3 -mfloat-abi=h
TRACE::2024-08-09.14:56:10::SCWMssOS::ard -nostartfiles -g -Wall -Wextra -fno-tree-loop-distribute-patterns"

TRACE::2024-08-09.14:56:10::SCWMssOS::"Running Make include in ps7_cortexa9_0/libsrc/cpu_cortexa9_v2_12/src"

TRACE::2024-08-09.14:56:10::SCWMssOS::make -C ps7_cortexa9_0/libsrc/cpu_cortexa9_v2_12/src -s include  "SHELL=CMD" "COMPILER=arm-none-eabi-gcc" "ASSEMBLER=arm-none-e
TRACE::2024-08-09.14:56:10::SCWMssOS::abi-as" "ARCHIVER=arm-none-eabi-ar" "COMPILER_FLAGS=  -O2 -c" "EXTRA_COMPILER_FLAGS=-mcpu=cortex-a9 -mfpu=vfpv3 -mfloat-abi=har
TRACE::2024-08-09.14:56:10::SCWMssOS::d -nostartfiles -g -Wall -Wextra -fno-tree-loop-distribute-patterns"

TRACE::2024-08-09.14:56:10::SCWMssOS::"Running Make include in ps7_cortexa9_0/libsrc/ddrps_v1_2/src"

TRACE::2024-08-09.14:56:10::SCWMssOS::make -C ps7_cortexa9_0/libsrc/ddrps_v1_2/src -s include  "SHELL=CMD" "COMPILER=arm-none-eabi-gcc" "ASSEMBLER=arm-none-eabi-as" 
TRACE::2024-08-09.14:56:10::SCWMssOS::"ARCHIVER=arm-none-eabi-ar" "COMPILER_FLAGS=  -O2 -c" "EXTRA_COMPILER_FLAGS=-mcpu=cortex-a9 -mfpu=vfpv3 -mfloat-abi=hard -nosta
TRACE::2024-08-09.14:56:10::SCWMssOS::rtfiles -g -Wall -Wextra -fno-tree-loop-distribute-patterns"

TRACE::2024-08-09.14:56:10::SCWMssOS::"Running Make include in ps7_cortexa9_0/libsrc/devcfg_v3_8/src"

TRACE::2024-08-09.14:56:10::SCWMssOS::make -C ps7_cortexa9_0/libsrc/devcfg_v3_8/src -s include  "SHELL=CMD" "COMPILER=arm-none-eabi-gcc" "ASSEMBLER=arm-none-eabi-as"
TRACE::2024-08-09.14:56:10::SCWMssOS:: "ARCHIVER=arm-none-eabi-ar" "COMPILER_FLAGS=  -O2 -c" "EXTRA_COMPILER_FLAGS=-mcpu=cortex-a9 -mfpu=vfpv3 -mfloat-abi=hard -nost
TRACE::2024-08-09.14:56:10::SCWMssOS::artfiles -g -Wall -Wextra -fno-tree-loop-distribute-patterns"

TRACE::2024-08-09.14:56:10::SCWMssOS::"Running Make include in ps7_cortexa9_0/libsrc/dmaps_v2_9/src"

TRACE::2024-08-09.14:56:10::SCWMssOS::make -C ps7_cortexa9_0/libsrc/dmaps_v2_9/src -s include  "SHELL=CMD" "COMPILER=arm-none-eabi-gcc" "ASSEMBLER=arm-none-eabi-as" 
TRACE::2024-08-09.14:56:10::SCWMssOS::"ARCHIVER=arm-none-eabi-ar" "COMPILER_FLAGS=  -O2 -c" "EXTRA_COMPILER_FLAGS=-mcpu=cortex-a9 -mfpu=vfpv3 -mfloat-abi=hard -nosta
TRACE::2024-08-09.14:56:10::SCWMssOS::rtfiles -g -Wall -Wextra -fno-tree-loop-distribute-patterns"

TRACE::2024-08-09.14:56:10::SCWMssOS::"Running Make include in ps7_cortexa9_0/libsrc/emacps_v3_19/src"

TRACE::2024-08-09.14:56:10::SCWMssOS::make -C ps7_cortexa9_0/libsrc/emacps_v3_19/src -s include  "SHELL=CMD" "COMPILER=arm-none-eabi-gcc" "ASSEMBLER=arm-none-eabi-as
TRACE::2024-08-09.14:56:10::SCWMssOS::" "ARCHIVER=arm-none-eabi-ar" "COMPILER_FLAGS=  -O2 -c" "EXTRA_COMPILER_FLAGS=-mcpu=cortex-a9 -mfpu=vfpv3 -mfloat-abi=hard -nos
TRACE::2024-08-09.14:56:10::SCWMssOS::tartfiles -g -Wall -Wextra -fno-tree-loop-distribute-patterns"

TRACE::2024-08-09.14:56:10::SCWMssOS::"Running Make include in ps7_cortexa9_0/libsrc/gpiops_v3_12/src"

TRACE::2024-08-09.14:56:10::SCWMssOS::make -C ps7_cortexa9_0/libsrc/gpiops_v3_12/src -s include  "SHELL=CMD" "COMPILER=arm-none-eabi-gcc" "ASSEMBLER=arm-none-eabi-as
TRACE::2024-08-09.14:56:10::SCWMssOS::" "ARCHIVER=arm-none-eabi-ar" "COMPILER_FLAGS=  -O2 -c" "EXTRA_COMPILER_FLAGS=-mcpu=cortex-a9 -mfpu=vfpv3 -mfloat-abi=hard -nos
TRACE::2024-08-09.14:56:10::SCWMssOS::tartfiles -g -Wall -Wextra -fno-tree-loop-distribute-patterns"

TRACE::2024-08-09.14:56:10::SCWMssOS::"Running Make include in ps7_cortexa9_0/libsrc/PS_to_Regs_v1_0/src"

TRACE::2024-08-09.14:56:10::SCWMssOS::make -C ps7_cortexa9_0/libsrc/PS_to_Regs_v1_0/src -s include  "SHELL=CMD" "COMPILER=arm-none-eabi-gcc" "ASSEMBLER=arm-none-eabi
TRACE::2024-08-09.14:56:10::SCWMssOS::-as" "ARCHIVER=arm-none-eabi-ar" "COMPILER_FLAGS=  -O2 -c" "EXTRA_COMPILER_FLAGS=-mcpu=cortex-a9 -mfpu=vfpv3 -mfloat-abi=hard -
TRACE::2024-08-09.14:56:10::SCWMssOS::nostartfiles -g -Wall -Wextra -fno-tree-loop-distribute-patterns"

TRACE::2024-08-09.14:56:10::SCWMssOS::"Running Make include in ps7_cortexa9_0/libsrc/qspips_v3_11/src"

TRACE::2024-08-09.14:56:10::SCWMssOS::make -C ps7_cortexa9_0/libsrc/qspips_v3_11/src -s include  "SHELL=CMD" "COMPILER=arm-none-eabi-gcc" "ASSEMBLER=arm-none-eabi-as
TRACE::2024-08-09.14:56:10::SCWMssOS::" "ARCHIVER=arm-none-eabi-ar" "COMPILER_FLAGS=  -O2 -c" "EXTRA_COMPILER_FLAGS=-mcpu=cortex-a9 -mfpu=vfpv3 -mfloat-abi=hard -nos
TRACE::2024-08-09.14:56:10::SCWMssOS::tartfiles -g -Wall -Wextra -fno-tree-loop-distribute-patterns"

TRACE::2024-08-09.14:56:11::SCWMssOS::"Running Make include in ps7_cortexa9_0/libsrc/scugic_v5_2/src"

TRACE::2024-08-09.14:56:11::SCWMssOS::make -C ps7_cortexa9_0/libsrc/scugic_v5_2/src -s include  "SHELL=CMD" "COMPILER=arm-none-eabi-gcc" "ASSEMBLER=arm-none-eabi-as"
TRACE::2024-08-09.14:56:11::SCWMssOS:: "ARCHIVER=arm-none-eabi-ar" "COMPILER_FLAGS=  -O2 -c" "EXTRA_COMPILER_FLAGS=-mcpu=cortex-a9 -mfpu=vfpv3 -mfloat-abi=hard -nost
TRACE::2024-08-09.14:56:11::SCWMssOS::artfiles -g -Wall -Wextra -fno-tree-loop-distribute-patterns"

TRACE::2024-08-09.14:56:11::SCWMssOS::"Running Make include in ps7_cortexa9_0/libsrc/scutimer_v2_5/src"

TRACE::2024-08-09.14:56:11::SCWMssOS::make -C ps7_cortexa9_0/libsrc/scutimer_v2_5/src -s include  "SHELL=CMD" "COMPILER=arm-none-eabi-gcc" "ASSEMBLER=arm-none-eabi-a
TRACE::2024-08-09.14:56:11::SCWMssOS::s" "ARCHIVER=arm-none-eabi-ar" "COMPILER_FLAGS=  -O2 -c" "EXTRA_COMPILER_FLAGS=-mcpu=cortex-a9 -mfpu=vfpv3 -mfloat-abi=hard -no
TRACE::2024-08-09.14:56:11::SCWMssOS::startfiles -g -Wall -Wextra -fno-tree-loop-distribute-patterns"

TRACE::2024-08-09.14:56:11::SCWMssOS::"Running Make include in ps7_cortexa9_0/libsrc/scuwdt_v2_5/src"

TRACE::2024-08-09.14:56:11::SCWMssOS::make -C ps7_cortexa9_0/libsrc/scuwdt_v2_5/src -s include  "SHELL=CMD" "COMPILER=arm-none-eabi-gcc" "ASSEMBLER=arm-none-eabi-as"
TRACE::2024-08-09.14:56:11::SCWMssOS:: "ARCHIVER=arm-none-eabi-ar" "COMPILER_FLAGS=  -O2 -c" "EXTRA_COMPILER_FLAGS=-mcpu=cortex-a9 -mfpu=vfpv3 -mfloat-abi=hard -nost
TRACE::2024-08-09.14:56:11::SCWMssOS::artfiles -g -Wall -Wextra -fno-tree-loop-distribute-patterns"

TRACE::2024-08-09.14:56:11::SCWMssOS::"Running Make include in ps7_cortexa9_0/libsrc/sdps_v4_2/src"

TRACE::2024-08-09.14:56:11::SCWMssOS::make -C ps7_cortexa9_0/libsrc/sdps_v4_2/src -s include  "SHELL=CMD" "COMPILER=arm-none-eabi-gcc" "ASSEMBLER=arm-none-eabi-as" "
TRACE::2024-08-09.14:56:11::SCWMssOS::ARCHIVER=arm-none-eabi-ar" "COMPILER_FLAGS=  -O2 -c" "EXTRA_COMPILER_FLAGS=-mcpu=cortex-a9 -mfpu=vfpv3 -mfloat-abi=hard -nostar
TRACE::2024-08-09.14:56:11::SCWMssOS::tfiles -g -Wall -Wextra -fno-tree-loop-distribute-patterns"

TRACE::2024-08-09.14:56:11::SCWMssOS::"Running Make include in ps7_cortexa9_0/libsrc/standalone_v9_0/src"

TRACE::2024-08-09.14:56:11::SCWMssOS::make -C ps7_cortexa9_0/libsrc/standalone_v9_0/src -s include  "SHELL=CMD" "COMPILER=arm-none-eabi-gcc" "ASSEMBLER=arm-none-eabi
TRACE::2024-08-09.14:56:11::SCWMssOS::-as" "ARCHIVER=arm-none-eabi-ar" "COMPILER_FLAGS=  -O2 -c" "EXTRA_COMPILER_FLAGS=-mcpu=cortex-a9 -mfpu=vfpv3 -mfloat-abi=hard -
TRACE::2024-08-09.14:56:11::SCWMssOS::nostartfiles -g -Wall -Wextra -fno-tree-loop-distribute-patterns"

TRACE::2024-08-09.14:56:12::SCWMssOS::"Running Make include in ps7_cortexa9_0/libsrc/sysmon_v7_8/src"

TRACE::2024-08-09.14:56:12::SCWMssOS::make -C ps7_cortexa9_0/libsrc/sysmon_v7_8/src -s include  "SHELL=CMD" "COMPILER=arm-none-eabi-gcc" "ASSEMBLER=arm-none-eabi-as"
TRACE::2024-08-09.14:56:12::SCWMssOS:: "ARCHIVER=arm-none-eabi-ar" "COMPILER_FLAGS=  -O2 -c" "EXTRA_COMPILER_FLAGS=-mcpu=cortex-a9 -mfpu=vfpv3 -mfloat-abi=hard -nost
TRACE::2024-08-09.14:56:12::SCWMssOS::artfiles -g -Wall -Wextra -fno-tree-loop-distribute-patterns"

TRACE::2024-08-09.14:56:12::SCWMssOS::"Running Make include in ps7_cortexa9_0/libsrc/ttcps_v3_18/src"

TRACE::2024-08-09.14:56:12::SCWMssOS::make -C ps7_cortexa9_0/libsrc/ttcps_v3_18/src -s include  "SHELL=CMD" "COMPILER=arm-none-eabi-gcc" "ASSEMBLER=arm-none-eabi-as"
TRACE::2024-08-09.14:56:12::SCWMssOS:: "ARCHIVER=arm-none-eabi-ar" "COMPILER_FLAGS=  -O2 -c" "EXTRA_COMPILER_FLAGS=-mcpu=cortex-a9 -mfpu=vfpv3 -mfloat-abi=hard -nost
TRACE::2024-08-09.14:56:12::SCWMssOS::artfiles -g -Wall -Wextra -fno-tree-loop-distribute-patterns"

TRACE::2024-08-09.14:56:12::SCWMssOS::"Running Make include in ps7_cortexa9_0/libsrc/uartps_v3_13/src"

TRACE::2024-08-09.14:56:12::SCWMssOS::make -C ps7_cortexa9_0/libsrc/uartps_v3_13/src -s include  "SHELL=CMD" "COMPILER=arm-none-eabi-gcc" "ASSEMBLER=arm-none-eabi-as
TRACE::2024-08-09.14:56:12::SCWMssOS::" "ARCHIVER=arm-none-eabi-ar" "COMPILER_FLAGS=  -O2 -c" "EXTRA_COMPILER_FLAGS=-mcpu=cortex-a9 -mfpu=vfpv3 -mfloat-abi=hard -nos
TRACE::2024-08-09.14:56:12::SCWMssOS::tartfiles -g -Wall -Wextra -fno-tree-loop-distribute-patterns"

TRACE::2024-08-09.14:56:12::SCWMssOS::"Running Make include in ps7_cortexa9_0/libsrc/usbps_v2_8/src"

TRACE::2024-08-09.14:56:12::SCWMssOS::make -C ps7_cortexa9_0/libsrc/usbps_v2_8/src -s include  "SHELL=CMD" "COMPILER=arm-none-eabi-gcc" "ASSEMBLER=arm-none-eabi-as" 
TRACE::2024-08-09.14:56:12::SCWMssOS::"ARCHIVER=arm-none-eabi-ar" "COMPILER_FLAGS=  -O2 -c" "EXTRA_COMPILER_FLAGS=-mcpu=cortex-a9 -mfpu=vfpv3 -mfloat-abi=hard -nosta
TRACE::2024-08-09.14:56:12::SCWMssOS::rtfiles -g -Wall -Wextra -fno-tree-loop-distribute-patterns"

TRACE::2024-08-09.14:56:12::SCWMssOS::"Running Make include in ps7_cortexa9_0/libsrc/xadcps_v2_7/src"

TRACE::2024-08-09.14:56:12::SCWMssOS::make -C ps7_cortexa9_0/libsrc/xadcps_v2_7/src -s include  "SHELL=CMD" "COMPILER=arm-none-eabi-gcc" "ASSEMBLER=arm-none-eabi-as"
TRACE::2024-08-09.14:56:12::SCWMssOS:: "ARCHIVER=arm-none-eabi-ar" "COMPILER_FLAGS=  -O2 -c" "EXTRA_COMPILER_FLAGS=-mcpu=cortex-a9 -mfpu=vfpv3 -mfloat-abi=hard -nost
TRACE::2024-08-09.14:56:12::SCWMssOS::artfiles -g -Wall -Wextra -fno-tree-loop-distribute-patterns"

TRACE::2024-08-09.14:56:12::SCWMssOS::"Running Make libs in ps7_cortexa9_0/libsrc/PS_to_Regs_v1_0/src"

TRACE::2024-08-09.14:56:12::SCWMssOS::make -C ps7_cortexa9_0/libsrc/PS_to_Regs_v1_0/src -s libs  "SHELL=CMD" "COMPILER=arm-none-eabi-gcc" "ASSEMBLER=arm-none-eabi-as
TRACE::2024-08-09.14:56:12::SCWMssOS::" "ARCHIVER=arm-none-eabi-ar" "COMPILER_FLAGS=  -O2 -c" "EXTRA_COMPILER_FLAGS=-mcpu=cortex-a9 -mfpu=vfpv3 -mfloat-abi=hard -nos
TRACE::2024-08-09.14:56:12::SCWMssOS::tartfiles -g -Wall -Wextra -fno-tree-loop-distribute-patterns"

TRACE::2024-08-09.14:56:12::SCWMssOS::"Compiling Test_AXI..."

TRACE::2024-08-09.14:56:13::SCWMssOS::'Finished building libraries sequentially.'

TRACE::2024-08-09.14:56:13::SCWMssOS::make -j 6 --no-print-directory par_libs

TRACE::2024-08-09.14:56:13::SCWMssOS::"Running Make include in ps7_cortexa9_0/libsrc/clk_wiz_v1_6/src"

TRACE::2024-08-09.14:56:13::SCWMssOS::make -C ps7_cortexa9_0/libsrc/clk_wiz_v1_6/src -s include  "SHELL=CMD" "COMPILER=arm-none-eabi-gcc" "ASSEMBLER=arm-none-eabi-as
TRACE::2024-08-09.14:56:13::SCWMssOS::" "ARCHIVER=arm-none-eabi-ar" "COMPILER_FLAGS=  -O2 -c" "EXTRA_COMPILER_FLAGS=-mcpu=cortex-a9 -mfpu=vfpv3 -mfloat-abi=hard -nos
TRACE::2024-08-09.14:56:13::SCWMssOS::tartfiles -g -Wall -Wextra -fno-tree-loop-distribute-patterns"

TRACE::2024-08-09.14:56:13::SCWMssOS::"Running Make include in ps7_cortexa9_0/libsrc/coresightps_dcc_v1_9/src"

TRACE::2024-08-09.14:56:13::SCWMssOS::make -C ps7_cortexa9_0/libsrc/coresightps_dcc_v1_9/src -s include  "SHELL=CMD" "COMPILER=arm-none-eabi-gcc" "ASSEMBLER=arm-none
TRACE::2024-08-09.14:56:13::SCWMssOS::-eabi-as" "ARCHIVER=arm-none-eabi-ar" "COMPILER_FLAGS=  -O2 -c" "EXTRA_COMPILER_FLAGS=-mcpu=cortex-a9 -mfpu=vfpv3 -mfloat-abi=h
TRACE::2024-08-09.14:56:13::SCWMssOS::ard -nostartfiles -g -Wall -Wextra -fno-tree-loop-distribute-patterns"

TRACE::2024-08-09.14:56:13::SCWMssOS::"Running Make include in ps7_cortexa9_0/libsrc/cpu_cortexa9_v2_12/src"

TRACE::2024-08-09.14:56:13::SCWMssOS::make -C ps7_cortexa9_0/libsrc/cpu_cortexa9_v2_12/src -s include  "SHELL=CMD" "COMPILER=arm-none-eabi-gcc" "ASSEMBLER=arm-none-e
TRACE::2024-08-09.14:56:13::SCWMssOS::abi-as" "ARCHIVER=arm-none-eabi-ar" "COMPILER_FLAGS=  -O2 -c" "EXTRA_COMPILER_FLAGS=-mcpu=cortex-a9 -mfpu=vfpv3 -mfloat-abi=har
TRACE::2024-08-09.14:56:13::SCWMssOS::d -nostartfiles -g -Wall -Wextra -fno-tree-loop-distribute-patterns"

TRACE::2024-08-09.14:56:13::SCWMssOS::"Running Make include in ps7_cortexa9_0/libsrc/ddrps_v1_2/src"

TRACE::2024-08-09.14:56:13::SCWMssOS::make -C ps7_cortexa9_0/libsrc/ddrps_v1_2/src -s include  "SHELL=CMD" "COMPILER=arm-none-eabi-gcc" "ASSEMBLER=arm-none-eabi-as" 
TRACE::2024-08-09.14:56:13::SCWMssOS::"ARCHIVER=arm-none-eabi-ar" "COMPILER_FLAGS=  -O2 -c" "EXTRA_COMPILER_FLAGS=-mcpu=cortex-a9 -mfpu=vfpv3 -mfloat-abi=hard -nosta
TRACE::2024-08-09.14:56:13::SCWMssOS::rtfiles -g -Wall -Wextra -fno-tree-loop-distribute-patterns"

TRACE::2024-08-09.14:56:13::SCWMssOS::"Running Make include in ps7_cortexa9_0/libsrc/devcfg_v3_8/src"

TRACE::2024-08-09.14:56:13::SCWMssOS::make -C ps7_cortexa9_0/libsrc/devcfg_v3_8/src -s include  "SHELL=CMD" "COMPILER=arm-none-eabi-gcc" "ASSEMBLER=arm-none-eabi-as"
TRACE::2024-08-09.14:56:13::SCWMssOS:: "ARCHIVER=arm-none-eabi-ar" "COMPILER_FLAGS=  -O2 -c" "EXTRA_COMPILER_FLAGS=-mcpu=cortex-a9 -mfpu=vfpv3 -mfloat-abi=hard -nost
TRACE::2024-08-09.14:56:13::SCWMssOS::artfiles -g -Wall -Wextra -fno-tree-loop-distribute-patterns"

TRACE::2024-08-09.14:56:13::SCWMssOS::"Running Make include in ps7_cortexa9_0/libsrc/dmaps_v2_9/src"

TRACE::2024-08-09.14:56:13::SCWMssOS::make -C ps7_cortexa9_0/libsrc/dmaps_v2_9/src -s include  "SHELL=CMD" "COMPILER=arm-none-eabi-gcc" "ASSEMBLER=arm-none-eabi-as" 
TRACE::2024-08-09.14:56:13::SCWMssOS::"ARCHIVER=arm-none-eabi-ar" "COMPILER_FLAGS=  -O2 -c" "EXTRA_COMPILER_FLAGS=-mcpu=cortex-a9 -mfpu=vfpv3 -mfloat-abi=hard -nosta
TRACE::2024-08-09.14:56:13::SCWMssOS::rtfiles -g -Wall -Wextra -fno-tree-loop-distribute-patterns"

TRACE::2024-08-09.14:56:13::SCWMssOS::"Running Make include in ps7_cortexa9_0/libsrc/emacps_v3_19/src"

TRACE::2024-08-09.14:56:13::SCWMssOS::make -C ps7_cortexa9_0/libsrc/emacps_v3_19/src -s include  "SHELL=CMD" "COMPILER=arm-none-eabi-gcc" "ASSEMBLER=arm-none-eabi-as
TRACE::2024-08-09.14:56:13::SCWMssOS::" "ARCHIVER=arm-none-eabi-ar" "COMPILER_FLAGS=  -O2 -c" "EXTRA_COMPILER_FLAGS=-mcpu=cortex-a9 -mfpu=vfpv3 -mfloat-abi=hard -nos
TRACE::2024-08-09.14:56:13::SCWMssOS::tartfiles -g -Wall -Wextra -fno-tree-loop-distribute-patterns"

TRACE::2024-08-09.14:56:13::SCWMssOS::"Running Make include in ps7_cortexa9_0/libsrc/gpiops_v3_12/src"

TRACE::2024-08-09.14:56:13::SCWMssOS::make -C ps7_cortexa9_0/libsrc/gpiops_v3_12/src -s include  "SHELL=CMD" "COMPILER=arm-none-eabi-gcc" "ASSEMBLER=arm-none-eabi-as
TRACE::2024-08-09.14:56:13::SCWMssOS::" "ARCHIVER=arm-none-eabi-ar" "COMPILER_FLAGS=  -O2 -c" "EXTRA_COMPILER_FLAGS=-mcpu=cortex-a9 -mfpu=vfpv3 -mfloat-abi=hard -nos
TRACE::2024-08-09.14:56:13::SCWMssOS::tartfiles -g -Wall -Wextra -fno-tree-loop-distribute-patterns"

TRACE::2024-08-09.14:56:13::SCWMssOS::"Running Make include in ps7_cortexa9_0/libsrc/PS_to_Regs_v1_0/src"

TRACE::2024-08-09.14:56:13::SCWMssOS::make -C ps7_cortexa9_0/libsrc/PS_to_Regs_v1_0/src -s include  "SHELL=CMD" "COMPILER=arm-none-eabi-gcc" "ASSEMBLER=arm-none-eabi
TRACE::2024-08-09.14:56:13::SCWMssOS::-as" "ARCHIVER=arm-none-eabi-ar" "COMPILER_FLAGS=  -O2 -c" "EXTRA_COMPILER_FLAGS=-mcpu=cortex-a9 -mfpu=vfpv3 -mfloat-abi=hard -
TRACE::2024-08-09.14:56:13::SCWMssOS::nostartfiles -g -Wall -Wextra -fno-tree-loop-distribute-patterns"

TRACE::2024-08-09.14:56:13::SCWMssOS::"Running Make include in ps7_cortexa9_0/libsrc/qspips_v3_11/src"

TRACE::2024-08-09.14:56:13::SCWMssOS::make -C ps7_cortexa9_0/libsrc/qspips_v3_11/src -s include  "SHELL=CMD" "COMPILER=arm-none-eabi-gcc" "ASSEMBLER=arm-none-eabi-as
TRACE::2024-08-09.14:56:13::SCWMssOS::" "ARCHIVER=arm-none-eabi-ar" "COMPILER_FLAGS=  -O2 -c" "EXTRA_COMPILER_FLAGS=-mcpu=cortex-a9 -mfpu=vfpv3 -mfloat-abi=hard -nos
TRACE::2024-08-09.14:56:13::SCWMssOS::tartfiles -g -Wall -Wextra -fno-tree-loop-distribute-patterns"

TRACE::2024-08-09.14:56:13::SCWMssOS::"Running Make include in ps7_cortexa9_0/libsrc/scugic_v5_2/src"

TRACE::2024-08-09.14:56:13::SCWMssOS::make -C ps7_cortexa9_0/libsrc/scugic_v5_2/src -s include  "SHELL=CMD" "COMPILER=arm-none-eabi-gcc" "ASSEMBLER=arm-none-eabi-as"
TRACE::2024-08-09.14:56:13::SCWMssOS:: "ARCHIVER=arm-none-eabi-ar" "COMPILER_FLAGS=  -O2 -c" "EXTRA_COMPILER_FLAGS=-mcpu=cortex-a9 -mfpu=vfpv3 -mfloat-abi=hard -nost
TRACE::2024-08-09.14:56:13::SCWMssOS::artfiles -g -Wall -Wextra -fno-tree-loop-distribute-patterns"

TRACE::2024-08-09.14:56:13::SCWMssOS::"Running Make include in ps7_cortexa9_0/libsrc/scutimer_v2_5/src"

TRACE::2024-08-09.14:56:13::SCWMssOS::make -C ps7_cortexa9_0/libsrc/scutimer_v2_5/src -s include  "SHELL=CMD" "COMPILER=arm-none-eabi-gcc" "ASSEMBLER=arm-none-eabi-a
TRACE::2024-08-09.14:56:13::SCWMssOS::s" "ARCHIVER=arm-none-eabi-ar" "COMPILER_FLAGS=  -O2 -c" "EXTRA_COMPILER_FLAGS=-mcpu=cortex-a9 -mfpu=vfpv3 -mfloat-abi=hard -no
TRACE::2024-08-09.14:56:13::SCWMssOS::startfiles -g -Wall -Wextra -fno-tree-loop-distribute-patterns"

TRACE::2024-08-09.14:56:13::SCWMssOS::"Running Make include in ps7_cortexa9_0/libsrc/scuwdt_v2_5/src"

TRACE::2024-08-09.14:56:13::SCWMssOS::make -C ps7_cortexa9_0/libsrc/scuwdt_v2_5/src -s include  "SHELL=CMD" "COMPILER=arm-none-eabi-gcc" "ASSEMBLER=arm-none-eabi-as"
TRACE::2024-08-09.14:56:13::SCWMssOS:: "ARCHIVER=arm-none-eabi-ar" "COMPILER_FLAGS=  -O2 -c" "EXTRA_COMPILER_FLAGS=-mcpu=cortex-a9 -mfpu=vfpv3 -mfloat-abi=hard -nost
TRACE::2024-08-09.14:56:13::SCWMssOS::artfiles -g -Wall -Wextra -fno-tree-loop-distribute-patterns"

TRACE::2024-08-09.14:56:13::SCWMssOS::"Running Make include in ps7_cortexa9_0/libsrc/sdps_v4_2/src"

TRACE::2024-08-09.14:56:13::SCWMssOS::make -C ps7_cortexa9_0/libsrc/sdps_v4_2/src -s include  "SHELL=CMD" "COMPILER=arm-none-eabi-gcc" "ASSEMBLER=arm-none-eabi-as" "
TRACE::2024-08-09.14:56:13::SCWMssOS::ARCHIVER=arm-none-eabi-ar" "COMPILER_FLAGS=  -O2 -c" "EXTRA_COMPILER_FLAGS=-mcpu=cortex-a9 -mfpu=vfpv3 -mfloat-abi=hard -nostar
TRACE::2024-08-09.14:56:13::SCWMssOS::tfiles -g -Wall -Wextra -fno-tree-loop-distribute-patterns"

TRACE::2024-08-09.14:56:13::SCWMssOS::"Running Make include in ps7_cortexa9_0/libsrc/standalone_v9_0/src"

TRACE::2024-08-09.14:56:13::SCWMssOS::make -C ps7_cortexa9_0/libsrc/standalone_v9_0/src -s include  "SHELL=CMD" "COMPILER=arm-none-eabi-gcc" "ASSEMBLER=arm-none-eabi
TRACE::2024-08-09.14:56:13::SCWMssOS::-as" "ARCHIVER=arm-none-eabi-ar" "COMPILER_FLAGS=  -O2 -c" "EXTRA_COMPILER_FLAGS=-mcpu=cortex-a9 -mfpu=vfpv3 -mfloat-abi=hard -
TRACE::2024-08-09.14:56:13::SCWMssOS::nostartfiles -g -Wall -Wextra -fno-tree-loop-distribute-patterns"

TRACE::2024-08-09.14:56:13::SCWMssOS::"Running Make include in ps7_cortexa9_0/libsrc/sysmon_v7_8/src"

TRACE::2024-08-09.14:56:13::SCWMssOS::make -C ps7_cortexa9_0/libsrc/sysmon_v7_8/src -s include  "SHELL=CMD" "COMPILER=arm-none-eabi-gcc" "ASSEMBLER=arm-none-eabi-as"
TRACE::2024-08-09.14:56:13::SCWMssOS:: "ARCHIVER=arm-none-eabi-ar" "COMPILER_FLAGS=  -O2 -c" "EXTRA_COMPILER_FLAGS=-mcpu=cortex-a9 -mfpu=vfpv3 -mfloat-abi=hard -nost
TRACE::2024-08-09.14:56:13::SCWMssOS::artfiles -g -Wall -Wextra -fno-tree-loop-distribute-patterns"

TRACE::2024-08-09.14:56:13::SCWMssOS::"Running Make include in ps7_cortexa9_0/libsrc/ttcps_v3_18/src"

TRACE::2024-08-09.14:56:13::SCWMssOS::make -C ps7_cortexa9_0/libsrc/ttcps_v3_18/src -s include  "SHELL=CMD" "COMPILER=arm-none-eabi-gcc" "ASSEMBLER=arm-none-eabi-as"
TRACE::2024-08-09.14:56:13::SCWMssOS:: "ARCHIVER=arm-none-eabi-ar" "COMPILER_FLAGS=  -O2 -c" "EXTRA_COMPILER_FLAGS=-mcpu=cortex-a9 -mfpu=vfpv3 -mfloat-abi=hard -nost
TRACE::2024-08-09.14:56:13::SCWMssOS::artfiles -g -Wall -Wextra -fno-tree-loop-distribute-patterns"

TRACE::2024-08-09.14:56:13::SCWMssOS::"Running Make include in ps7_cortexa9_0/libsrc/uartps_v3_13/src"

TRACE::2024-08-09.14:56:13::SCWMssOS::make -C ps7_cortexa9_0/libsrc/uartps_v3_13/src -s include  "SHELL=CMD" "COMPILER=arm-none-eabi-gcc" "ASSEMBLER=arm-none-eabi-as
TRACE::2024-08-09.14:56:13::SCWMssOS::" "ARCHIVER=arm-none-eabi-ar" "COMPILER_FLAGS=  -O2 -c" "EXTRA_COMPILER_FLAGS=-mcpu=cortex-a9 -mfpu=vfpv3 -mfloat-abi=hard -nos
TRACE::2024-08-09.14:56:13::SCWMssOS::tartfiles -g -Wall -Wextra -fno-tree-loop-distribute-patterns"

TRACE::2024-08-09.14:56:13::SCWMssOS::"Running Make include in ps7_cortexa9_0/libsrc/usbps_v2_8/src"

TRACE::2024-08-09.14:56:13::SCWMssOS::make -C ps7_cortexa9_0/libsrc/usbps_v2_8/src -s include  "SHELL=CMD" "COMPILER=arm-none-eabi-gcc" "ASSEMBLER=arm-none-eabi-as" 
TRACE::2024-08-09.14:56:13::SCWMssOS::"ARCHIVER=arm-none-eabi-ar" "COMPILER_FLAGS=  -O2 -c" "EXTRA_COMPILER_FLAGS=-mcpu=cortex-a9 -mfpu=vfpv3 -mfloat-abi=hard -nosta
TRACE::2024-08-09.14:56:13::SCWMssOS::rtfiles -g -Wall -Wextra -fno-tree-loop-distribute-patterns"

TRACE::2024-08-09.14:56:13::SCWMssOS::"Running Make include in ps7_cortexa9_0/libsrc/xadcps_v2_7/src"

TRACE::2024-08-09.14:56:13::SCWMssOS::make -C ps7_cortexa9_0/libsrc/xadcps_v2_7/src -s include  "SHELL=CMD" "COMPILER=arm-none-eabi-gcc" "ASSEMBLER=arm-none-eabi-as"
TRACE::2024-08-09.14:56:13::SCWMssOS:: "ARCHIVER=arm-none-eabi-ar" "COMPILER_FLAGS=  -O2 -c" "EXTRA_COMPILER_FLAGS=-mcpu=cortex-a9 -mfpu=vfpv3 -mfloat-abi=hard -nost
TRACE::2024-08-09.14:56:13::SCWMssOS::artfiles -g -Wall -Wextra -fno-tree-loop-distribute-patterns"

TRACE::2024-08-09.14:56:13::SCWMssOS::"Running Make libs in ps7_cortexa9_0/libsrc/clk_wiz_v1_6/src"

TRACE::2024-08-09.14:56:13::SCWMssOS::make -C ps7_cortexa9_0/libsrc/clk_wiz_v1_6/src -s libs  "SHELL=CMD" "COMPILER=arm-none-eabi-gcc" "ASSEMBLER=arm-none-eabi-as" "
TRACE::2024-08-09.14:56:13::SCWMssOS::ARCHIVER=arm-none-eabi-ar" "COMPILER_FLAGS=  -O2 -c" "EXTRA_COMPILER_FLAGS=-mcpu=cortex-a9 -mfpu=vfpv3 -mfloat-abi=hard -nostar
TRACE::2024-08-09.14:56:13::SCWMssOS::tfiles -g -Wall -Wextra -fno-tree-loop-distribute-patterns"

TRACE::2024-08-09.14:56:13::SCWMssOS::"Running Make libs in ps7_cortexa9_0/libsrc/coresightps_dcc_v1_9/src"

TRACE::2024-08-09.14:56:13::SCWMssOS::make -C ps7_cortexa9_0/libsrc/coresightps_dcc_v1_9/src -s libs  "SHELL=CMD" "COMPILER=arm-none-eabi-gcc" "ASSEMBLER=arm-none-ea
TRACE::2024-08-09.14:56:13::SCWMssOS::bi-as" "ARCHIVER=arm-none-eabi-ar" "COMPILER_FLAGS=  -O2 -c" "EXTRA_COMPILER_FLAGS=-mcpu=cortex-a9 -mfpu=vfpv3 -mfloat-abi=hard
TRACE::2024-08-09.14:56:13::SCWMssOS:: -nostartfiles -g -Wall -Wextra -fno-tree-loop-distribute-patterns"

TRACE::2024-08-09.14:56:13::SCWMssOS::"Running Make libs in ps7_cortexa9_0/libsrc/cpu_cortexa9_v2_12/src"

TRACE::2024-08-09.14:56:13::SCWMssOS::make -C ps7_cortexa9_0/libsrc/cpu_cortexa9_v2_12/src -s libs  "SHELL=CMD" "COMPILER=arm-none-eabi-gcc" "ASSEMBLER=arm-none-eabi
TRACE::2024-08-09.14:56:13::SCWMssOS::-as" "ARCHIVER=arm-none-eabi-ar" "COMPILER_FLAGS=  -O2 -c" "EXTRA_COMPILER_FLAGS=-mcpu=cortex-a9 -mfpu=vfpv3 -mfloat-abi=hard -
TRACE::2024-08-09.14:56:13::SCWMssOS::nostartfiles -g -Wall -Wextra -fno-tree-loop-distribute-patterns"

TRACE::2024-08-09.14:56:13::SCWMssOS::"Running Make libs in ps7_cortexa9_0/libsrc/ddrps_v1_2/src"

TRACE::2024-08-09.14:56:13::SCWMssOS::make -C ps7_cortexa9_0/libsrc/ddrps_v1_2/src -s libs  "SHELL=CMD" "COMPILER=arm-none-eabi-gcc" "ASSEMBLER=arm-none-eabi-as" "AR
TRACE::2024-08-09.14:56:13::SCWMssOS::CHIVER=arm-none-eabi-ar" "COMPILER_FLAGS=  -O2 -c" "EXTRA_COMPILER_FLAGS=-mcpu=cortex-a9 -mfpu=vfpv3 -mfloat-abi=hard -nostartf
TRACE::2024-08-09.14:56:13::SCWMssOS::iles -g -Wall -Wextra -fno-tree-loop-distribute-patterns"

TRACE::2024-08-09.14:56:14::SCWMssOS::"Running Make libs in ps7_cortexa9_0/libsrc/devcfg_v3_8/src"

TRACE::2024-08-09.14:56:14::SCWMssOS::make -C ps7_cortexa9_0/libsrc/devcfg_v3_8/src -s libs  "SHELL=CMD" "COMPILER=arm-none-eabi-gcc" "ASSEMBLER=arm-none-eabi-as" "A
TRACE::2024-08-09.14:56:14::SCWMssOS::RCHIVER=arm-none-eabi-ar" "COMPILER_FLAGS=  -O2 -c" "EXTRA_COMPILER_FLAGS=-mcpu=cortex-a9 -mfpu=vfpv3 -mfloat-abi=hard -nostart
TRACE::2024-08-09.14:56:14::SCWMssOS::files -g -Wall -Wextra -fno-tree-loop-distribute-patterns"

TRACE::2024-08-09.14:56:14::SCWMssOS::"Running Make libs in ps7_cortexa9_0/libsrc/dmaps_v2_9/src"

TRACE::2024-08-09.14:56:14::SCWMssOS::make -C ps7_cortexa9_0/libsrc/dmaps_v2_9/src -s libs  "SHELL=CMD" "COMPILER=arm-none-eabi-gcc" "ASSEMBLER=arm-none-eabi-as" "AR
TRACE::2024-08-09.14:56:14::SCWMssOS::CHIVER=arm-none-eabi-ar" "COMPILER_FLAGS=  -O2 -c" "EXTRA_COMPILER_FLAGS=-mcpu=cortex-a9 -mfpu=vfpv3 -mfloat-abi=hard -nostartf
TRACE::2024-08-09.14:56:14::SCWMssOS::iles -g -Wall -Wextra -fno-tree-loop-distribute-patterns"

TRACE::2024-08-09.14:56:14::SCWMssOS::"Running Make libs in ps7_cortexa9_0/libsrc/emacps_v3_19/src"

TRACE::2024-08-09.14:56:14::SCWMssOS::make -C ps7_cortexa9_0/libsrc/emacps_v3_19/src -s libs  "SHELL=CMD" "COMPILER=arm-none-eabi-gcc" "ASSEMBLER=arm-none-eabi-as" "
TRACE::2024-08-09.14:56:14::SCWMssOS::ARCHIVER=arm-none-eabi-ar" "COMPILER_FLAGS=  -O2 -c" "EXTRA_COMPILER_FLAGS=-mcpu=cortex-a9 -mfpu=vfpv3 -mfloat-abi=hard -nostar
TRACE::2024-08-09.14:56:14::SCWMssOS::tfiles -g -Wall -Wextra -fno-tree-loop-distribute-patterns"

TRACE::2024-08-09.14:56:14::SCWMssOS::"Running Make libs in ps7_cortexa9_0/libsrc/gpiops_v3_12/src"

TRACE::2024-08-09.14:56:14::SCWMssOS::make -C ps7_cortexa9_0/libsrc/gpiops_v3_12/src -s libs  "SHELL=CMD" "COMPILER=arm-none-eabi-gcc" "ASSEMBLER=arm-none-eabi-as" "
TRACE::2024-08-09.14:56:14::SCWMssOS::ARCHIVER=arm-none-eabi-ar" "COMPILER_FLAGS=  -O2 -c" "EXTRA_COMPILER_FLAGS=-mcpu=cortex-a9 -mfpu=vfpv3 -mfloat-abi=hard -nostar
TRACE::2024-08-09.14:56:14::SCWMssOS::tfiles -g -Wall -Wextra -fno-tree-loop-distribute-patterns"

TRACE::2024-08-09.14:56:14::SCWMssOS::"Running Make libs in ps7_cortexa9_0/libsrc/qspips_v3_11/src"

TRACE::2024-08-09.14:56:14::SCWMssOS::make -C ps7_cortexa9_0/libsrc/qspips_v3_11/src -s libs  "SHELL=CMD" "COMPILER=arm-none-eabi-gcc" "ASSEMBLER=arm-none-eabi-as" "
TRACE::2024-08-09.14:56:14::SCWMssOS::ARCHIVER=arm-none-eabi-ar" "COMPILER_FLAGS=  -O2 -c" "EXTRA_COMPILER_FLAGS=-mcpu=cortex-a9 -mfpu=vfpv3 -mfloat-abi=hard -nostar
TRACE::2024-08-09.14:56:14::SCWMssOS::tfiles -g -Wall -Wextra -fno-tree-loop-distribute-patterns"

TRACE::2024-08-09.14:56:14::SCWMssOS::"Running Make libs in ps7_cortexa9_0/libsrc/scugic_v5_2/src"

TRACE::2024-08-09.14:56:14::SCWMssOS::make -C ps7_cortexa9_0/libsrc/scugic_v5_2/src -s libs  "SHELL=CMD" "COMPILER=arm-none-eabi-gcc" "ASSEMBLER=arm-none-eabi-as" "A
TRACE::2024-08-09.14:56:14::SCWMssOS::RCHIVER=arm-none-eabi-ar" "COMPILER_FLAGS=  -O2 -c" "EXTRA_COMPILER_FLAGS=-mcpu=cortex-a9 -mfpu=vfpv3 -mfloat-abi=hard -nostart
TRACE::2024-08-09.14:56:14::SCWMssOS::files -g -Wall -Wextra -fno-tree-loop-distribute-patterns"

TRACE::2024-08-09.14:56:15::SCWMssOS::"Running Make libs in ps7_cortexa9_0/libsrc/scutimer_v2_5/src"

TRACE::2024-08-09.14:56:15::SCWMssOS::make -C ps7_cortexa9_0/libsrc/scutimer_v2_5/src -s libs  "SHELL=CMD" "COMPILER=arm-none-eabi-gcc" "ASSEMBLER=arm-none-eabi-as" 
TRACE::2024-08-09.14:56:15::SCWMssOS::"ARCHIVER=arm-none-eabi-ar" "COMPILER_FLAGS=  -O2 -c" "EXTRA_COMPILER_FLAGS=-mcpu=cortex-a9 -mfpu=vfpv3 -mfloat-abi=hard -nosta
TRACE::2024-08-09.14:56:15::SCWMssOS::rtfiles -g -Wall -Wextra -fno-tree-loop-distribute-patterns"

TRACE::2024-08-09.14:56:15::SCWMssOS::"Running Make libs in ps7_cortexa9_0/libsrc/scuwdt_v2_5/src"

TRACE::2024-08-09.14:56:16::SCWMssOS::make -C ps7_cortexa9_0/libsrc/scuwdt_v2_5/src -s libs  "SHELL=CMD" "COMPILER=arm-none-eabi-gcc" "ASSEMBLER=arm-none-eabi-as" "A
TRACE::2024-08-09.14:56:16::SCWMssOS::RCHIVER=arm-none-eabi-ar" "COMPILER_FLAGS=  -O2 -c" "EXTRA_COMPILER_FLAGS=-mcpu=cortex-a9 -mfpu=vfpv3 -mfloat-abi=hard -nostart
TRACE::2024-08-09.14:56:16::SCWMssOS::files -g -Wall -Wextra -fno-tree-loop-distribute-patterns"

TRACE::2024-08-09.14:56:16::SCWMssOS::"Running Make libs in ps7_cortexa9_0/libsrc/sdps_v4_2/src"

TRACE::2024-08-09.14:56:16::SCWMssOS::make -C ps7_cortexa9_0/libsrc/sdps_v4_2/src -s libs  "SHELL=CMD" "COMPILER=arm-none-eabi-gcc" "ASSEMBLER=arm-none-eabi-as" "ARC
TRACE::2024-08-09.14:56:16::SCWMssOS::HIVER=arm-none-eabi-ar" "COMPILER_FLAGS=  -O2 -c" "EXTRA_COMPILER_FLAGS=-mcpu=cortex-a9 -mfpu=vfpv3 -mfloat-abi=hard -nostartfi
TRACE::2024-08-09.14:56:16::SCWMssOS::les -g -Wall -Wextra -fno-tree-loop-distribute-patterns"

TRACE::2024-08-09.14:56:16::SCWMssOS::"Running Make libs in ps7_cortexa9_0/libsrc/standalone_v9_0/src"

TRACE::2024-08-09.14:56:16::SCWMssOS::make -C ps7_cortexa9_0/libsrc/standalone_v9_0/src -s libs  "SHELL=CMD" "COMPILER=arm-none-eabi-gcc" "ASSEMBLER=arm-none-eabi-as
TRACE::2024-08-09.14:56:16::SCWMssOS::" "ARCHIVER=arm-none-eabi-ar" "COMPILER_FLAGS=  -O2 -c" "EXTRA_COMPILER_FLAGS=-mcpu=cortex-a9 -mfpu=vfpv3 -mfloat-abi=hard -nos
TRACE::2024-08-09.14:56:16::SCWMssOS::tartfiles -g -Wall -Wextra -fno-tree-loop-distribute-patterns"

TRACE::2024-08-09.14:56:16::SCWMssOS::"Running Make libs in ps7_cortexa9_0/libsrc/sysmon_v7_8/src"

TRACE::2024-08-09.14:56:16::SCWMssOS::make -C ps7_cortexa9_0/libsrc/sysmon_v7_8/src -s libs  "SHELL=CMD" "COMPILER=arm-none-eabi-gcc" "ASSEMBLER=arm-none-eabi-as" "A
TRACE::2024-08-09.14:56:16::SCWMssOS::RCHIVER=arm-none-eabi-ar" "COMPILER_FLAGS=  -O2 -c" "EXTRA_COMPILER_FLAGS=-mcpu=cortex-a9 -mfpu=vfpv3 -mfloat-abi=hard -nostart
TRACE::2024-08-09.14:56:16::SCWMssOS::files -g -Wall -Wextra -fno-tree-loop-distribute-patterns"

TRACE::2024-08-09.14:56:16::SCWMssOS::"Running Make libs in ps7_cortexa9_0/libsrc/ttcps_v3_18/src"

TRACE::2024-08-09.14:56:16::SCWMssOS::make -C ps7_cortexa9_0/libsrc/ttcps_v3_18/src -s libs  "SHELL=CMD" "COMPILER=arm-none-eabi-gcc" "ASSEMBLER=arm-none-eabi-as" "A
TRACE::2024-08-09.14:56:16::SCWMssOS::RCHIVER=arm-none-eabi-ar" "COMPILER_FLAGS=  -O2 -c" "EXTRA_COMPILER_FLAGS=-mcpu=cortex-a9 -mfpu=vfpv3 -mfloat-abi=hard -nostart
TRACE::2024-08-09.14:56:16::SCWMssOS::files -g -Wall -Wextra -fno-tree-loop-distribute-patterns"

TRACE::2024-08-09.14:56:16::SCWMssOS::"Running Make libs in ps7_cortexa9_0/libsrc/uartps_v3_13/src"

TRACE::2024-08-09.14:56:16::SCWMssOS::make -C ps7_cortexa9_0/libsrc/uartps_v3_13/src -s libs  "SHELL=CMD" "COMPILER=arm-none-eabi-gcc" "ASSEMBLER=arm-none-eabi-as" "
TRACE::2024-08-09.14:56:16::SCWMssOS::ARCHIVER=arm-none-eabi-ar" "COMPILER_FLAGS=  -O2 -c" "EXTRA_COMPILER_FLAGS=-mcpu=cortex-a9 -mfpu=vfpv3 -mfloat-abi=hard -nostar
TRACE::2024-08-09.14:56:16::SCWMssOS::tfiles -g -Wall -Wextra -fno-tree-loop-distribute-patterns"

TRACE::2024-08-09.14:56:17::SCWMssOS::"Running Make libs in ps7_cortexa9_0/libsrc/usbps_v2_8/src"

TRACE::2024-08-09.14:56:17::SCWMssOS::make -C ps7_cortexa9_0/libsrc/usbps_v2_8/src -s libs  "SHELL=CMD" "COMPILER=arm-none-eabi-gcc" "ASSEMBLER=arm-none-eabi-as" "AR
TRACE::2024-08-09.14:56:17::SCWMssOS::CHIVER=arm-none-eabi-ar" "COMPILER_FLAGS=  -O2 -c" "EXTRA_COMPILER_FLAGS=-mcpu=cortex-a9 -mfpu=vfpv3 -mfloat-abi=hard -nostartf
TRACE::2024-08-09.14:56:17::SCWMssOS::iles -g -Wall -Wextra -fno-tree-loop-distribute-patterns"

TRACE::2024-08-09.14:56:17::SCWMssOS::"Running Make libs in ps7_cortexa9_0/libsrc/xadcps_v2_7/src"

TRACE::2024-08-09.14:56:17::SCWMssOS::make -C ps7_cortexa9_0/libsrc/xadcps_v2_7/src -s libs  "SHELL=CMD" "COMPILER=arm-none-eabi-gcc" "ASSEMBLER=arm-none-eabi-as" "A
TRACE::2024-08-09.14:56:17::SCWMssOS::RCHIVER=arm-none-eabi-ar" "COMPILER_FLAGS=  -O2 -c" "EXTRA_COMPILER_FLAGS=-mcpu=cortex-a9 -mfpu=vfpv3 -mfloat-abi=hard -nostart
TRACE::2024-08-09.14:56:17::SCWMssOS::files -g -Wall -Wextra -fno-tree-loop-distribute-patterns"

TRACE::2024-08-09.14:56:20::SCWMssOS::'Finished building libraries parallelly.'

TRACE::2024-08-09.14:56:20::SCWMssOS::make --no-print-directory archive

TRACE::2024-08-09.14:56:20::SCWMssOS::arm-none-eabi-ar -r  ps7_cortexa9_0/lib/libxil.a ps7_cortexa9_0/lib/_exit.o ps7_cortexa9_0/lib/_open.o ps7_cortexa9_0/lib/_sbrk
TRACE::2024-08-09.14:56:20::SCWMssOS::.o ps7_cortexa9_0/lib/abort.o ps7_cortexa9_0/lib/asm_vectors.o ps7_cortexa9_0/lib/boot.o ps7_cortexa9_0/lib/close.o ps7_cortexa
TRACE::2024-08-09.14:56:20::SCWMssOS::9_0/lib/cpputest_time.o ps7_cortexa9_0/lib/cpu_init.o ps7_cortexa9_0/lib/errno.o ps7_cortexa9_0/lib/fcntl.o ps7_cortexa9_0/lib/
TRACE::2024-08-09.14:56:20::SCWMssOS::fstat.o ps7_cortexa9_0/lib/getentropy.o ps7_cortexa9_0/lib/getpid.o ps7_cortexa9_0/lib/inbyte.o ps7_cortexa9_0/lib/isatty.o ps7
TRACE::2024-08-09.14:56:20::SCWMssOS::_cortexa9_0/lib/kill.o ps7_cortexa9_0/lib/lseek.o ps7_cortexa9_0/lib/open.o ps7_cortexa9_0/lib/outbyte.o ps7_cortexa9_0/lib/pri
TRACE::2024-08-09.14:56:20::SCWMssOS::nt.o ps7_cortexa9_0/lib/putnum.o ps7_cortexa9_0/lib/read.o ps7_cortexa9_0/lib/sbrk.o ps7_cortexa9_0/lib/sleep.o ps7_cortexa9_0/
TRACE::2024-08-09.14:56:20::SCWMssOS::lib/time.o ps7_cortexa9_0/lib/translation_table.o ps7_cortexa9_0/lib/unlink.o ps7_cortexa9_0/lib/usleep.o ps7_cortexa9_0/lib/ve
TRACE::2024-08-09.14:56:20::SCWMssOS::ctors.o ps7_cortexa9_0/lib/write.o ps7_cortexa9_0/lib/xadcps.o ps7_cortexa9_0/lib/xadcps_g.o ps7_cortexa9_0/lib/xadcps_intr.o p
TRACE::2024-08-09.14:56:20::SCWMssOS::s7_cortexa9_0/lib/xadcps_selftest.o ps7_cortexa9_0/lib/xadcps_sinit.o ps7_cortexa9_0/lib/xclk_wiz.o ps7_cortexa9_0/lib/xclk_wiz
TRACE::2024-08-09.14:56:20::SCWMssOS::_g.o ps7_cortexa9_0/lib/xclk_wiz_intr.o ps7_cortexa9_0/lib/xclk_wiz_sinit.o ps7_cortexa9_0/lib/xcoresightpsdcc.o ps7_cortexa9_0
TRACE::2024-08-09.14:56:20::SCWMssOS::/lib/xdevcfg.o ps7_cortexa9_0/lib/xdevcfg_g.o ps7_cortexa9_0/lib/xdevcfg_hw.o ps7_cortexa9_0/lib/xdevcfg_intr.o ps7_cortexa9_0/
TRACE::2024-08-09.14:56:20::SCWMssOS::lib/xdevcfg_selftest.o ps7_cortexa9_0/lib/xdevcfg_sinit.o ps7_cortexa9_0/lib/xdmaps.o ps7_cortexa9_0/lib/xdmaps_g.o ps7_cortexa
TRACE::2024-08-09.14:56:20::SCWMssOS::9_0/lib/xdmaps_hw.o ps7_cortexa9_0/lib/xdmaps_selftest.o ps7_cortexa9_0/lib/xdmaps_sinit.o ps7_cortexa9_0/lib/xemacps.o ps7_cor
TRACE::2024-08-09.14:56:20::SCWMssOS::texa9_0/lib/xemacps_bdring.o ps7_cortexa9_0/lib/xemacps_control.o ps7_cortexa9_0/lib/xemacps_g.o ps7_cortexa9_0/lib/xemacps_hw.
TRACE::2024-08-09.14:56:20::SCWMssOS::o ps7_cortexa9_0/lib/xemacps_intr.o ps7_cortexa9_0/lib/xemacps_sinit.o ps7_cortexa9_0/lib/xgpiops.o ps7_cortexa9_0/lib/xgpiops_
TRACE::2024-08-09.14:56:20::SCWMssOS::g.o ps7_cortexa9_0/lib/xgpiops_hw.o ps7_cortexa9_0/lib/xgpiops_intr.o ps7_cortexa9_0/lib/xgpiops_selftest.o ps7_cortexa9_0/lib/
TRACE::2024-08-09.14:56:20::SCWMssOS::xgpiops_sinit.o ps7_cortexa9_0/lib/xil-crt0.o ps7_cortexa9_0/lib/xil_assert.o ps7_cortexa9_0/lib/xil_cache.o ps7_cortexa9_0/lib
TRACE::2024-08-09.14:56:20::SCWMssOS::/xil_clocking.o ps7_cortexa9_0/lib/xil_exception.o ps7_cortexa9_0/lib/xil_mem.o ps7_cortexa9_0/lib/xil_misc_psreset_api.o ps7_c
TRACE::2024-08-09.14:56:20::SCWMssOS::ortexa9_0/lib/xil_mmu.o ps7_cortexa9_0/lib/xil_printf.o ps7_cortexa9_0/lib/xil_sleepcommon.o ps7_cortexa9_0/lib/xil_sleeptimer.
TRACE::2024-08-09.14:56:20::SCWMssOS::o ps7_cortexa9_0/lib/xil_spinlock.o ps7_cortexa9_0/lib/xil_testcache.o ps7_cortexa9_0/lib/xil_testio.o ps7_cortexa9_0/lib/xil_t
TRACE::2024-08-09.14:56:20::SCWMssOS::estmem.o ps7_cortexa9_0/lib/xil_util.o ps7_cortexa9_0/lib/xinterrupt_wrap.o ps7_cortexa9_0/lib/xl2cc_counter.o ps7_cortexa9_0/l
TRACE::2024-08-09.14:56:20::SCWMssOS::ib/xplatform_info.o ps7_cortexa9_0/lib/xpm_counter.o ps7_cortexa9_0/lib/xpm_init.o ps7_cortexa9_0/lib/xqspips.o ps7_cortexa9_0/
TRACE::2024-08-09.14:56:20::SCWMssOS::lib/xqspips_g.o ps7_cortexa9_0/lib/xqspips_hw.o ps7_cortexa9_0/lib/xqspips_options.o ps7_cortexa9_0/lib/xqspips_selftest.o ps7_
TRACE::2024-08-09.14:56:20::SCWMssOS::cortexa9_0/lib/xqspips_sinit.o ps7_cortexa9_0/lib/xscugic.o ps7_cortexa9_0/lib/xscugic_g.o ps7_cortexa9_0/lib/xscugic_hw.o ps7_
TRACE::2024-08-09.14:56:20::SCWMssOS::cortexa9_0/lib/xscugic_intr.o ps7_cortexa9_0/lib/xscugic_selftest.o ps7_cortexa9_0/lib/xscugic_sinit.o ps7_cortexa9_0/lib/xscut
TRACE::2024-08-09.14:56:20::SCWMssOS::imer.o ps7_cortexa9_0/lib/xscutimer_g.o ps7_cortexa9_0/lib/xscutimer_selftest.o ps7_cortexa9_0/lib/xscutimer_sinit.o ps7_cortex
TRACE::2024-08-09.14:56:20::SCWMssOS::a9_0/lib/xscuwdt.o ps7_cortexa9_0/lib/xscuwdt_g.o ps7_cortexa9_0/lib/xscuwdt_selftest.o ps7_cortexa9_0/lib/xscuwdt_sinit.o ps7_
TRACE::2024-08-09.14:56:20::SCWMssOS::cortexa9_0/lib/xsdps.o ps7_cortexa9_0/lib/xsdps_card.o ps7_cortexa9_0/lib/xsdps_g.o ps7_cortexa9_0/lib/xsdps_host.o ps7_cortexa
TRACE::2024-08-09.14:56:20::SCWMssOS::9_0/lib/xsdps_options.o ps7_cortexa9_0/lib/xsdps_sinit.o ps7_cortexa9_0/lib/xsysmon.o ps7_cortexa9_0/lib/xsysmon_g.o ps7_cortex
TRACE::2024-08-09.14:56:20::SCWMssOS::a9_0/lib/xsysmon_intr.o ps7_cortexa9_0/lib/xsysmon_selftest.o ps7_cortexa9_0/lib/xsysmon_sinit.o ps7_cortexa9_0/lib/xtime_l.o p
TRACE::2024-08-09.14:56:20::SCWMssOS::s7_cortexa9_0/lib/xttcps.o ps7_cortexa9_0/lib/xttcps_g.o ps7_cortexa9_0/lib/xttcps_options.o ps7_cortexa9_0/lib/xttcps_selftest
TRACE::2024-08-09.14:56:20::SCWMssOS::.o ps7_cortexa9_0/lib/xttcps_sinit.o ps7_cortexa9_0/lib/xuartps.o ps7_cortexa9_0/lib/xuartps_g.o ps7_cortexa9_0/lib/xuartps_hw.
TRACE::2024-08-09.14:56:20::SCWMssOS::o ps7_cortexa9_0/lib/xuartps_intr.o ps7_cortexa9_0/lib/xuartps_options.o ps7_cortexa9_0/lib/xuartps_selftest.o ps7_cortexa9_0/l
TRACE::2024-08-09.14:56:20::SCWMssOS::ib/xuartps_sinit.o ps7_cortexa9_0/lib/xusbps.o ps7_cortexa9_0/lib/xusbps_endpoint.o ps7_cortexa9_0/lib/xusbps_g.o ps7_cortexa9_
TRACE::2024-08-09.14:56:20::SCWMssOS::0/lib/xusbps_hw.o ps7_cortexa9_0/lib/xusbps_intr.o ps7_cortexa9_0/lib/xusbps_sinit.o

TRACE::2024-08-09.14:56:20::SCWMssOS::'Finished building libraries'

TRACE::2024-08-09.14:56:20::SCWMssOS::Copying to export directory.
TRACE::2024-08-09.14:56:21::SCWMssOS:: Checking if to create the Supporting Applications
TRACE::2024-08-09.14:56:21::SCWMssOS:: No Linux domain exists, trying to generate FSBL 
LOG::2024-08-09.14:56:21::SCWSystem::Completed Processing the domain standalone_domain
LOG::2024-08-09.14:56:21::SCWSystem::Completed Processing the sysconfig 3LFCC_3adc_platform
LOG::2024-08-09.14:56:21::SCWPlatform::Completed generating the artifacts for system configuration 3LFCC_3adc_platform
TRACE::2024-08-09.14:56:21::SCWPlatform::Started preparing the platform 
TRACE::2024-08-09.14:56:21::SCWSystem::Writing the bif file for system config 3LFCC_3adc_platform
TRACE::2024-08-09.14:56:21::SCWSystem::dir created 
TRACE::2024-08-09.14:56:21::SCWSystem::Writing the bif 
TRACE::2024-08-09.14:56:21::SCWPlatform::Started writing the spfm file 
TRACE::2024-08-09.14:56:21::SCWPlatform::Started writing the xpfm file 
TRACE::2024-08-09.14:56:21::SCWPlatform::Completed generating the platform
TRACE::2024-08-09.14:56:21::SCWMssOS::Saving the mss changes D:/Projects_Embedded/Closed_Loop/Vitis_3adc/3LFCC_3adc_platform/zynq_fsbl/zynq_fsbl_bsp/system.mss
TRACE::2024-08-09.14:56:21::SCWMssOS::Found a swdesign opened with the mssfile.
TRACE::2024-08-09.14:56:21::SCWMssOS::Completed writemss as part of save.
TRACE::2024-08-09.14:56:21::SCWMssOS::Commit changes completed.
TRACE::2024-08-09.14:56:21::SCWMssOS::Saving the mss changes D:/Projects_Embedded/Closed_Loop/Vitis_3adc/3LFCC_3adc_platform/ps7_cortexa9_0/standalone_domain/bsp/system.mss
TRACE::2024-08-09.14:56:21::SCWMssOS::Found a swdesign opened with the mssfile.
TRACE::2024-08-09.14:56:21::SCWMssOS::Completed writemss as part of save.
TRACE::2024-08-09.14:56:21::SCWMssOS::Commit changes completed.
TRACE::2024-08-09.14:56:21::SCWPlatform::Trying to open the hw design at D:/Projects_Embedded/Closed_Loop/Vitis_3adc/3LFCC_3adc_platform/hw/Design_Closed_Loop_3adc.xsa
TRACE::2024-08-09.14:56:21::SCWPlatform::DSA given D:/Projects_Embedded/Closed_Loop/Vitis_3adc/3LFCC_3adc_platform/hw/Design_Closed_Loop_3adc.xsa
TRACE::2024-08-09.14:56:21::SCWPlatform::DSA absoulate path D:/Projects_Embedded/Closed_Loop/Vitis_3adc/3LFCC_3adc_platform/hw/Design_Closed_Loop_3adc.xsa
TRACE::2024-08-09.14:56:21::SCWPlatform::DSA directory D:/Projects_Embedded/Closed_Loop/Vitis_3adc/3LFCC_3adc_platform/hw
TRACE::2024-08-09.14:56:21::SCWPlatform:: Platform Path D:/Projects_Embedded/Closed_Loop/Vitis_3adc/3LFCC_3adc_platform/hw/Design_Closed_Loop_3adc.xsa
TRACE::2024-08-09.14:56:21::SCWPlatform:: Unique name xilinx:zybo::0.0
TRACE::2024-08-09.14:56:21::SCWPlatform::Trying to set the existing hwdb with name Design_Closed_Loop_wrapper_1
TRACE::2024-08-09.14:56:21::SCWPlatform::Opened existing hwdb Design_Closed_Loop_wrapper_1
TRACE::2024-08-09.14:56:21::SCWPlatform::Found the Hw Db part of the input DSA
TRACE::2024-08-09.14:56:21::SCWMssOS::Checking the sw design at  D:/Projects_Embedded/Closed_Loop/Vitis_3adc/3LFCC_3adc_platform/zynq_fsbl/zynq_fsbl_bsp/system.mss
TRACE::2024-08-09.14:56:21::SCWMssOS::DEBUG:  swdes dump  D:/Projects_Embedded/Closed_Loop/Vitis_3adc/3LFCC_3adc_platform/ps7_cortexa9_0/standalone_domain/bsp/system.mss|system_0||
D:/Projects_Embedded/Closed_Loop/Vitis_3adc/3LFCC_3adc_platform/zynq_fsbl/zynq_fsbl_bsp/system.mss|system||

TRACE::2024-08-09.14:56:21::SCWMssOS::Sw design exists and opened at  D:/Projects_Embedded/Closed_Loop/Vitis_3adc/3LFCC_3adc_platform/zynq_fsbl/zynq_fsbl_bsp/system.mss
TRACE::2024-08-09.14:56:21::SCWPlatform::Trying to open the hw design at D:/Projects_Embedded/Closed_Loop/Vitis_3adc/3LFCC_3adc_platform/hw/Design_Closed_Loop_3adc.xsa
TRACE::2024-08-09.14:56:21::SCWPlatform::DSA given D:/Projects_Embedded/Closed_Loop/Vitis_3adc/3LFCC_3adc_platform/hw/Design_Closed_Loop_3adc.xsa
TRACE::2024-08-09.14:56:21::SCWPlatform::DSA absoulate path D:/Projects_Embedded/Closed_Loop/Vitis_3adc/3LFCC_3adc_platform/hw/Design_Closed_Loop_3adc.xsa
TRACE::2024-08-09.14:56:21::SCWPlatform::DSA directory D:/Projects_Embedded/Closed_Loop/Vitis_3adc/3LFCC_3adc_platform/hw
TRACE::2024-08-09.14:56:21::SCWPlatform:: Platform Path D:/Projects_Embedded/Closed_Loop/Vitis_3adc/3LFCC_3adc_platform/hw/Design_Closed_Loop_3adc.xsa
TRACE::2024-08-09.14:56:21::SCWPlatform:: Unique name xilinx:zybo::0.0
TRACE::2024-08-09.14:56:21::SCWPlatform::Trying to set the existing hwdb with name Design_Closed_Loop_wrapper_1
TRACE::2024-08-09.14:56:21::SCWPlatform::Opened existing hwdb Design_Closed_Loop_wrapper_1
TRACE::2024-08-09.14:56:21::SCWPlatform::Found the Hw Db part of the input DSA
TRACE::2024-08-09.14:56:21::SCWMssOS::Checking the sw design at  D:/Projects_Embedded/Closed_Loop/Vitis_3adc/3LFCC_3adc_platform/ps7_cortexa9_0/standalone_domain/bsp/system.mss
TRACE::2024-08-09.14:56:21::SCWMssOS::DEBUG:  swdes dump  D:/Projects_Embedded/Closed_Loop/Vitis_3adc/3LFCC_3adc_platform/ps7_cortexa9_0/standalone_domain/bsp/system.mss|system_0||
D:/Projects_Embedded/Closed_Loop/Vitis_3adc/3LFCC_3adc_platform/zynq_fsbl/zynq_fsbl_bsp/system.mss|system||

TRACE::2024-08-09.14:56:21::SCWMssOS::Sw design exists and opened at  D:/Projects_Embedded/Closed_Loop/Vitis_3adc/3LFCC_3adc_platform/ps7_cortexa9_0/standalone_domain/bsp/system.mss
TRACE::2024-08-09.14:56:21::SCWWriter::formatted JSON is {
	"platformName":	"3LFCC_3adc_platform",
	"sprVersion":	"2.0",
	"mode":	"gui",
	"dsaType":	"Fixed",
	"platformDesc":	"3LFCC_3adc_platform",
	"platHandOff":	"D:/Projects_Embedded/Closed_Loop/Vivado/Design_Closed_Loop_3adc.xsa",
	"platIntHandOff":	"<platformDir>/hw/Design_Closed_Loop_3adc.xsa",
	"deviceType":	"zynq",
	"platIsPrebuiltAutogen":	"false",
	"platIsNoBootBsp":	"false",
	"hasFsblMakeHasChanges":	"false",
	"hasPmufwMakeHasChanges":	"false",
	"fsblExtraCompilerFlags":	"-MMD -MP       -mcpu=cortex-a9 -mfpu=vfpv3 -mfloat-abi=hard ",
	"platPreBuiltFlag":	false,
	"platformSamplesDir":	"",
	"platActiveSys":	"3LFCC_3adc_platform",
	"systems":	[{
			"systemName":	"3LFCC_3adc_platform",
			"systemDesc":	"3LFCC_3adc_platform",
			"sysIsBootAutoGen":	"true",
			"systemDispName":	"3LFCC_3adc_platform",
			"sysActiveDom":	"standalone_domain",
			"sysDefaultDom":	"standalone_domain",
			"domains":	[{
					"domainName":	"zynq_fsbl",
					"domainDispName":	"zynq_fsbl",
					"domainDesc":	"FSBL Application BSP - Auto Generated.",
					"processors":	"ps7_cortexa9_0",
					"os":	"standalone",
					"sdxOs":	"standalone",
					"debugEnable":	"",
					"domRuntimes":	["cpp"],
					"swRepo":	"",
					"mssOsVer":	"9.0",
					"mssFile":	"",
					"md5Digest":	"ace6a4eb4a18a3154354155bb949edb7",
					"compatibleApp":	"zynq_fsbl",
					"domType":	"bootDomain",
					"arch":	"32-bit",
					"appSettings":	{
						"appCompilerFlags":	"",
						"appLinkerFlags":	""
					},
					"addedLibs":	["xilffs:5.1", "xilrsa:1.7"],
					"libOptions":	{
						"libsContainingOptions":	[]
					},
					"prebuiltLibs":	{
						"prebuiltIncPath":	[],
						"prebuiltLibPath":	[]
					},
					"isolation":	{
					}
				}, {
					"domainName":	"standalone_domain",
					"domainDispName":	"standalone on ps7_cortexa9_0",
					"domainDesc":	"standalone_domain",
					"processors":	"ps7_cortexa9_0",
					"os":	"standalone",
					"sdxOs":	"standalone",
					"qemuArgs":	"<platformDir>/resources/3LFCC_3adc_platform/standalone_domain/qemu_args.txt",
					"qemuData":	"<platformDir>/resources/3LFCC_3adc_platform/standalone_domain/qemu",
					"debugEnable":	"False",
					"domRuntimes":	["cpp"],
					"swRepo":	"",
					"mssOsVer":	"9.0",
					"mssFile":	"",
					"md5Digest":	"e42d5fb8e1321f34bbe9f9b7aa0fb81a",
					"compatibleApp":	"",
					"domType":	"mssDomain",
					"appSettings":	{
						"appCompilerFlags":	"",
						"appLinkerFlags":	""
					},
					"addedLibs":	[],
					"libOptions":	{
						"libsContainingOptions":	[]
					},
					"prebuiltLibs":	{
						"prebuiltIncPath":	[],
						"prebuiltLibPath":	[]
					},
					"isolation":	{
					}
				}]
		}]
}
KEYINFO::2024-08-09.14:56:21::SCWPlatform::updated the xpfm file.
TRACE::2024-08-09.14:56:21::SCWPlatform::Trying to open the hw design at D:/Projects_Embedded/Closed_Loop/Vitis_3adc/3LFCC_3adc_platform/hw/Design_Closed_Loop_3adc.xsa
TRACE::2024-08-09.14:56:21::SCWPlatform::DSA given D:/Projects_Embedded/Closed_Loop/Vitis_3adc/3LFCC_3adc_platform/hw/Design_Closed_Loop_3adc.xsa
TRACE::2024-08-09.14:56:21::SCWPlatform::DSA absoulate path D:/Projects_Embedded/Closed_Loop/Vitis_3adc/3LFCC_3adc_platform/hw/Design_Closed_Loop_3adc.xsa
TRACE::2024-08-09.14:56:21::SCWPlatform::DSA directory D:/Projects_Embedded/Closed_Loop/Vitis_3adc/3LFCC_3adc_platform/hw
TRACE::2024-08-09.14:56:21::SCWPlatform:: Platform Path D:/Projects_Embedded/Closed_Loop/Vitis_3adc/3LFCC_3adc_platform/hw/Design_Closed_Loop_3adc.xsa
TRACE::2024-08-09.14:56:21::SCWPlatform:: Unique name xilinx:zybo::0.0
TRACE::2024-08-09.14:56:21::SCWPlatform::Trying to set the existing hwdb with name Design_Closed_Loop_wrapper_1
TRACE::2024-08-09.14:56:21::SCWPlatform::Opened existing hwdb Design_Closed_Loop_wrapper_1
TRACE::2024-08-09.14:56:21::SCWPlatform::Found the Hw Db part of the input DSA
TRACE::2024-08-09.14:56:21::SCWMssOS::Checking the sw design at  D:/Projects_Embedded/Closed_Loop/Vitis_3adc/3LFCC_3adc_platform/ps7_cortexa9_0/standalone_domain/bsp/system.mss
TRACE::2024-08-09.14:56:21::SCWMssOS::DEBUG:  swdes dump  D:/Projects_Embedded/Closed_Loop/Vitis_3adc/3LFCC_3adc_platform/ps7_cortexa9_0/standalone_domain/bsp/system.mss|system_0||
D:/Projects_Embedded/Closed_Loop/Vitis_3adc/3LFCC_3adc_platform/zynq_fsbl/zynq_fsbl_bsp/system.mss|system||

TRACE::2024-08-09.14:56:21::SCWMssOS::Sw design exists and opened at  D:/Projects_Embedded/Closed_Loop/Vitis_3adc/3LFCC_3adc_platform/ps7_cortexa9_0/standalone_domain/bsp/system.mss
TRACE::2024-08-09.17:34:01::SCWPlatform::Trying to open the hw design at D:/Projects_Embedded/Closed_Loop/Vitis_3adc/3LFCC_3adc_platform/hw/Design_Closed_Loop_3adc.xsa
TRACE::2024-08-09.17:34:01::SCWPlatform::DSA given D:/Projects_Embedded/Closed_Loop/Vitis_3adc/3LFCC_3adc_platform/hw/Design_Closed_Loop_3adc.xsa
TRACE::2024-08-09.17:34:01::SCWPlatform::DSA absoulate path D:/Projects_Embedded/Closed_Loop/Vitis_3adc/3LFCC_3adc_platform/hw/Design_Closed_Loop_3adc.xsa
TRACE::2024-08-09.17:34:01::SCWPlatform::DSA directory D:/Projects_Embedded/Closed_Loop/Vitis_3adc/3LFCC_3adc_platform/hw
TRACE::2024-08-09.17:34:01::SCWPlatform:: Platform Path D:/Projects_Embedded/Closed_Loop/Vitis_3adc/3LFCC_3adc_platform/hw/Design_Closed_Loop_3adc.xsa
TRACE::2024-08-09.17:34:01::SCWPlatform:: Unique name xilinx:zybo::0.0
TRACE::2024-08-09.17:34:01::SCWPlatform::Do not have an existing db opened. 
TRACE::2024-08-09.17:34:05::SCWPlatform::Opened new HwDB with name Design_Closed_Loop_wrapper
TRACE::2024-08-09.17:34:05::SCWReader::Active system found as  3LFCC_3adc_platform
TRACE::2024-08-09.17:34:05::SCWReader::Handling sysconfig 3LFCC_3adc_platform
TRACE::2024-08-09.17:34:05::SCWDomain::checking for install qemu data   : 
TRACE::2024-08-09.17:34:05::SCWDomain:: Using the QEMU Data from install at  : D:/Xilinx/Vitis/2023.2/data/emulation/platforms/zynq/sw/a9_standalone/qemu/
TRACE::2024-08-09.17:34:05::SCWDomain:: Using the QEMU args  from install at  : D:/Xilinx/Vitis/2023.2/data/emulation/platforms/zynq/sw/a9_standalone/qemu/qemu_args.txt
TRACE::2024-08-09.17:34:05::SCWPlatform::Trying to open the hw design at D:/Projects_Embedded/Closed_Loop/Vitis_3adc/3LFCC_3adc_platform/hw/Design_Closed_Loop_3adc.xsa
TRACE::2024-08-09.17:34:05::SCWPlatform::DSA given D:/Projects_Embedded/Closed_Loop/Vitis_3adc/3LFCC_3adc_platform/hw/Design_Closed_Loop_3adc.xsa
TRACE::2024-08-09.17:34:05::SCWPlatform::DSA absoulate path D:/Projects_Embedded/Closed_Loop/Vitis_3adc/3LFCC_3adc_platform/hw/Design_Closed_Loop_3adc.xsa
TRACE::2024-08-09.17:34:05::SCWPlatform::DSA directory D:/Projects_Embedded/Closed_Loop/Vitis_3adc/3LFCC_3adc_platform/hw
TRACE::2024-08-09.17:34:05::SCWPlatform:: Platform Path D:/Projects_Embedded/Closed_Loop/Vitis_3adc/3LFCC_3adc_platform/hw/Design_Closed_Loop_3adc.xsa
TRACE::2024-08-09.17:34:05::SCWPlatform:: Unique name xilinx:zybo::0.0
TRACE::2024-08-09.17:34:05::SCWPlatform::Trying to set the existing hwdb with name Design_Closed_Loop_wrapper
TRACE::2024-08-09.17:34:05::SCWPlatform::Opened existing hwdb Design_Closed_Loop_wrapper
TRACE::2024-08-09.17:34:05::SCWPlatform::Found the Hw Db part of the input DSA
TRACE::2024-08-09.17:34:05::SCWPlatform::Trying to open the hw design at D:/Projects_Embedded/Closed_Loop/Vitis_3adc/3LFCC_3adc_platform/hw/Design_Closed_Loop_3adc.xsa
TRACE::2024-08-09.17:34:05::SCWPlatform::DSA given D:/Projects_Embedded/Closed_Loop/Vitis_3adc/3LFCC_3adc_platform/hw/Design_Closed_Loop_3adc.xsa
TRACE::2024-08-09.17:34:05::SCWPlatform::DSA absoulate path D:/Projects_Embedded/Closed_Loop/Vitis_3adc/3LFCC_3adc_platform/hw/Design_Closed_Loop_3adc.xsa
TRACE::2024-08-09.17:34:05::SCWPlatform::DSA directory D:/Projects_Embedded/Closed_Loop/Vitis_3adc/3LFCC_3adc_platform/hw
TRACE::2024-08-09.17:34:05::SCWPlatform:: Platform Path D:/Projects_Embedded/Closed_Loop/Vitis_3adc/3LFCC_3adc_platform/hw/Design_Closed_Loop_3adc.xsa
TRACE::2024-08-09.17:34:05::SCWPlatform:: Unique name xilinx:zybo::0.0
TRACE::2024-08-09.17:34:05::SCWPlatform::Trying to set the existing hwdb with name Design_Closed_Loop_wrapper
TRACE::2024-08-09.17:34:05::SCWPlatform::Opened existing hwdb Design_Closed_Loop_wrapper
TRACE::2024-08-09.17:34:05::SCWPlatform::Found the Hw Db part of the input DSA
TRACE::2024-08-09.17:34:05::SCWPlatform::Trying to open the hw design at D:/Projects_Embedded/Closed_Loop/Vitis_3adc/3LFCC_3adc_platform/hw/Design_Closed_Loop_3adc.xsa
TRACE::2024-08-09.17:34:05::SCWPlatform::DSA given D:/Projects_Embedded/Closed_Loop/Vitis_3adc/3LFCC_3adc_platform/hw/Design_Closed_Loop_3adc.xsa
TRACE::2024-08-09.17:34:05::SCWPlatform::DSA absoulate path D:/Projects_Embedded/Closed_Loop/Vitis_3adc/3LFCC_3adc_platform/hw/Design_Closed_Loop_3adc.xsa
TRACE::2024-08-09.17:34:05::SCWPlatform::DSA directory D:/Projects_Embedded/Closed_Loop/Vitis_3adc/3LFCC_3adc_platform/hw
TRACE::2024-08-09.17:34:05::SCWPlatform:: Platform Path D:/Projects_Embedded/Closed_Loop/Vitis_3adc/3LFCC_3adc_platform/hw/Design_Closed_Loop_3adc.xsa
TRACE::2024-08-09.17:34:05::SCWPlatform:: Unique name xilinx:zybo::0.0
TRACE::2024-08-09.17:34:05::SCWPlatform::Trying to set the existing hwdb with name Design_Closed_Loop_wrapper
TRACE::2024-08-09.17:34:05::SCWPlatform::Opened existing hwdb Design_Closed_Loop_wrapper
TRACE::2024-08-09.17:34:05::SCWPlatform::Found the Hw Db part of the input DSA
TRACE::2024-08-09.17:34:05::SCWReader::Boot application domain added for zynq_fsbl
TRACE::2024-08-09.17:34:05::SCWPlatform::Trying to open the hw design at D:/Projects_Embedded/Closed_Loop/Vitis_3adc/3LFCC_3adc_platform/hw/Design_Closed_Loop_3adc.xsa
TRACE::2024-08-09.17:34:05::SCWPlatform::DSA given D:/Projects_Embedded/Closed_Loop/Vitis_3adc/3LFCC_3adc_platform/hw/Design_Closed_Loop_3adc.xsa
TRACE::2024-08-09.17:34:05::SCWPlatform::DSA absoulate path D:/Projects_Embedded/Closed_Loop/Vitis_3adc/3LFCC_3adc_platform/hw/Design_Closed_Loop_3adc.xsa
TRACE::2024-08-09.17:34:05::SCWPlatform::DSA directory D:/Projects_Embedded/Closed_Loop/Vitis_3adc/3LFCC_3adc_platform/hw
TRACE::2024-08-09.17:34:05::SCWPlatform:: Platform Path D:/Projects_Embedded/Closed_Loop/Vitis_3adc/3LFCC_3adc_platform/hw/Design_Closed_Loop_3adc.xsa
TRACE::2024-08-09.17:34:05::SCWPlatform:: Unique name xilinx:zybo::0.0
TRACE::2024-08-09.17:34:05::SCWPlatform::Trying to set the existing hwdb with name Design_Closed_Loop_wrapper
TRACE::2024-08-09.17:34:05::SCWPlatform::Opened existing hwdb Design_Closed_Loop_wrapper
TRACE::2024-08-09.17:34:05::SCWPlatform::Found the Hw Db part of the input DSA
TRACE::2024-08-09.17:34:05::SCWMssOS::Checking the sw design at  D:/Projects_Embedded/Closed_Loop/Vitis_3adc/3LFCC_3adc_platform/zynq_fsbl/zynq_fsbl_bsp/system.mss
TRACE::2024-08-09.17:34:05::SCWMssOS::DEBUG:  swdes dump  
TRACE::2024-08-09.17:34:05::SCWMssOS::No sw design opened at  D:/Projects_Embedded/Closed_Loop/Vitis_3adc/3LFCC_3adc_platform/zynq_fsbl/zynq_fsbl_bsp/system.mss
TRACE::2024-08-09.17:34:05::SCWMssOS::mss exists loading the mss file  D:/Projects_Embedded/Closed_Loop/Vitis_3adc/3LFCC_3adc_platform/zynq_fsbl/zynq_fsbl_bsp/system.mss
TRACE::2024-08-09.17:34:05::SCWMssOS::Opened the sw design from mss  D:/Projects_Embedded/Closed_Loop/Vitis_3adc/3LFCC_3adc_platform/zynq_fsbl/zynq_fsbl_bsp/system.mss
TRACE::2024-08-09.17:34:05::SCWMssOS::Adding the swdes entry D:/Projects_Embedded/Closed_Loop/Vitis_3adc/3LFCC_3adc_platform/zynq_fsbl/zynq_fsbl_bsp/system.mss with des name system
TRACE::2024-08-09.17:34:05::SCWMssOS::updating the scw layer about changes
TRACE::2024-08-09.17:34:06::SCWMssOS::Opened the sw design.  D:/Projects_Embedded/Closed_Loop/Vitis_3adc/3LFCC_3adc_platform/zynq_fsbl/zynq_fsbl_bsp/system.mss
TRACE::2024-08-09.17:34:06::SCWPlatform::Trying to open the hw design at D:/Projects_Embedded/Closed_Loop/Vitis_3adc/3LFCC_3adc_platform/hw/Design_Closed_Loop_3adc.xsa
TRACE::2024-08-09.17:34:06::SCWPlatform::DSA given D:/Projects_Embedded/Closed_Loop/Vitis_3adc/3LFCC_3adc_platform/hw/Design_Closed_Loop_3adc.xsa
TRACE::2024-08-09.17:34:06::SCWPlatform::DSA absoulate path D:/Projects_Embedded/Closed_Loop/Vitis_3adc/3LFCC_3adc_platform/hw/Design_Closed_Loop_3adc.xsa
TRACE::2024-08-09.17:34:06::SCWPlatform::DSA directory D:/Projects_Embedded/Closed_Loop/Vitis_3adc/3LFCC_3adc_platform/hw
TRACE::2024-08-09.17:34:06::SCWPlatform:: Platform Path D:/Projects_Embedded/Closed_Loop/Vitis_3adc/3LFCC_3adc_platform/hw/Design_Closed_Loop_3adc.xsa
TRACE::2024-08-09.17:34:06::SCWPlatform:: Unique name xilinx:zybo::0.0
TRACE::2024-08-09.17:34:06::SCWPlatform::Trying to set the existing hwdb with name Design_Closed_Loop_wrapper
TRACE::2024-08-09.17:34:06::SCWPlatform::Opened existing hwdb Design_Closed_Loop_wrapper
TRACE::2024-08-09.17:34:06::SCWPlatform::Found the Hw Db part of the input DSA
TRACE::2024-08-09.17:34:06::SCWMssOS::Checking the sw design at  D:/Projects_Embedded/Closed_Loop/Vitis_3adc/3LFCC_3adc_platform/zynq_fsbl/zynq_fsbl_bsp/system.mss
TRACE::2024-08-09.17:34:06::SCWMssOS::DEBUG:  swdes dump  D:/Projects_Embedded/Closed_Loop/Vitis_3adc/3LFCC_3adc_platform/zynq_fsbl/zynq_fsbl_bsp/system.mss|system||

TRACE::2024-08-09.17:34:06::SCWMssOS::Sw design exists and opened at  D:/Projects_Embedded/Closed_Loop/Vitis_3adc/3LFCC_3adc_platform/zynq_fsbl/zynq_fsbl_bsp/system.mss
TRACE::2024-08-09.17:34:06::SCWMssOS:: library already available in sw design:  xilffs:5.1
TRACE::2024-08-09.17:34:06::SCWPlatform::Trying to open the hw design at D:/Projects_Embedded/Closed_Loop/Vitis_3adc/3LFCC_3adc_platform/hw/Design_Closed_Loop_3adc.xsa
TRACE::2024-08-09.17:34:06::SCWPlatform::DSA given D:/Projects_Embedded/Closed_Loop/Vitis_3adc/3LFCC_3adc_platform/hw/Design_Closed_Loop_3adc.xsa
TRACE::2024-08-09.17:34:06::SCWPlatform::DSA absoulate path D:/Projects_Embedded/Closed_Loop/Vitis_3adc/3LFCC_3adc_platform/hw/Design_Closed_Loop_3adc.xsa
TRACE::2024-08-09.17:34:06::SCWPlatform::DSA directory D:/Projects_Embedded/Closed_Loop/Vitis_3adc/3LFCC_3adc_platform/hw
TRACE::2024-08-09.17:34:06::SCWPlatform:: Platform Path D:/Projects_Embedded/Closed_Loop/Vitis_3adc/3LFCC_3adc_platform/hw/Design_Closed_Loop_3adc.xsa
TRACE::2024-08-09.17:34:06::SCWPlatform:: Unique name xilinx:zybo::0.0
TRACE::2024-08-09.17:34:06::SCWPlatform::Trying to set the existing hwdb with name Design_Closed_Loop_wrapper
TRACE::2024-08-09.17:34:06::SCWPlatform::Opened existing hwdb Design_Closed_Loop_wrapper
TRACE::2024-08-09.17:34:06::SCWPlatform::Found the Hw Db part of the input DSA
TRACE::2024-08-09.17:34:06::SCWMssOS::Checking the sw design at  D:/Projects_Embedded/Closed_Loop/Vitis_3adc/3LFCC_3adc_platform/zynq_fsbl/zynq_fsbl_bsp/system.mss
TRACE::2024-08-09.17:34:06::SCWMssOS::DEBUG:  swdes dump  D:/Projects_Embedded/Closed_Loop/Vitis_3adc/3LFCC_3adc_platform/zynq_fsbl/zynq_fsbl_bsp/system.mss|system||

TRACE::2024-08-09.17:34:06::SCWMssOS::Sw design exists and opened at  D:/Projects_Embedded/Closed_Loop/Vitis_3adc/3LFCC_3adc_platform/zynq_fsbl/zynq_fsbl_bsp/system.mss
TRACE::2024-08-09.17:34:06::SCWMssOS:: library already available in sw design:  xilrsa:1.7
TRACE::2024-08-09.17:34:06::SCWMssOS::Saving the mss changes D:/Projects_Embedded/Closed_Loop/Vitis_3adc/3LFCC_3adc_platform/zynq_fsbl/zynq_fsbl_bsp/system.mss
TRACE::2024-08-09.17:34:06::SCWMssOS::Found a swdesign opened with the mssfile.
TRACE::2024-08-09.17:34:06::SCWMssOS::Completed writemss as part of save.
TRACE::2024-08-09.17:34:06::SCWMssOS::Commit changes completed.
TRACE::2024-08-09.17:34:06::SCWReader::Adding prebuilt librarypaths as   
TRACE::2024-08-09.17:34:06::SCWReader::Adding prebuilt incpaths  as   
TRACE::2024-08-09.17:34:06::SCWPlatform::Trying to open the hw design at D:/Projects_Embedded/Closed_Loop/Vitis_3adc/3LFCC_3adc_platform/hw/Design_Closed_Loop_3adc.xsa
TRACE::2024-08-09.17:34:06::SCWPlatform::DSA given D:/Projects_Embedded/Closed_Loop/Vitis_3adc/3LFCC_3adc_platform/hw/Design_Closed_Loop_3adc.xsa
TRACE::2024-08-09.17:34:06::SCWPlatform::DSA absoulate path D:/Projects_Embedded/Closed_Loop/Vitis_3adc/3LFCC_3adc_platform/hw/Design_Closed_Loop_3adc.xsa
TRACE::2024-08-09.17:34:06::SCWPlatform::DSA directory D:/Projects_Embedded/Closed_Loop/Vitis_3adc/3LFCC_3adc_platform/hw
TRACE::2024-08-09.17:34:06::SCWPlatform:: Platform Path D:/Projects_Embedded/Closed_Loop/Vitis_3adc/3LFCC_3adc_platform/hw/Design_Closed_Loop_3adc.xsa
TRACE::2024-08-09.17:34:06::SCWPlatform:: Unique name xilinx:zybo::0.0
TRACE::2024-08-09.17:34:06::SCWPlatform::Trying to set the existing hwdb with name Design_Closed_Loop_wrapper
TRACE::2024-08-09.17:34:06::SCWPlatform::Opened existing hwdb Design_Closed_Loop_wrapper
TRACE::2024-08-09.17:34:06::SCWPlatform::Found the Hw Db part of the input DSA
TRACE::2024-08-09.17:34:06::SCWMssOS::Checking the sw design at  D:/Projects_Embedded/Closed_Loop/Vitis_3adc/3LFCC_3adc_platform/zynq_fsbl/zynq_fsbl_bsp/system.mss
TRACE::2024-08-09.17:34:06::SCWMssOS::DEBUG:  swdes dump  D:/Projects_Embedded/Closed_Loop/Vitis_3adc/3LFCC_3adc_platform/zynq_fsbl/zynq_fsbl_bsp/system.mss|system||

TRACE::2024-08-09.17:34:06::SCWMssOS::Sw design exists and opened at  D:/Projects_Embedded/Closed_Loop/Vitis_3adc/3LFCC_3adc_platform/zynq_fsbl/zynq_fsbl_bsp/system.mss
TRACE::2024-08-09.17:34:06::SCWReader::No isolation master present  
TRACE::2024-08-09.17:34:06::SCWDomain::checking for install qemu data   : 
TRACE::2024-08-09.17:34:06::SCWDomain:: Using the QEMU Data from install at  : D:/Xilinx/Vitis/2023.2/data/emulation/platforms/zynq/sw/a9_standalone/qemu/
TRACE::2024-08-09.17:34:06::SCWDomain:: Using the QEMU args  from install at  : D:/Xilinx/Vitis/2023.2/data/emulation/platforms/zynq/sw/a9_standalone/qemu/qemu_args.txt
TRACE::2024-08-09.17:34:06::SCWPlatform::Trying to open the hw design at D:/Projects_Embedded/Closed_Loop/Vitis_3adc/3LFCC_3adc_platform/hw/Design_Closed_Loop_3adc.xsa
TRACE::2024-08-09.17:34:06::SCWPlatform::DSA given D:/Projects_Embedded/Closed_Loop/Vitis_3adc/3LFCC_3adc_platform/hw/Design_Closed_Loop_3adc.xsa
TRACE::2024-08-09.17:34:06::SCWPlatform::DSA absoulate path D:/Projects_Embedded/Closed_Loop/Vitis_3adc/3LFCC_3adc_platform/hw/Design_Closed_Loop_3adc.xsa
TRACE::2024-08-09.17:34:06::SCWPlatform::DSA directory D:/Projects_Embedded/Closed_Loop/Vitis_3adc/3LFCC_3adc_platform/hw
TRACE::2024-08-09.17:34:06::SCWPlatform:: Platform Path D:/Projects_Embedded/Closed_Loop/Vitis_3adc/3LFCC_3adc_platform/hw/Design_Closed_Loop_3adc.xsa
TRACE::2024-08-09.17:34:06::SCWPlatform:: Unique name xilinx:zybo::0.0
TRACE::2024-08-09.17:34:06::SCWPlatform::Trying to set the existing hwdb with name Design_Closed_Loop_wrapper
TRACE::2024-08-09.17:34:06::SCWPlatform::Opened existing hwdb Design_Closed_Loop_wrapper
TRACE::2024-08-09.17:34:06::SCWPlatform::Found the Hw Db part of the input DSA
TRACE::2024-08-09.17:34:06::SCWPlatform::Trying to open the hw design at D:/Projects_Embedded/Closed_Loop/Vitis_3adc/3LFCC_3adc_platform/hw/Design_Closed_Loop_3adc.xsa
TRACE::2024-08-09.17:34:06::SCWPlatform::DSA given D:/Projects_Embedded/Closed_Loop/Vitis_3adc/3LFCC_3adc_platform/hw/Design_Closed_Loop_3adc.xsa
TRACE::2024-08-09.17:34:06::SCWPlatform::DSA absoulate path D:/Projects_Embedded/Closed_Loop/Vitis_3adc/3LFCC_3adc_platform/hw/Design_Closed_Loop_3adc.xsa
TRACE::2024-08-09.17:34:06::SCWPlatform::DSA directory D:/Projects_Embedded/Closed_Loop/Vitis_3adc/3LFCC_3adc_platform/hw
TRACE::2024-08-09.17:34:06::SCWPlatform:: Platform Path D:/Projects_Embedded/Closed_Loop/Vitis_3adc/3LFCC_3adc_platform/hw/Design_Closed_Loop_3adc.xsa
TRACE::2024-08-09.17:34:06::SCWPlatform:: Unique name xilinx:zybo::0.0
TRACE::2024-08-09.17:34:06::SCWPlatform::Trying to set the existing hwdb with name Design_Closed_Loop_wrapper
TRACE::2024-08-09.17:34:06::SCWPlatform::Opened existing hwdb Design_Closed_Loop_wrapper
TRACE::2024-08-09.17:34:06::SCWPlatform::Found the Hw Db part of the input DSA
TRACE::2024-08-09.17:34:06::SCWPlatform::Trying to open the hw design at D:/Projects_Embedded/Closed_Loop/Vitis_3adc/3LFCC_3adc_platform/hw/Design_Closed_Loop_3adc.xsa
TRACE::2024-08-09.17:34:06::SCWPlatform::DSA given D:/Projects_Embedded/Closed_Loop/Vitis_3adc/3LFCC_3adc_platform/hw/Design_Closed_Loop_3adc.xsa
TRACE::2024-08-09.17:34:06::SCWPlatform::DSA absoulate path D:/Projects_Embedded/Closed_Loop/Vitis_3adc/3LFCC_3adc_platform/hw/Design_Closed_Loop_3adc.xsa
TRACE::2024-08-09.17:34:06::SCWPlatform::DSA directory D:/Projects_Embedded/Closed_Loop/Vitis_3adc/3LFCC_3adc_platform/hw
TRACE::2024-08-09.17:34:06::SCWPlatform:: Platform Path D:/Projects_Embedded/Closed_Loop/Vitis_3adc/3LFCC_3adc_platform/hw/Design_Closed_Loop_3adc.xsa
TRACE::2024-08-09.17:34:06::SCWPlatform:: Unique name xilinx:zybo::0.0
TRACE::2024-08-09.17:34:06::SCWPlatform::Trying to set the existing hwdb with name Design_Closed_Loop_wrapper
TRACE::2024-08-09.17:34:06::SCWPlatform::Opened existing hwdb Design_Closed_Loop_wrapper
TRACE::2024-08-09.17:34:06::SCWPlatform::Found the Hw Db part of the input DSA
TRACE::2024-08-09.17:34:06::SCWMssOS::Checking the sw design at  D:/Projects_Embedded/Closed_Loop/Vitis_3adc/3LFCC_3adc_platform/ps7_cortexa9_0/standalone_domain/bsp/system.mss
TRACE::2024-08-09.17:34:06::SCWMssOS::DEBUG:  swdes dump  D:/Projects_Embedded/Closed_Loop/Vitis_3adc/3LFCC_3adc_platform/zynq_fsbl/zynq_fsbl_bsp/system.mss|system||

TRACE::2024-08-09.17:34:06::SCWMssOS::No sw design opened at  D:/Projects_Embedded/Closed_Loop/Vitis_3adc/3LFCC_3adc_platform/ps7_cortexa9_0/standalone_domain/bsp/system.mss
TRACE::2024-08-09.17:34:06::SCWMssOS::mss exists loading the mss file  D:/Projects_Embedded/Closed_Loop/Vitis_3adc/3LFCC_3adc_platform/ps7_cortexa9_0/standalone_domain/bsp/system.mss
TRACE::2024-08-09.17:34:06::SCWMssOS::Opened the sw design from mss  D:/Projects_Embedded/Closed_Loop/Vitis_3adc/3LFCC_3adc_platform/ps7_cortexa9_0/standalone_domain/bsp/system.mss
TRACE::2024-08-09.17:34:06::SCWMssOS::Adding the swdes entry D:/Projects_Embedded/Closed_Loop/Vitis_3adc/3LFCC_3adc_platform/ps7_cortexa9_0/standalone_domain/bsp/system.mss with des name system_0
TRACE::2024-08-09.17:34:06::SCWMssOS::updating the scw layer about changes
TRACE::2024-08-09.17:34:06::SCWMssOS::Opened the sw design.  D:/Projects_Embedded/Closed_Loop/Vitis_3adc/3LFCC_3adc_platform/ps7_cortexa9_0/standalone_domain/bsp/system.mss
TRACE::2024-08-09.17:34:06::SCWMssOS::Saving the mss changes D:/Projects_Embedded/Closed_Loop/Vitis_3adc/3LFCC_3adc_platform/ps7_cortexa9_0/standalone_domain/bsp/system.mss
TRACE::2024-08-09.17:34:06::SCWMssOS::Found a swdesign opened with the mssfile.
TRACE::2024-08-09.17:34:06::SCWMssOS::Completed writemss as part of save.
TRACE::2024-08-09.17:34:06::SCWMssOS::Commit changes completed.
TRACE::2024-08-09.17:34:06::SCWReader::Adding prebuilt librarypaths as   
TRACE::2024-08-09.17:34:06::SCWReader::Adding prebuilt incpaths  as   
TRACE::2024-08-09.17:34:06::SCWPlatform::Trying to open the hw design at D:/Projects_Embedded/Closed_Loop/Vitis_3adc/3LFCC_3adc_platform/hw/Design_Closed_Loop_3adc.xsa
TRACE::2024-08-09.17:34:06::SCWPlatform::DSA given D:/Projects_Embedded/Closed_Loop/Vitis_3adc/3LFCC_3adc_platform/hw/Design_Closed_Loop_3adc.xsa
TRACE::2024-08-09.17:34:06::SCWPlatform::DSA absoulate path D:/Projects_Embedded/Closed_Loop/Vitis_3adc/3LFCC_3adc_platform/hw/Design_Closed_Loop_3adc.xsa
TRACE::2024-08-09.17:34:06::SCWPlatform::DSA directory D:/Projects_Embedded/Closed_Loop/Vitis_3adc/3LFCC_3adc_platform/hw
TRACE::2024-08-09.17:34:06::SCWPlatform:: Platform Path D:/Projects_Embedded/Closed_Loop/Vitis_3adc/3LFCC_3adc_platform/hw/Design_Closed_Loop_3adc.xsa
TRACE::2024-08-09.17:34:06::SCWPlatform:: Unique name xilinx:zybo::0.0
TRACE::2024-08-09.17:34:06::SCWPlatform::Trying to set the existing hwdb with name Design_Closed_Loop_wrapper
TRACE::2024-08-09.17:34:06::SCWPlatform::Opened existing hwdb Design_Closed_Loop_wrapper
TRACE::2024-08-09.17:34:06::SCWPlatform::Found the Hw Db part of the input DSA
TRACE::2024-08-09.17:34:06::SCWMssOS::Checking the sw design at  D:/Projects_Embedded/Closed_Loop/Vitis_3adc/3LFCC_3adc_platform/ps7_cortexa9_0/standalone_domain/bsp/system.mss
TRACE::2024-08-09.17:34:06::SCWMssOS::DEBUG:  swdes dump  D:/Projects_Embedded/Closed_Loop/Vitis_3adc/3LFCC_3adc_platform/ps7_cortexa9_0/standalone_domain/bsp/system.mss|system_0||
D:/Projects_Embedded/Closed_Loop/Vitis_3adc/3LFCC_3adc_platform/zynq_fsbl/zynq_fsbl_bsp/system.mss|system||

TRACE::2024-08-09.17:34:06::SCWMssOS::Sw design exists and opened at  D:/Projects_Embedded/Closed_Loop/Vitis_3adc/3LFCC_3adc_platform/ps7_cortexa9_0/standalone_domain/bsp/system.mss
TRACE::2024-08-09.17:34:06::SCWReader::No isolation master present  
LOG::2024-08-09.17:36:03::SCWPlatform::Started generating the artifacts platform 3LFCC_3adc_platform
TRACE::2024-08-09.17:36:03::SCWPlatform::Sanity checking of platform is completed
LOG::2024-08-09.17:36:03::SCWPlatform::Started generating the artifacts for system configuration 3LFCC_3adc_platform
LOG::2024-08-09.17:36:03::SCWSystem::Checking the domain zynq_fsbl
LOG::2024-08-09.17:36:03::SCWSystem::Doing application build for :  zynq_fsbl
TRACE::2024-08-09.17:36:03::SCWBDomain::Not a forced makefile updation, No changes are present. 
TRACE::2024-08-09.17:36:03::SCWDomain::Skipping the build for domain :  zynq_fsbl
LOG::2024-08-09.17:36:03::SCWSystem::Checking the domain standalone_domain
LOG::2024-08-09.17:36:03::SCWSystem::Not a boot domain 
LOG::2024-08-09.17:36:03::SCWSystem::Started Processing the domain standalone_domain
TRACE::2024-08-09.17:36:03::SCWDomain::Generating domain artifcats
TRACE::2024-08-09.17:36:03::SCWMssOS::Generating standalone artifcats
TRACE::2024-08-09.17:36:03::SCWMssOS::Copying the qemu file from  D:/Projects_Embedded/Closed_Loop/Vitis_3adc/3LFCC_3adc_platform/resources/3LFCC_3adc_platform/standalone_domain/qemu_args.txt To D:/Projects_Embedded/Closed_Loop/Vitis_3adc/3LFCC_3adc_platform/export/3LFCC_3adc_platform/sw/3LFCC_3adc_platform/qemu/
TRACE::2024-08-09.17:36:03::SCWMssOS::Copying the qemu file from  D:/Projects_Embedded/Closed_Loop/Vitis_3adc/3LFCC_3adc_platform/resources/3LFCC_3adc_platform/standalone_domain/qemu_args.txt To D:/Projects_Embedded/Closed_Loop/Vitis_3adc/3LFCC_3adc_platform/export/3LFCC_3adc_platform/sw/3LFCC_3adc_platform/standalone_domain/qemu/
TRACE::2024-08-09.17:36:03::SCWMssOS:: Copying the user libraries. 
TRACE::2024-08-09.17:36:03::SCWPlatform::Trying to open the hw design at D:/Projects_Embedded/Closed_Loop/Vitis_3adc/3LFCC_3adc_platform/hw/Design_Closed_Loop_3adc.xsa
TRACE::2024-08-09.17:36:03::SCWPlatform::DSA given D:/Projects_Embedded/Closed_Loop/Vitis_3adc/3LFCC_3adc_platform/hw/Design_Closed_Loop_3adc.xsa
TRACE::2024-08-09.17:36:03::SCWPlatform::DSA absoulate path D:/Projects_Embedded/Closed_Loop/Vitis_3adc/3LFCC_3adc_platform/hw/Design_Closed_Loop_3adc.xsa
TRACE::2024-08-09.17:36:03::SCWPlatform::DSA directory D:/Projects_Embedded/Closed_Loop/Vitis_3adc/3LFCC_3adc_platform/hw
TRACE::2024-08-09.17:36:03::SCWPlatform:: Platform Path D:/Projects_Embedded/Closed_Loop/Vitis_3adc/3LFCC_3adc_platform/hw/Design_Closed_Loop_3adc.xsa
TRACE::2024-08-09.17:36:03::SCWPlatform:: Unique name xilinx:zybo::0.0
TRACE::2024-08-09.17:36:03::SCWPlatform::Trying to set the existing hwdb with name Design_Closed_Loop_wrapper
TRACE::2024-08-09.17:36:03::SCWPlatform::Opened existing hwdb Design_Closed_Loop_wrapper
TRACE::2024-08-09.17:36:03::SCWPlatform::Found the Hw Db part of the input DSA
TRACE::2024-08-09.17:36:03::SCWMssOS::Checking the sw design at  D:/Projects_Embedded/Closed_Loop/Vitis_3adc/3LFCC_3adc_platform/ps7_cortexa9_0/standalone_domain/bsp/system.mss
TRACE::2024-08-09.17:36:03::SCWMssOS::DEBUG:  swdes dump  D:/Projects_Embedded/Closed_Loop/Vitis_3adc/3LFCC_3adc_platform/ps7_cortexa9_0/standalone_domain/bsp/system.mss|system_0||
D:/Projects_Embedded/Closed_Loop/Vitis_3adc/3LFCC_3adc_platform/zynq_fsbl/zynq_fsbl_bsp/system.mss|system||

TRACE::2024-08-09.17:36:03::SCWMssOS::Sw design exists and opened at  D:/Projects_Embedded/Closed_Loop/Vitis_3adc/3LFCC_3adc_platform/ps7_cortexa9_0/standalone_domain/bsp/system.mss
TRACE::2024-08-09.17:36:03::SCWMssOS::Completed writing the mss file at D:/Projects_Embedded/Closed_Loop/Vitis_3adc/3LFCC_3adc_platform/ps7_cortexa9_0/standalone_domain/bsp
TRACE::2024-08-09.17:36:03::SCWMssOS::Mss edits present, copying mssfile into export location D:/Projects_Embedded/Closed_Loop/Vitis_3adc/3LFCC_3adc_platform/ps7_cortexa9_0/standalone_domain/bsp/system.mss
TRACE::2024-08-09.17:36:03::SCWMssOS::bsp generated is upto date with the mss file. Skipping bsp generation.
TRACE::2024-08-09.17:36:03::SCWMssOS::BSP is already built. skipping the bsp build ... 
TRACE::2024-08-09.17:36:03::SCWDomain::Skipping the build for domain :  standalone_domain
TRACE::2024-08-09.17:36:03::SCWMssOS::skipping the bsp build ... 
TRACE::2024-08-09.17:36:03::SCWMssOS::Copying to export directory.
TRACE::2024-08-09.17:36:04::SCWMssOS:: Checking if to create the Supporting Applications
TRACE::2024-08-09.17:36:04::SCWMssOS:: No Linux domain exists, trying to generate FSBL 
LOG::2024-08-09.17:36:04::SCWSystem::Completed Processing the domain standalone_domain
LOG::2024-08-09.17:36:04::SCWSystem::Completed Processing the sysconfig 3LFCC_3adc_platform
LOG::2024-08-09.17:36:04::SCWPlatform::Completed generating the artifacts for system configuration 3LFCC_3adc_platform
TRACE::2024-08-09.17:36:04::SCWPlatform::Started preparing the platform 
TRACE::2024-08-09.17:36:04::SCWSystem::Writing the bif file for system config 3LFCC_3adc_platform
TRACE::2024-08-09.17:36:04::SCWSystem::dir created 
TRACE::2024-08-09.17:36:04::SCWSystem::Writing the bif 
TRACE::2024-08-09.17:36:04::SCWPlatform::Started writing the spfm file 
TRACE::2024-08-09.17:36:04::SCWPlatform::Started writing the xpfm file 
TRACE::2024-08-09.17:36:04::SCWPlatform::Completed generating the platform
TRACE::2024-08-09.17:36:04::SCWMssOS::Saving the mss changes D:/Projects_Embedded/Closed_Loop/Vitis_3adc/3LFCC_3adc_platform/zynq_fsbl/zynq_fsbl_bsp/system.mss
TRACE::2024-08-09.17:36:04::SCWMssOS::Found a swdesign opened with the mssfile.
TRACE::2024-08-09.17:36:04::SCWMssOS::Completed writemss as part of save.
TRACE::2024-08-09.17:36:04::SCWMssOS::Commit changes completed.
TRACE::2024-08-09.17:36:04::SCWMssOS::Saving the mss changes D:/Projects_Embedded/Closed_Loop/Vitis_3adc/3LFCC_3adc_platform/ps7_cortexa9_0/standalone_domain/bsp/system.mss
TRACE::2024-08-09.17:36:04::SCWMssOS::Found a swdesign opened with the mssfile.
TRACE::2024-08-09.17:36:04::SCWMssOS::Completed writemss as part of save.
TRACE::2024-08-09.17:36:04::SCWMssOS::Commit changes completed.
TRACE::2024-08-09.17:36:04::SCWPlatform::Trying to open the hw design at D:/Projects_Embedded/Closed_Loop/Vitis_3adc/3LFCC_3adc_platform/hw/Design_Closed_Loop_3adc.xsa
TRACE::2024-08-09.17:36:04::SCWPlatform::DSA given D:/Projects_Embedded/Closed_Loop/Vitis_3adc/3LFCC_3adc_platform/hw/Design_Closed_Loop_3adc.xsa
TRACE::2024-08-09.17:36:04::SCWPlatform::DSA absoulate path D:/Projects_Embedded/Closed_Loop/Vitis_3adc/3LFCC_3adc_platform/hw/Design_Closed_Loop_3adc.xsa
TRACE::2024-08-09.17:36:04::SCWPlatform::DSA directory D:/Projects_Embedded/Closed_Loop/Vitis_3adc/3LFCC_3adc_platform/hw
TRACE::2024-08-09.17:36:04::SCWPlatform:: Platform Path D:/Projects_Embedded/Closed_Loop/Vitis_3adc/3LFCC_3adc_platform/hw/Design_Closed_Loop_3adc.xsa
TRACE::2024-08-09.17:36:04::SCWPlatform:: Unique name xilinx:zybo::0.0
TRACE::2024-08-09.17:36:04::SCWPlatform::Trying to set the existing hwdb with name Design_Closed_Loop_wrapper
TRACE::2024-08-09.17:36:04::SCWPlatform::Opened existing hwdb Design_Closed_Loop_wrapper
TRACE::2024-08-09.17:36:04::SCWPlatform::Found the Hw Db part of the input DSA
TRACE::2024-08-09.17:36:04::SCWMssOS::Checking the sw design at  D:/Projects_Embedded/Closed_Loop/Vitis_3adc/3LFCC_3adc_platform/zynq_fsbl/zynq_fsbl_bsp/system.mss
TRACE::2024-08-09.17:36:04::SCWMssOS::DEBUG:  swdes dump  D:/Projects_Embedded/Closed_Loop/Vitis_3adc/3LFCC_3adc_platform/ps7_cortexa9_0/standalone_domain/bsp/system.mss|system_0||
D:/Projects_Embedded/Closed_Loop/Vitis_3adc/3LFCC_3adc_platform/zynq_fsbl/zynq_fsbl_bsp/system.mss|system||

TRACE::2024-08-09.17:36:04::SCWMssOS::Sw design exists and opened at  D:/Projects_Embedded/Closed_Loop/Vitis_3adc/3LFCC_3adc_platform/zynq_fsbl/zynq_fsbl_bsp/system.mss
TRACE::2024-08-09.17:36:04::SCWPlatform::Trying to open the hw design at D:/Projects_Embedded/Closed_Loop/Vitis_3adc/3LFCC_3adc_platform/hw/Design_Closed_Loop_3adc.xsa
TRACE::2024-08-09.17:36:04::SCWPlatform::DSA given D:/Projects_Embedded/Closed_Loop/Vitis_3adc/3LFCC_3adc_platform/hw/Design_Closed_Loop_3adc.xsa
TRACE::2024-08-09.17:36:04::SCWPlatform::DSA absoulate path D:/Projects_Embedded/Closed_Loop/Vitis_3adc/3LFCC_3adc_platform/hw/Design_Closed_Loop_3adc.xsa
TRACE::2024-08-09.17:36:04::SCWPlatform::DSA directory D:/Projects_Embedded/Closed_Loop/Vitis_3adc/3LFCC_3adc_platform/hw
TRACE::2024-08-09.17:36:04::SCWPlatform:: Platform Path D:/Projects_Embedded/Closed_Loop/Vitis_3adc/3LFCC_3adc_platform/hw/Design_Closed_Loop_3adc.xsa
TRACE::2024-08-09.17:36:04::SCWPlatform:: Unique name xilinx:zybo::0.0
TRACE::2024-08-09.17:36:04::SCWPlatform::Trying to set the existing hwdb with name Design_Closed_Loop_wrapper
TRACE::2024-08-09.17:36:04::SCWPlatform::Opened existing hwdb Design_Closed_Loop_wrapper
TRACE::2024-08-09.17:36:04::SCWPlatform::Found the Hw Db part of the input DSA
TRACE::2024-08-09.17:36:04::SCWMssOS::Checking the sw design at  D:/Projects_Embedded/Closed_Loop/Vitis_3adc/3LFCC_3adc_platform/ps7_cortexa9_0/standalone_domain/bsp/system.mss
TRACE::2024-08-09.17:36:04::SCWMssOS::DEBUG:  swdes dump  D:/Projects_Embedded/Closed_Loop/Vitis_3adc/3LFCC_3adc_platform/ps7_cortexa9_0/standalone_domain/bsp/system.mss|system_0||
D:/Projects_Embedded/Closed_Loop/Vitis_3adc/3LFCC_3adc_platform/zynq_fsbl/zynq_fsbl_bsp/system.mss|system||

TRACE::2024-08-09.17:36:04::SCWMssOS::Sw design exists and opened at  D:/Projects_Embedded/Closed_Loop/Vitis_3adc/3LFCC_3adc_platform/ps7_cortexa9_0/standalone_domain/bsp/system.mss
TRACE::2024-08-09.17:36:04::SCWWriter::formatted JSON is {
	"platformName":	"3LFCC_3adc_platform",
	"sprVersion":	"2.0",
	"mode":	"gui",
	"dsaType":	"Fixed",
	"platformDesc":	"3LFCC_3adc_platform",
	"platHandOff":	"D:/Projects_Embedded/Closed_Loop/Vivado/Design_Closed_Loop_3adc.xsa",
	"platIntHandOff":	"<platformDir>/hw/Design_Closed_Loop_3adc.xsa",
	"deviceType":	"zynq",
	"platIsPrebuiltAutogen":	"false",
	"platIsNoBootBsp":	"false",
	"hasFsblMakeHasChanges":	"false",
	"hasPmufwMakeHasChanges":	"false",
	"fsblExtraCompilerFlags":	"-MMD -MP       -mcpu=cortex-a9 -mfpu=vfpv3 -mfloat-abi=hard ",
	"platPreBuiltFlag":	false,
	"platformSamplesDir":	"",
	"platActiveSys":	"3LFCC_3adc_platform",
	"systems":	[{
			"systemName":	"3LFCC_3adc_platform",
			"systemDesc":	"3LFCC_3adc_platform",
			"sysIsBootAutoGen":	"true",
			"systemDispName":	"3LFCC_3adc_platform",
			"sysActiveDom":	"standalone_domain",
			"sysDefaultDom":	"standalone_domain",
			"domains":	[{
					"domainName":	"zynq_fsbl",
					"domainDispName":	"zynq_fsbl",
					"domainDesc":	"FSBL Application BSP - Auto Generated.",
					"processors":	"ps7_cortexa9_0",
					"os":	"standalone",
					"sdxOs":	"standalone",
					"debugEnable":	"",
					"domRuntimes":	["cpp"],
					"swRepo":	"",
					"mssOsVer":	"9.0",
					"mssFile":	"",
					"md5Digest":	"ace6a4eb4a18a3154354155bb949edb7",
					"compatibleApp":	"zynq_fsbl",
					"domType":	"bootDomain",
					"arch":	"32-bit",
					"appSettings":	{
						"appCompilerFlags":	"",
						"appLinkerFlags":	""
					},
					"addedLibs":	["xilffs:5.1", "xilrsa:1.7"],
					"libOptions":	{
						"libsContainingOptions":	[]
					},
					"prebuiltLibs":	{
						"prebuiltIncPath":	[],
						"prebuiltLibPath":	[]
					},
					"isolation":	{
					}
				}, {
					"domainName":	"standalone_domain",
					"domainDispName":	"standalone on ps7_cortexa9_0",
					"domainDesc":	"standalone_domain",
					"processors":	"ps7_cortexa9_0",
					"os":	"standalone",
					"sdxOs":	"standalone",
					"qemuArgs":	"<platformDir>/resources/3LFCC_3adc_platform/standalone_domain/qemu_args.txt",
					"qemuData":	"<platformDir>/resources/3LFCC_3adc_platform/standalone_domain/qemu",
					"debugEnable":	"False",
					"domRuntimes":	["cpp"],
					"swRepo":	"",
					"mssOsVer":	"9.0",
					"mssFile":	"",
					"md5Digest":	"e42d5fb8e1321f34bbe9f9b7aa0fb81a",
					"compatibleApp":	"",
					"domType":	"mssDomain",
					"appSettings":	{
						"appCompilerFlags":	"",
						"appLinkerFlags":	""
					},
					"addedLibs":	[],
					"libOptions":	{
						"libsContainingOptions":	[]
					},
					"prebuiltLibs":	{
						"prebuiltIncPath":	[],
						"prebuiltLibPath":	[]
					},
					"isolation":	{
					}
				}]
		}]
}
KEYINFO::2024-08-09.17:36:04::SCWPlatform::updated the xpfm file.
TRACE::2024-08-09.17:36:04::SCWPlatform::Trying to open the hw design at D:/Projects_Embedded/Closed_Loop/Vitis_3adc/3LFCC_3adc_platform/hw/Design_Closed_Loop_3adc.xsa
TRACE::2024-08-09.17:36:04::SCWPlatform::DSA given D:/Projects_Embedded/Closed_Loop/Vitis_3adc/3LFCC_3adc_platform/hw/Design_Closed_Loop_3adc.xsa
TRACE::2024-08-09.17:36:04::SCWPlatform::DSA absoulate path D:/Projects_Embedded/Closed_Loop/Vitis_3adc/3LFCC_3adc_platform/hw/Design_Closed_Loop_3adc.xsa
TRACE::2024-08-09.17:36:04::SCWPlatform::DSA directory D:/Projects_Embedded/Closed_Loop/Vitis_3adc/3LFCC_3adc_platform/hw
TRACE::2024-08-09.17:36:04::SCWPlatform:: Platform Path D:/Projects_Embedded/Closed_Loop/Vitis_3adc/3LFCC_3adc_platform/hw/Design_Closed_Loop_3adc.xsa
TRACE::2024-08-09.17:36:04::SCWPlatform:: Unique name xilinx:zybo::0.0
TRACE::2024-08-09.17:36:04::SCWPlatform::Trying to set the existing hwdb with name Design_Closed_Loop_wrapper
TRACE::2024-08-09.17:36:04::SCWPlatform::Opened existing hwdb Design_Closed_Loop_wrapper
TRACE::2024-08-09.17:36:04::SCWPlatform::Found the Hw Db part of the input DSA
TRACE::2024-08-09.17:36:04::SCWMssOS::Checking the sw design at  D:/Projects_Embedded/Closed_Loop/Vitis_3adc/3LFCC_3adc_platform/ps7_cortexa9_0/standalone_domain/bsp/system.mss
TRACE::2024-08-09.17:36:04::SCWMssOS::DEBUG:  swdes dump  D:/Projects_Embedded/Closed_Loop/Vitis_3adc/3LFCC_3adc_platform/ps7_cortexa9_0/standalone_domain/bsp/system.mss|system_0||
D:/Projects_Embedded/Closed_Loop/Vitis_3adc/3LFCC_3adc_platform/zynq_fsbl/zynq_fsbl_bsp/system.mss|system||

TRACE::2024-08-09.17:36:04::SCWMssOS::Sw design exists and opened at  D:/Projects_Embedded/Closed_Loop/Vitis_3adc/3LFCC_3adc_platform/ps7_cortexa9_0/standalone_domain/bsp/system.mss
TRACE::2024-08-13.16:51:34::SCWPlatform::Trying to open the hw design at D:/Programs/Proyecto_3LFCC_Zybo/Vitis_3adc/3LFCC_3adc_platform/hw/Design_Closed_Loop_3adc.xsa
TRACE::2024-08-13.16:51:34::SCWPlatform::DSA given D:/Programs/Proyecto_3LFCC_Zybo/Vitis_3adc/3LFCC_3adc_platform/hw/Design_Closed_Loop_3adc.xsa
TRACE::2024-08-13.16:51:34::SCWPlatform::DSA absoulate path D:/Programs/Proyecto_3LFCC_Zybo/Vitis_3adc/3LFCC_3adc_platform/hw/Design_Closed_Loop_3adc.xsa
TRACE::2024-08-13.16:51:34::SCWPlatform::DSA directory D:/Programs/Proyecto_3LFCC_Zybo/Vitis_3adc/3LFCC_3adc_platform/hw
TRACE::2024-08-13.16:51:34::SCWPlatform:: Platform Path D:/Programs/Proyecto_3LFCC_Zybo/Vitis_3adc/3LFCC_3adc_platform/hw/Design_Closed_Loop_3adc.xsa
TRACE::2024-08-13.16:51:34::SCWPlatform:: Unique name xilinx:zybo::0.0
TRACE::2024-08-13.16:51:34::SCWPlatform::Do not have an existing db opened. 
TRACE::2024-08-13.16:51:44::SCWPlatform::Opened new HwDB with name Design_Closed_Loop_wrapper
TRACE::2024-08-13.16:51:44::SCWReader::Active system found as  3LFCC_3adc_platform
TRACE::2024-08-13.16:51:44::SCWReader::Handling sysconfig 3LFCC_3adc_platform
TRACE::2024-08-13.16:51:44::SCWDomain::checking for install qemu data   : 
TRACE::2024-08-13.16:51:44::SCWDomain:: Using the QEMU Data from install at  : D:/Xilinx/Vitis/2023.2/data/emulation/platforms/zynq/sw/a9_standalone/qemu/
TRACE::2024-08-13.16:51:44::SCWDomain:: Using the QEMU args  from install at  : D:/Xilinx/Vitis/2023.2/data/emulation/platforms/zynq/sw/a9_standalone/qemu/qemu_args.txt
TRACE::2024-08-13.16:51:44::SCWPlatform::Trying to open the hw design at D:/Programs/Proyecto_3LFCC_Zybo/Vitis_3adc/3LFCC_3adc_platform/hw/Design_Closed_Loop_3adc.xsa
TRACE::2024-08-13.16:51:44::SCWPlatform::DSA given D:/Programs/Proyecto_3LFCC_Zybo/Vitis_3adc/3LFCC_3adc_platform/hw/Design_Closed_Loop_3adc.xsa
TRACE::2024-08-13.16:51:44::SCWPlatform::DSA absoulate path D:/Programs/Proyecto_3LFCC_Zybo/Vitis_3adc/3LFCC_3adc_platform/hw/Design_Closed_Loop_3adc.xsa
TRACE::2024-08-13.16:51:44::SCWPlatform::DSA directory D:/Programs/Proyecto_3LFCC_Zybo/Vitis_3adc/3LFCC_3adc_platform/hw
TRACE::2024-08-13.16:51:44::SCWPlatform:: Platform Path D:/Programs/Proyecto_3LFCC_Zybo/Vitis_3adc/3LFCC_3adc_platform/hw/Design_Closed_Loop_3adc.xsa
TRACE::2024-08-13.16:51:44::SCWPlatform:: Unique name xilinx:zybo::0.0
TRACE::2024-08-13.16:51:44::SCWPlatform::Trying to set the existing hwdb with name Design_Closed_Loop_wrapper
TRACE::2024-08-13.16:51:44::SCWPlatform::Opened existing hwdb Design_Closed_Loop_wrapper
TRACE::2024-08-13.16:51:44::SCWPlatform::Found the Hw Db part of the input DSA
TRACE::2024-08-13.16:51:44::SCWPlatform::Trying to open the hw design at D:/Programs/Proyecto_3LFCC_Zybo/Vitis_3adc/3LFCC_3adc_platform/hw/Design_Closed_Loop_3adc.xsa
TRACE::2024-08-13.16:51:44::SCWPlatform::DSA given D:/Programs/Proyecto_3LFCC_Zybo/Vitis_3adc/3LFCC_3adc_platform/hw/Design_Closed_Loop_3adc.xsa
TRACE::2024-08-13.16:51:44::SCWPlatform::DSA absoulate path D:/Programs/Proyecto_3LFCC_Zybo/Vitis_3adc/3LFCC_3adc_platform/hw/Design_Closed_Loop_3adc.xsa
TRACE::2024-08-13.16:51:44::SCWPlatform::DSA directory D:/Programs/Proyecto_3LFCC_Zybo/Vitis_3adc/3LFCC_3adc_platform/hw
TRACE::2024-08-13.16:51:44::SCWPlatform:: Platform Path D:/Programs/Proyecto_3LFCC_Zybo/Vitis_3adc/3LFCC_3adc_platform/hw/Design_Closed_Loop_3adc.xsa
TRACE::2024-08-13.16:51:44::SCWPlatform:: Unique name xilinx:zybo::0.0
TRACE::2024-08-13.16:51:44::SCWPlatform::Trying to set the existing hwdb with name Design_Closed_Loop_wrapper
TRACE::2024-08-13.16:51:44::SCWPlatform::Opened existing hwdb Design_Closed_Loop_wrapper
TRACE::2024-08-13.16:51:44::SCWPlatform::Found the Hw Db part of the input DSA
TRACE::2024-08-13.16:51:44::SCWPlatform::Trying to open the hw design at D:/Programs/Proyecto_3LFCC_Zybo/Vitis_3adc/3LFCC_3adc_platform/hw/Design_Closed_Loop_3adc.xsa
TRACE::2024-08-13.16:51:44::SCWPlatform::DSA given D:/Programs/Proyecto_3LFCC_Zybo/Vitis_3adc/3LFCC_3adc_platform/hw/Design_Closed_Loop_3adc.xsa
TRACE::2024-08-13.16:51:44::SCWPlatform::DSA absoulate path D:/Programs/Proyecto_3LFCC_Zybo/Vitis_3adc/3LFCC_3adc_platform/hw/Design_Closed_Loop_3adc.xsa
TRACE::2024-08-13.16:51:44::SCWPlatform::DSA directory D:/Programs/Proyecto_3LFCC_Zybo/Vitis_3adc/3LFCC_3adc_platform/hw
TRACE::2024-08-13.16:51:44::SCWPlatform:: Platform Path D:/Programs/Proyecto_3LFCC_Zybo/Vitis_3adc/3LFCC_3adc_platform/hw/Design_Closed_Loop_3adc.xsa
TRACE::2024-08-13.16:51:44::SCWPlatform:: Unique name xilinx:zybo::0.0
TRACE::2024-08-13.16:51:44::SCWPlatform::Trying to set the existing hwdb with name Design_Closed_Loop_wrapper
TRACE::2024-08-13.16:51:44::SCWPlatform::Opened existing hwdb Design_Closed_Loop_wrapper
TRACE::2024-08-13.16:51:44::SCWPlatform::Found the Hw Db part of the input DSA
TRACE::2024-08-13.16:51:44::SCWReader::Boot application domain added for zynq_fsbl
TRACE::2024-08-13.16:51:44::SCWPlatform::Trying to open the hw design at D:/Programs/Proyecto_3LFCC_Zybo/Vitis_3adc/3LFCC_3adc_platform/hw/Design_Closed_Loop_3adc.xsa
TRACE::2024-08-13.16:51:44::SCWPlatform::DSA given D:/Programs/Proyecto_3LFCC_Zybo/Vitis_3adc/3LFCC_3adc_platform/hw/Design_Closed_Loop_3adc.xsa
TRACE::2024-08-13.16:51:44::SCWPlatform::DSA absoulate path D:/Programs/Proyecto_3LFCC_Zybo/Vitis_3adc/3LFCC_3adc_platform/hw/Design_Closed_Loop_3adc.xsa
TRACE::2024-08-13.16:51:44::SCWPlatform::DSA directory D:/Programs/Proyecto_3LFCC_Zybo/Vitis_3adc/3LFCC_3adc_platform/hw
TRACE::2024-08-13.16:51:44::SCWPlatform:: Platform Path D:/Programs/Proyecto_3LFCC_Zybo/Vitis_3adc/3LFCC_3adc_platform/hw/Design_Closed_Loop_3adc.xsa
TRACE::2024-08-13.16:51:44::SCWPlatform:: Unique name xilinx:zybo::0.0
TRACE::2024-08-13.16:51:44::SCWPlatform::Trying to set the existing hwdb with name Design_Closed_Loop_wrapper
TRACE::2024-08-13.16:51:44::SCWPlatform::Opened existing hwdb Design_Closed_Loop_wrapper
TRACE::2024-08-13.16:51:44::SCWPlatform::Found the Hw Db part of the input DSA
TRACE::2024-08-13.16:51:44::SCWMssOS::Checking the sw design at  D:/Programs/Proyecto_3LFCC_Zybo/Vitis_3adc/3LFCC_3adc_platform/zynq_fsbl/zynq_fsbl_bsp/system.mss
TRACE::2024-08-13.16:51:44::SCWMssOS::DEBUG:  swdes dump  
TRACE::2024-08-13.16:51:44::SCWMssOS::No sw design opened at  D:/Programs/Proyecto_3LFCC_Zybo/Vitis_3adc/3LFCC_3adc_platform/zynq_fsbl/zynq_fsbl_bsp/system.mss
TRACE::2024-08-13.16:51:44::SCWMssOS::mss exists loading the mss file  D:/Programs/Proyecto_3LFCC_Zybo/Vitis_3adc/3LFCC_3adc_platform/zynq_fsbl/zynq_fsbl_bsp/system.mss
TRACE::2024-08-13.16:51:44::SCWMssOS::Opened the sw design from mss  D:/Programs/Proyecto_3LFCC_Zybo/Vitis_3adc/3LFCC_3adc_platform/zynq_fsbl/zynq_fsbl_bsp/system.mss
TRACE::2024-08-13.16:51:44::SCWMssOS::Adding the swdes entry D:/Programs/Proyecto_3LFCC_Zybo/Vitis_3adc/3LFCC_3adc_platform/zynq_fsbl/zynq_fsbl_bsp/system.mss with des name system
TRACE::2024-08-13.16:51:44::SCWMssOS::updating the scw layer about changes
TRACE::2024-08-13.16:51:44::SCWMssOS::Opened the sw design.  D:/Programs/Proyecto_3LFCC_Zybo/Vitis_3adc/3LFCC_3adc_platform/zynq_fsbl/zynq_fsbl_bsp/system.mss
TRACE::2024-08-13.16:51:44::SCWPlatform::Trying to open the hw design at D:/Programs/Proyecto_3LFCC_Zybo/Vitis_3adc/3LFCC_3adc_platform/hw/Design_Closed_Loop_3adc.xsa
TRACE::2024-08-13.16:51:44::SCWPlatform::DSA given D:/Programs/Proyecto_3LFCC_Zybo/Vitis_3adc/3LFCC_3adc_platform/hw/Design_Closed_Loop_3adc.xsa
TRACE::2024-08-13.16:51:44::SCWPlatform::DSA absoulate path D:/Programs/Proyecto_3LFCC_Zybo/Vitis_3adc/3LFCC_3adc_platform/hw/Design_Closed_Loop_3adc.xsa
TRACE::2024-08-13.16:51:44::SCWPlatform::DSA directory D:/Programs/Proyecto_3LFCC_Zybo/Vitis_3adc/3LFCC_3adc_platform/hw
TRACE::2024-08-13.16:51:44::SCWPlatform:: Platform Path D:/Programs/Proyecto_3LFCC_Zybo/Vitis_3adc/3LFCC_3adc_platform/hw/Design_Closed_Loop_3adc.xsa
TRACE::2024-08-13.16:51:44::SCWPlatform:: Unique name xilinx:zybo::0.0
TRACE::2024-08-13.16:51:44::SCWPlatform::Trying to set the existing hwdb with name Design_Closed_Loop_wrapper
TRACE::2024-08-13.16:51:44::SCWPlatform::Opened existing hwdb Design_Closed_Loop_wrapper
TRACE::2024-08-13.16:51:44::SCWPlatform::Found the Hw Db part of the input DSA
TRACE::2024-08-13.16:51:44::SCWMssOS::Checking the sw design at  D:/Programs/Proyecto_3LFCC_Zybo/Vitis_3adc/3LFCC_3adc_platform/zynq_fsbl/zynq_fsbl_bsp/system.mss
TRACE::2024-08-13.16:51:44::SCWMssOS::DEBUG:  swdes dump  D:/Programs/Proyecto_3LFCC_Zybo/Vitis_3adc/3LFCC_3adc_platform/zynq_fsbl/zynq_fsbl_bsp/system.mss|system||

TRACE::2024-08-13.16:51:44::SCWMssOS::Sw design exists and opened at  D:/Programs/Proyecto_3LFCC_Zybo/Vitis_3adc/3LFCC_3adc_platform/zynq_fsbl/zynq_fsbl_bsp/system.mss
TRACE::2024-08-13.16:51:44::SCWMssOS:: library already available in sw design:  xilffs:5.1
TRACE::2024-08-13.16:51:44::SCWPlatform::Trying to open the hw design at D:/Programs/Proyecto_3LFCC_Zybo/Vitis_3adc/3LFCC_3adc_platform/hw/Design_Closed_Loop_3adc.xsa
TRACE::2024-08-13.16:51:44::SCWPlatform::DSA given D:/Programs/Proyecto_3LFCC_Zybo/Vitis_3adc/3LFCC_3adc_platform/hw/Design_Closed_Loop_3adc.xsa
TRACE::2024-08-13.16:51:44::SCWPlatform::DSA absoulate path D:/Programs/Proyecto_3LFCC_Zybo/Vitis_3adc/3LFCC_3adc_platform/hw/Design_Closed_Loop_3adc.xsa
TRACE::2024-08-13.16:51:44::SCWPlatform::DSA directory D:/Programs/Proyecto_3LFCC_Zybo/Vitis_3adc/3LFCC_3adc_platform/hw
TRACE::2024-08-13.16:51:44::SCWPlatform:: Platform Path D:/Programs/Proyecto_3LFCC_Zybo/Vitis_3adc/3LFCC_3adc_platform/hw/Design_Closed_Loop_3adc.xsa
TRACE::2024-08-13.16:51:44::SCWPlatform:: Unique name xilinx:zybo::0.0
TRACE::2024-08-13.16:51:44::SCWPlatform::Trying to set the existing hwdb with name Design_Closed_Loop_wrapper
TRACE::2024-08-13.16:51:44::SCWPlatform::Opened existing hwdb Design_Closed_Loop_wrapper
TRACE::2024-08-13.16:51:44::SCWPlatform::Found the Hw Db part of the input DSA
TRACE::2024-08-13.16:51:44::SCWMssOS::Checking the sw design at  D:/Programs/Proyecto_3LFCC_Zybo/Vitis_3adc/3LFCC_3adc_platform/zynq_fsbl/zynq_fsbl_bsp/system.mss
TRACE::2024-08-13.16:51:44::SCWMssOS::DEBUG:  swdes dump  D:/Programs/Proyecto_3LFCC_Zybo/Vitis_3adc/3LFCC_3adc_platform/zynq_fsbl/zynq_fsbl_bsp/system.mss|system||

TRACE::2024-08-13.16:51:44::SCWMssOS::Sw design exists and opened at  D:/Programs/Proyecto_3LFCC_Zybo/Vitis_3adc/3LFCC_3adc_platform/zynq_fsbl/zynq_fsbl_bsp/system.mss
TRACE::2024-08-13.16:51:44::SCWMssOS:: library already available in sw design:  xilrsa:1.7
TRACE::2024-08-13.16:51:44::SCWMssOS::Saving the mss changes D:/Programs/Proyecto_3LFCC_Zybo/Vitis_3adc/3LFCC_3adc_platform/zynq_fsbl/zynq_fsbl_bsp/system.mss
TRACE::2024-08-13.16:51:44::SCWMssOS::Found a swdesign opened with the mssfile.
TRACE::2024-08-13.16:51:44::SCWMssOS::Completed writemss as part of save.
TRACE::2024-08-13.16:51:44::SCWMssOS::Commit changes completed.
TRACE::2024-08-13.16:51:44::SCWReader::Adding prebuilt librarypaths as   
TRACE::2024-08-13.16:51:44::SCWReader::Adding prebuilt incpaths  as   
TRACE::2024-08-13.16:51:44::SCWPlatform::Trying to open the hw design at D:/Programs/Proyecto_3LFCC_Zybo/Vitis_3adc/3LFCC_3adc_platform/hw/Design_Closed_Loop_3adc.xsa
TRACE::2024-08-13.16:51:44::SCWPlatform::DSA given D:/Programs/Proyecto_3LFCC_Zybo/Vitis_3adc/3LFCC_3adc_platform/hw/Design_Closed_Loop_3adc.xsa
TRACE::2024-08-13.16:51:44::SCWPlatform::DSA absoulate path D:/Programs/Proyecto_3LFCC_Zybo/Vitis_3adc/3LFCC_3adc_platform/hw/Design_Closed_Loop_3adc.xsa
TRACE::2024-08-13.16:51:44::SCWPlatform::DSA directory D:/Programs/Proyecto_3LFCC_Zybo/Vitis_3adc/3LFCC_3adc_platform/hw
TRACE::2024-08-13.16:51:44::SCWPlatform:: Platform Path D:/Programs/Proyecto_3LFCC_Zybo/Vitis_3adc/3LFCC_3adc_platform/hw/Design_Closed_Loop_3adc.xsa
TRACE::2024-08-13.16:51:44::SCWPlatform:: Unique name xilinx:zybo::0.0
TRACE::2024-08-13.16:51:44::SCWPlatform::Trying to set the existing hwdb with name Design_Closed_Loop_wrapper
TRACE::2024-08-13.16:51:44::SCWPlatform::Opened existing hwdb Design_Closed_Loop_wrapper
TRACE::2024-08-13.16:51:44::SCWPlatform::Found the Hw Db part of the input DSA
TRACE::2024-08-13.16:51:44::SCWMssOS::Checking the sw design at  D:/Programs/Proyecto_3LFCC_Zybo/Vitis_3adc/3LFCC_3adc_platform/zynq_fsbl/zynq_fsbl_bsp/system.mss
TRACE::2024-08-13.16:51:44::SCWMssOS::DEBUG:  swdes dump  D:/Programs/Proyecto_3LFCC_Zybo/Vitis_3adc/3LFCC_3adc_platform/zynq_fsbl/zynq_fsbl_bsp/system.mss|system||

TRACE::2024-08-13.16:51:44::SCWMssOS::Sw design exists and opened at  D:/Programs/Proyecto_3LFCC_Zybo/Vitis_3adc/3LFCC_3adc_platform/zynq_fsbl/zynq_fsbl_bsp/system.mss
TRACE::2024-08-13.16:51:44::SCWReader::No isolation master present  
TRACE::2024-08-13.16:51:44::SCWDomain::checking for install qemu data   : 
TRACE::2024-08-13.16:51:44::SCWDomain:: Using the QEMU Data from install at  : D:/Xilinx/Vitis/2023.2/data/emulation/platforms/zynq/sw/a9_standalone/qemu/
TRACE::2024-08-13.16:51:44::SCWDomain:: Using the QEMU args  from install at  : D:/Xilinx/Vitis/2023.2/data/emulation/platforms/zynq/sw/a9_standalone/qemu/qemu_args.txt
TRACE::2024-08-13.16:51:44::SCWPlatform::Trying to open the hw design at D:/Programs/Proyecto_3LFCC_Zybo/Vitis_3adc/3LFCC_3adc_platform/hw/Design_Closed_Loop_3adc.xsa
TRACE::2024-08-13.16:51:44::SCWPlatform::DSA given D:/Programs/Proyecto_3LFCC_Zybo/Vitis_3adc/3LFCC_3adc_platform/hw/Design_Closed_Loop_3adc.xsa
TRACE::2024-08-13.16:51:44::SCWPlatform::DSA absoulate path D:/Programs/Proyecto_3LFCC_Zybo/Vitis_3adc/3LFCC_3adc_platform/hw/Design_Closed_Loop_3adc.xsa
TRACE::2024-08-13.16:51:44::SCWPlatform::DSA directory D:/Programs/Proyecto_3LFCC_Zybo/Vitis_3adc/3LFCC_3adc_platform/hw
TRACE::2024-08-13.16:51:44::SCWPlatform:: Platform Path D:/Programs/Proyecto_3LFCC_Zybo/Vitis_3adc/3LFCC_3adc_platform/hw/Design_Closed_Loop_3adc.xsa
TRACE::2024-08-13.16:51:44::SCWPlatform:: Unique name xilinx:zybo::0.0
TRACE::2024-08-13.16:51:44::SCWPlatform::Trying to set the existing hwdb with name Design_Closed_Loop_wrapper
TRACE::2024-08-13.16:51:44::SCWPlatform::Opened existing hwdb Design_Closed_Loop_wrapper
TRACE::2024-08-13.16:51:44::SCWPlatform::Found the Hw Db part of the input DSA
TRACE::2024-08-13.16:51:44::SCWPlatform::Trying to open the hw design at D:/Programs/Proyecto_3LFCC_Zybo/Vitis_3adc/3LFCC_3adc_platform/hw/Design_Closed_Loop_3adc.xsa
TRACE::2024-08-13.16:51:44::SCWPlatform::DSA given D:/Programs/Proyecto_3LFCC_Zybo/Vitis_3adc/3LFCC_3adc_platform/hw/Design_Closed_Loop_3adc.xsa
TRACE::2024-08-13.16:51:44::SCWPlatform::DSA absoulate path D:/Programs/Proyecto_3LFCC_Zybo/Vitis_3adc/3LFCC_3adc_platform/hw/Design_Closed_Loop_3adc.xsa
TRACE::2024-08-13.16:51:44::SCWPlatform::DSA directory D:/Programs/Proyecto_3LFCC_Zybo/Vitis_3adc/3LFCC_3adc_platform/hw
TRACE::2024-08-13.16:51:44::SCWPlatform:: Platform Path D:/Programs/Proyecto_3LFCC_Zybo/Vitis_3adc/3LFCC_3adc_platform/hw/Design_Closed_Loop_3adc.xsa
TRACE::2024-08-13.16:51:44::SCWPlatform:: Unique name xilinx:zybo::0.0
TRACE::2024-08-13.16:51:44::SCWPlatform::Trying to set the existing hwdb with name Design_Closed_Loop_wrapper
TRACE::2024-08-13.16:51:44::SCWPlatform::Opened existing hwdb Design_Closed_Loop_wrapper
TRACE::2024-08-13.16:51:44::SCWPlatform::Found the Hw Db part of the input DSA
TRACE::2024-08-13.16:51:44::SCWPlatform::Trying to open the hw design at D:/Programs/Proyecto_3LFCC_Zybo/Vitis_3adc/3LFCC_3adc_platform/hw/Design_Closed_Loop_3adc.xsa
TRACE::2024-08-13.16:51:44::SCWPlatform::DSA given D:/Programs/Proyecto_3LFCC_Zybo/Vitis_3adc/3LFCC_3adc_platform/hw/Design_Closed_Loop_3adc.xsa
TRACE::2024-08-13.16:51:44::SCWPlatform::DSA absoulate path D:/Programs/Proyecto_3LFCC_Zybo/Vitis_3adc/3LFCC_3adc_platform/hw/Design_Closed_Loop_3adc.xsa
TRACE::2024-08-13.16:51:44::SCWPlatform::DSA directory D:/Programs/Proyecto_3LFCC_Zybo/Vitis_3adc/3LFCC_3adc_platform/hw
TRACE::2024-08-13.16:51:44::SCWPlatform:: Platform Path D:/Programs/Proyecto_3LFCC_Zybo/Vitis_3adc/3LFCC_3adc_platform/hw/Design_Closed_Loop_3adc.xsa
TRACE::2024-08-13.16:51:44::SCWPlatform:: Unique name xilinx:zybo::0.0
TRACE::2024-08-13.16:51:44::SCWPlatform::Trying to set the existing hwdb with name Design_Closed_Loop_wrapper
TRACE::2024-08-13.16:51:44::SCWPlatform::Opened existing hwdb Design_Closed_Loop_wrapper
TRACE::2024-08-13.16:51:44::SCWPlatform::Found the Hw Db part of the input DSA
TRACE::2024-08-13.16:51:44::SCWMssOS::Checking the sw design at  D:/Programs/Proyecto_3LFCC_Zybo/Vitis_3adc/3LFCC_3adc_platform/ps7_cortexa9_0/standalone_domain/bsp/system.mss
TRACE::2024-08-13.16:51:44::SCWMssOS::DEBUG:  swdes dump  D:/Programs/Proyecto_3LFCC_Zybo/Vitis_3adc/3LFCC_3adc_platform/zynq_fsbl/zynq_fsbl_bsp/system.mss|system||

TRACE::2024-08-13.16:51:44::SCWMssOS::No sw design opened at  D:/Programs/Proyecto_3LFCC_Zybo/Vitis_3adc/3LFCC_3adc_platform/ps7_cortexa9_0/standalone_domain/bsp/system.mss
TRACE::2024-08-13.16:51:44::SCWMssOS::mss exists loading the mss file  D:/Programs/Proyecto_3LFCC_Zybo/Vitis_3adc/3LFCC_3adc_platform/ps7_cortexa9_0/standalone_domain/bsp/system.mss
TRACE::2024-08-13.16:51:44::SCWMssOS::Opened the sw design from mss  D:/Programs/Proyecto_3LFCC_Zybo/Vitis_3adc/3LFCC_3adc_platform/ps7_cortexa9_0/standalone_domain/bsp/system.mss
TRACE::2024-08-13.16:51:44::SCWMssOS::Adding the swdes entry D:/Programs/Proyecto_3LFCC_Zybo/Vitis_3adc/3LFCC_3adc_platform/ps7_cortexa9_0/standalone_domain/bsp/system.mss with des name system_0
TRACE::2024-08-13.16:51:44::SCWMssOS::updating the scw layer about changes
TRACE::2024-08-13.16:51:44::SCWMssOS::Opened the sw design.  D:/Programs/Proyecto_3LFCC_Zybo/Vitis_3adc/3LFCC_3adc_platform/ps7_cortexa9_0/standalone_domain/bsp/system.mss
TRACE::2024-08-13.16:51:44::SCWMssOS::Saving the mss changes D:/Programs/Proyecto_3LFCC_Zybo/Vitis_3adc/3LFCC_3adc_platform/ps7_cortexa9_0/standalone_domain/bsp/system.mss
TRACE::2024-08-13.16:51:44::SCWMssOS::Found a swdesign opened with the mssfile.
TRACE::2024-08-13.16:51:44::SCWMssOS::Completed writemss as part of save.
TRACE::2024-08-13.16:51:44::SCWMssOS::Commit changes completed.
TRACE::2024-08-13.16:51:44::SCWReader::Adding prebuilt librarypaths as   
TRACE::2024-08-13.16:51:44::SCWReader::Adding prebuilt incpaths  as   
TRACE::2024-08-13.16:51:44::SCWPlatform::Trying to open the hw design at D:/Programs/Proyecto_3LFCC_Zybo/Vitis_3adc/3LFCC_3adc_platform/hw/Design_Closed_Loop_3adc.xsa
TRACE::2024-08-13.16:51:44::SCWPlatform::DSA given D:/Programs/Proyecto_3LFCC_Zybo/Vitis_3adc/3LFCC_3adc_platform/hw/Design_Closed_Loop_3adc.xsa
TRACE::2024-08-13.16:51:44::SCWPlatform::DSA absoulate path D:/Programs/Proyecto_3LFCC_Zybo/Vitis_3adc/3LFCC_3adc_platform/hw/Design_Closed_Loop_3adc.xsa
TRACE::2024-08-13.16:51:44::SCWPlatform::DSA directory D:/Programs/Proyecto_3LFCC_Zybo/Vitis_3adc/3LFCC_3adc_platform/hw
TRACE::2024-08-13.16:51:44::SCWPlatform:: Platform Path D:/Programs/Proyecto_3LFCC_Zybo/Vitis_3adc/3LFCC_3adc_platform/hw/Design_Closed_Loop_3adc.xsa
TRACE::2024-08-13.16:51:44::SCWPlatform:: Unique name xilinx:zybo::0.0
TRACE::2024-08-13.16:51:44::SCWPlatform::Trying to set the existing hwdb with name Design_Closed_Loop_wrapper
TRACE::2024-08-13.16:51:44::SCWPlatform::Opened existing hwdb Design_Closed_Loop_wrapper
TRACE::2024-08-13.16:51:44::SCWPlatform::Found the Hw Db part of the input DSA
TRACE::2024-08-13.16:51:44::SCWMssOS::Checking the sw design at  D:/Programs/Proyecto_3LFCC_Zybo/Vitis_3adc/3LFCC_3adc_platform/ps7_cortexa9_0/standalone_domain/bsp/system.mss
TRACE::2024-08-13.16:51:44::SCWMssOS::DEBUG:  swdes dump  D:/Programs/Proyecto_3LFCC_Zybo/Vitis_3adc/3LFCC_3adc_platform/ps7_cortexa9_0/standalone_domain/bsp/system.mss|system_0||
D:/Programs/Proyecto_3LFCC_Zybo/Vitis_3adc/3LFCC_3adc_platform/zynq_fsbl/zynq_fsbl_bsp/system.mss|system||

TRACE::2024-08-13.16:51:44::SCWMssOS::Sw design exists and opened at  D:/Programs/Proyecto_3LFCC_Zybo/Vitis_3adc/3LFCC_3adc_platform/ps7_cortexa9_0/standalone_domain/bsp/system.mss
TRACE::2024-08-13.16:51:44::SCWReader::No isolation master present  
TRACE::2024-08-13.16:51:45::SCWBDomain::System Command Ran  D:&  cd  D:/Programs/Proyecto_3LFCC_Zybo/Vitis_3adc/3LFCC_3adc_platform/zynq_fsbl & make clean
TRACE::2024-08-13.16:51:46::SCWBDomain::rm -rf  sd.o  nand.o  image_mover.o  md5.o  fsbl_hooks.o  main.o  nor.o  qspi.o  rsa.o  ps7_init.o  pcap.o  fsbl_handoff.o zynq
TRACE::2024-08-13.16:51:46::SCWBDomain::_fsbl_bsp/ps7_cortexa9_0/lib/libxil.a fsbl.elf *.o

TRACE::2024-08-13.16:51:46::SCWBDomain::System Command Ran  D:&  cd  D:/Programs/Proyecto_3LFCC_Zybo/Vitis_3adc/3LFCC_3adc_platform/zynq_fsbl/zynq_fsbl_bsp & make clean
TRACE::2024-08-13.16:51:46::SCWBDomain::make -C ps7_cortexa9_0/libsrc/clk_wiz_v1_6/src -s clean 

TRACE::2024-08-13.16:51:46::SCWBDomain::make -C ps7_cortexa9_0/libsrc/coresightps_dcc_v1_9/src -s clean 

TRACE::2024-08-13.16:51:46::SCWBDomain::make -C ps7_cortexa9_0/libsrc/cpu_cortexa9_v2_12/src -s clean 

TRACE::2024-08-13.16:51:46::SCWBDomain::make -C ps7_cortexa9_0/libsrc/ddrps_v1_2/src -s clean 

TRACE::2024-08-13.16:51:46::SCWBDomain::make -C ps7_cortexa9_0/libsrc/devcfg_v3_8/src -s clean 

TRACE::2024-08-13.16:51:47::SCWBDomain::make -C ps7_cortexa9_0/libsrc/dmaps_v2_9/src -s clean 

TRACE::2024-08-13.16:51:47::SCWBDomain::make -C ps7_cortexa9_0/libsrc/emacps_v3_19/src -s clean 

TRACE::2024-08-13.16:51:47::SCWBDomain::make -C ps7_cortexa9_0/libsrc/gpiops_v3_12/src -s clean 

TRACE::2024-08-13.16:51:47::SCWBDomain::make -C ps7_cortexa9_0/libsrc/PS_to_Regs_v1_0/src -s clean 

TRACE::2024-08-13.16:51:47::SCWBDomain::make -C ps7_cortexa9_0/libsrc/qspips_v3_11/src -s clean 

TRACE::2024-08-13.16:51:47::SCWBDomain::make -C ps7_cortexa9_0/libsrc/scugic_v5_2/src -s clean 

TRACE::2024-08-13.16:51:48::SCWBDomain::make -C ps7_cortexa9_0/libsrc/scutimer_v2_5/src -s clean 

TRACE::2024-08-13.16:51:48::SCWBDomain::make -C ps7_cortexa9_0/libsrc/scuwdt_v2_5/src -s clean 

TRACE::2024-08-13.16:51:48::SCWBDomain::make -C ps7_cortexa9_0/libsrc/sdps_v4_2/src -s clean 

TRACE::2024-08-13.16:51:48::SCWBDomain::make -C ps7_cortexa9_0/libsrc/standalone_v9_0/src -s clean 

TRACE::2024-08-13.16:51:49::SCWBDomain::make -C ps7_cortexa9_0/libsrc/sysmon_v7_8/src -s clean 

TRACE::2024-08-13.16:51:49::SCWBDomain::make -C ps7_cortexa9_0/libsrc/ttcps_v3_18/src -s clean 

TRACE::2024-08-13.16:51:49::SCWBDomain::make -C ps7_cortexa9_0/libsrc/uartps_v3_13/src -s clean 

TRACE::2024-08-13.16:51:50::SCWBDomain::make -C ps7_cortexa9_0/libsrc/usbps_v2_8/src -s clean 

TRACE::2024-08-13.16:51:50::SCWBDomain::make -C ps7_cortexa9_0/libsrc/xadcps_v2_7/src -s clean 

TRACE::2024-08-13.16:51:50::SCWBDomain::make -C ps7_cortexa9_0/libsrc/xilffs_v5_1/src -s clean 

TRACE::2024-08-13.16:51:50::SCWBDomain::make -C ps7_cortexa9_0/libsrc/xilrsa_v1_7/src -s clean 

TRACE::2024-08-13.16:51:51::SCWBDomain::rm -f ps7_cortexa9_0/lib/libxil.a

TRACE::2024-08-13.16:51:51::SCWMssOS::cleaning the bsp 
TRACE::2024-08-13.16:51:51::SCWMssOS::System Command Ran  D: & cd  D:/Programs/Proyecto_3LFCC_Zybo/Vitis_3adc/3LFCC_3adc_platform/ps7_cortexa9_0/standalone_domain/bsp & make clean 
TRACE::2024-08-13.16:51:51::SCWMssOS::make -C ps7_cortexa9_0/libsrc/clk_wiz_v1_6/src -s clean 

TRACE::2024-08-13.16:51:51::SCWMssOS::make -C ps7_cortexa9_0/libsrc/coresightps_dcc_v1_9/src -s clean 

TRACE::2024-08-13.16:51:51::SCWMssOS::make -C ps7_cortexa9_0/libsrc/cpu_cortexa9_v2_12/src -s clean 

TRACE::2024-08-13.16:51:51::SCWMssOS::make -C ps7_cortexa9_0/libsrc/ddrps_v1_2/src -s clean 

TRACE::2024-08-13.16:51:51::SCWMssOS::make -C ps7_cortexa9_0/libsrc/devcfg_v3_8/src -s clean 

TRACE::2024-08-13.16:51:51::SCWMssOS::make -C ps7_cortexa9_0/libsrc/dmaps_v2_9/src -s clean 

TRACE::2024-08-13.16:51:51::SCWMssOS::make -C ps7_cortexa9_0/libsrc/emacps_v3_19/src -s clean 

TRACE::2024-08-13.16:51:52::SCWMssOS::make -C ps7_cortexa9_0/libsrc/gpiops_v3_12/src -s clean 

TRACE::2024-08-13.16:51:52::SCWMssOS::make -C ps7_cortexa9_0/libsrc/PS_to_Regs_v1_0/src -s clean 

TRACE::2024-08-13.16:51:52::SCWMssOS::make -C ps7_cortexa9_0/libsrc/qspips_v3_11/src -s clean 

TRACE::2024-08-13.16:51:52::SCWMssOS::make -C ps7_cortexa9_0/libsrc/scugic_v5_2/src -s clean 

TRACE::2024-08-13.16:51:52::SCWMssOS::make -C ps7_cortexa9_0/libsrc/scutimer_v2_5/src -s clean 

TRACE::2024-08-13.16:51:52::SCWMssOS::make -C ps7_cortexa9_0/libsrc/scuwdt_v2_5/src -s clean 

TRACE::2024-08-13.16:51:52::SCWMssOS::make -C ps7_cortexa9_0/libsrc/sdps_v4_2/src -s clean 

TRACE::2024-08-13.16:51:53::SCWMssOS::make -C ps7_cortexa9_0/libsrc/standalone_v9_0/src -s clean 

TRACE::2024-08-13.16:51:53::SCWMssOS::make -C ps7_cortexa9_0/libsrc/sysmon_v7_8/src -s clean 

TRACE::2024-08-13.16:51:54::SCWMssOS::make -C ps7_cortexa9_0/libsrc/ttcps_v3_18/src -s clean 

TRACE::2024-08-13.16:51:55::SCWMssOS::make -C ps7_cortexa9_0/libsrc/uartps_v3_13/src -s clean 

TRACE::2024-08-13.16:51:55::SCWMssOS::make -C ps7_cortexa9_0/libsrc/usbps_v2_8/src -s clean 

TRACE::2024-08-13.16:51:55::SCWMssOS::make -C ps7_cortexa9_0/libsrc/xadcps_v2_7/src -s clean 

TRACE::2024-08-13.16:51:56::SCWMssOS::rm -f ps7_cortexa9_0/lib/libxil.a

LOG::2024-08-13.16:52:00::SCWPlatform::Started generating the artifacts platform 3LFCC_3adc_platform
TRACE::2024-08-13.16:52:00::SCWPlatform::Sanity checking of platform is completed
LOG::2024-08-13.16:52:00::SCWPlatform::Started generating the artifacts for system configuration 3LFCC_3adc_platform
LOG::2024-08-13.16:52:00::SCWSystem::Checking the domain zynq_fsbl
LOG::2024-08-13.16:52:00::SCWSystem::Doing application build for :  zynq_fsbl
TRACE::2024-08-13.16:52:00::SCWBDomain::Not a forced makefile updation, No changes are present. 
TRACE::2024-08-13.16:52:00::SCWDomain::Building the domain as part of full build :  zynq_fsbl
TRACE::2024-08-13.16:52:00::SCWPlatform::Trying to open the hw design at D:/Programs/Proyecto_3LFCC_Zybo/Vitis_3adc/3LFCC_3adc_platform/hw/Design_Closed_Loop_3adc.xsa
TRACE::2024-08-13.16:52:00::SCWPlatform::DSA given D:/Programs/Proyecto_3LFCC_Zybo/Vitis_3adc/3LFCC_3adc_platform/hw/Design_Closed_Loop_3adc.xsa
TRACE::2024-08-13.16:52:00::SCWPlatform::DSA absoulate path D:/Programs/Proyecto_3LFCC_Zybo/Vitis_3adc/3LFCC_3adc_platform/hw/Design_Closed_Loop_3adc.xsa
TRACE::2024-08-13.16:52:00::SCWPlatform::DSA directory D:/Programs/Proyecto_3LFCC_Zybo/Vitis_3adc/3LFCC_3adc_platform/hw
TRACE::2024-08-13.16:52:00::SCWPlatform:: Platform Path D:/Programs/Proyecto_3LFCC_Zybo/Vitis_3adc/3LFCC_3adc_platform/hw/Design_Closed_Loop_3adc.xsa
TRACE::2024-08-13.16:52:00::SCWPlatform:: Unique name xilinx:zybo::0.0
TRACE::2024-08-13.16:52:00::SCWPlatform::Trying to set the existing hwdb with name Design_Closed_Loop_wrapper
TRACE::2024-08-13.16:52:00::SCWPlatform::Opened existing hwdb Design_Closed_Loop_wrapper
TRACE::2024-08-13.16:52:00::SCWPlatform::Found the Hw Db part of the input DSA
TRACE::2024-08-13.16:52:00::SCWMssOS::Checking the sw design at  D:/Programs/Proyecto_3LFCC_Zybo/Vitis_3adc/3LFCC_3adc_platform/zynq_fsbl/zynq_fsbl_bsp/system.mss
TRACE::2024-08-13.16:52:00::SCWMssOS::DEBUG:  swdes dump  D:/Programs/Proyecto_3LFCC_Zybo/Vitis_3adc/3LFCC_3adc_platform/ps7_cortexa9_0/standalone_domain/bsp/system.mss|system_0||
D:/Programs/Proyecto_3LFCC_Zybo/Vitis_3adc/3LFCC_3adc_platform/zynq_fsbl/zynq_fsbl_bsp/system.mss|system||

TRACE::2024-08-13.16:52:00::SCWMssOS::Sw design exists and opened at  D:/Programs/Proyecto_3LFCC_Zybo/Vitis_3adc/3LFCC_3adc_platform/zynq_fsbl/zynq_fsbl_bsp/system.mss
TRACE::2024-08-13.16:52:00::SCWBDomain::Completed writing the mss file at D:/Programs/Proyecto_3LFCC_Zybo/Vitis_3adc/3LFCC_3adc_platform/zynq_fsbl/zynq_fsbl_bsp
TRACE::2024-08-13.16:52:00::SCWBDomain::bsp generated is upto date with the mss file. Skipping bsp generation.
TRACE::2024-08-13.16:52:00::SCWBDomain::Not a forced makefile updation, No changes are present. 
TRACE::2024-08-13.16:52:00::SCWBDomain::System Command Ran  D:&  cd  D:/Programs/Proyecto_3LFCC_Zybo/Vitis_3adc/3LFCC_3adc_platform/zynq_fsbl& make -C  zynq_fsbl_bsp & make 
TRACE::2024-08-13.16:52:00::SCWBDomain::make: Entering directory 'D:/Programs/Proyecto_3LFCC_Zybo/Vitis_3adc/3LFCC_3adc_platform/zynq_fsbl/zynq_fsbl_bsp'

TRACE::2024-08-13.16:52:00::SCWBDomain::make --no-print-directory seq_libs

TRACE::2024-08-13.16:52:00::SCWBDomain::"Running Make include in ps7_cortexa9_0/libsrc/clk_wiz_v1_6/src"

TRACE::2024-08-13.16:52:00::SCWBDomain::make -C ps7_cortexa9_0/libsrc/clk_wiz_v1_6/src -s include  "SHELL=CMD" "COMPILER=arm-none-eabi-gcc" "ASSEMBLER=arm-none-eabi-as
TRACE::2024-08-13.16:52:00::SCWBDomain::" "ARCHIVER=arm-none-eabi-ar" "COMPILER_FLAGS=  -O2 -c" "EXTRA_COMPILER_FLAGS=-mcpu=cortex-a9 -mfpu=vfpv3 -mfloat-abi=hard -nos
TRACE::2024-08-13.16:52:00::SCWBDomain::tartfiles -g -Wall -Wextra -fno-tree-loop-distribute-patterns"

TRACE::2024-08-13.16:52:00::SCWBDomain::"Running Make include in ps7_cortexa9_0/libsrc/coresightps_dcc_v1_9/src"

TRACE::2024-08-13.16:52:00::SCWBDomain::make -C ps7_cortexa9_0/libsrc/coresightps_dcc_v1_9/src -s include  "SHELL=CMD" "COMPILER=arm-none-eabi-gcc" "ASSEMBLER=arm-none
TRACE::2024-08-13.16:52:00::SCWBDomain::-eabi-as" "ARCHIVER=arm-none-eabi-ar" "COMPILER_FLAGS=  -O2 -c" "EXTRA_COMPILER_FLAGS=-mcpu=cortex-a9 -mfpu=vfpv3 -mfloat-abi=h
TRACE::2024-08-13.16:52:00::SCWBDomain::ard -nostartfiles -g -Wall -Wextra -fno-tree-loop-distribute-patterns"

TRACE::2024-08-13.16:52:00::SCWBDomain::"Running Make include in ps7_cortexa9_0/libsrc/cpu_cortexa9_v2_12/src"

TRACE::2024-08-13.16:52:00::SCWBDomain::make -C ps7_cortexa9_0/libsrc/cpu_cortexa9_v2_12/src -s include  "SHELL=CMD" "COMPILER=arm-none-eabi-gcc" "ASSEMBLER=arm-none-e
TRACE::2024-08-13.16:52:00::SCWBDomain::abi-as" "ARCHIVER=arm-none-eabi-ar" "COMPILER_FLAGS=  -O2 -c" "EXTRA_COMPILER_FLAGS=-mcpu=cortex-a9 -mfpu=vfpv3 -mfloat-abi=har
TRACE::2024-08-13.16:52:00::SCWBDomain::d -nostartfiles -g -Wall -Wextra -fno-tree-loop-distribute-patterns"

TRACE::2024-08-13.16:52:00::SCWBDomain::"Running Make include in ps7_cortexa9_0/libsrc/ddrps_v1_2/src"

TRACE::2024-08-13.16:52:00::SCWBDomain::make -C ps7_cortexa9_0/libsrc/ddrps_v1_2/src -s include  "SHELL=CMD" "COMPILER=arm-none-eabi-gcc" "ASSEMBLER=arm-none-eabi-as" 
TRACE::2024-08-13.16:52:00::SCWBDomain::"ARCHIVER=arm-none-eabi-ar" "COMPILER_FLAGS=  -O2 -c" "EXTRA_COMPILER_FLAGS=-mcpu=cortex-a9 -mfpu=vfpv3 -mfloat-abi=hard -nosta
TRACE::2024-08-13.16:52:00::SCWBDomain::rtfiles -g -Wall -Wextra -fno-tree-loop-distribute-patterns"

TRACE::2024-08-13.16:52:00::SCWBDomain::"Running Make include in ps7_cortexa9_0/libsrc/devcfg_v3_8/src"

TRACE::2024-08-13.16:52:00::SCWBDomain::make -C ps7_cortexa9_0/libsrc/devcfg_v3_8/src -s include  "SHELL=CMD" "COMPILER=arm-none-eabi-gcc" "ASSEMBLER=arm-none-eabi-as"
TRACE::2024-08-13.16:52:00::SCWBDomain:: "ARCHIVER=arm-none-eabi-ar" "COMPILER_FLAGS=  -O2 -c" "EXTRA_COMPILER_FLAGS=-mcpu=cortex-a9 -mfpu=vfpv3 -mfloat-abi=hard -nost
TRACE::2024-08-13.16:52:00::SCWBDomain::artfiles -g -Wall -Wextra -fno-tree-loop-distribute-patterns"

TRACE::2024-08-13.16:52:00::SCWBDomain::"Running Make include in ps7_cortexa9_0/libsrc/dmaps_v2_9/src"

TRACE::2024-08-13.16:52:00::SCWBDomain::make -C ps7_cortexa9_0/libsrc/dmaps_v2_9/src -s include  "SHELL=CMD" "COMPILER=arm-none-eabi-gcc" "ASSEMBLER=arm-none-eabi-as" 
TRACE::2024-08-13.16:52:00::SCWBDomain::"ARCHIVER=arm-none-eabi-ar" "COMPILER_FLAGS=  -O2 -c" "EXTRA_COMPILER_FLAGS=-mcpu=cortex-a9 -mfpu=vfpv3 -mfloat-abi=hard -nosta
TRACE::2024-08-13.16:52:00::SCWBDomain::rtfiles -g -Wall -Wextra -fno-tree-loop-distribute-patterns"

TRACE::2024-08-13.16:52:01::SCWBDomain::"Running Make include in ps7_cortexa9_0/libsrc/emacps_v3_19/src"

TRACE::2024-08-13.16:52:01::SCWBDomain::make -C ps7_cortexa9_0/libsrc/emacps_v3_19/src -s include  "SHELL=CMD" "COMPILER=arm-none-eabi-gcc" "ASSEMBLER=arm-none-eabi-as
TRACE::2024-08-13.16:52:01::SCWBDomain::" "ARCHIVER=arm-none-eabi-ar" "COMPILER_FLAGS=  -O2 -c" "EXTRA_COMPILER_FLAGS=-mcpu=cortex-a9 -mfpu=vfpv3 -mfloat-abi=hard -nos
TRACE::2024-08-13.16:52:01::SCWBDomain::tartfiles -g -Wall -Wextra -fno-tree-loop-distribute-patterns"

TRACE::2024-08-13.16:52:01::SCWBDomain::"Running Make include in ps7_cortexa9_0/libsrc/gpiops_v3_12/src"

TRACE::2024-08-13.16:52:01::SCWBDomain::make -C ps7_cortexa9_0/libsrc/gpiops_v3_12/src -s include  "SHELL=CMD" "COMPILER=arm-none-eabi-gcc" "ASSEMBLER=arm-none-eabi-as
TRACE::2024-08-13.16:52:01::SCWBDomain::" "ARCHIVER=arm-none-eabi-ar" "COMPILER_FLAGS=  -O2 -c" "EXTRA_COMPILER_FLAGS=-mcpu=cortex-a9 -mfpu=vfpv3 -mfloat-abi=hard -nos
TRACE::2024-08-13.16:52:01::SCWBDomain::tartfiles -g -Wall -Wextra -fno-tree-loop-distribute-patterns"

TRACE::2024-08-13.16:52:01::SCWBDomain::"Running Make include in ps7_cortexa9_0/libsrc/PS_to_Regs_v1_0/src"

TRACE::2024-08-13.16:52:01::SCWBDomain::make -C ps7_cortexa9_0/libsrc/PS_to_Regs_v1_0/src -s include  "SHELL=CMD" "COMPILER=arm-none-eabi-gcc" "ASSEMBLER=arm-none-eabi
TRACE::2024-08-13.16:52:01::SCWBDomain::-as" "ARCHIVER=arm-none-eabi-ar" "COMPILER_FLAGS=  -O2 -c" "EXTRA_COMPILER_FLAGS=-mcpu=cortex-a9 -mfpu=vfpv3 -mfloat-abi=hard -
TRACE::2024-08-13.16:52:01::SCWBDomain::nostartfiles -g -Wall -Wextra -fno-tree-loop-distribute-patterns"

TRACE::2024-08-13.16:52:01::SCWBDomain::"Running Make include in ps7_cortexa9_0/libsrc/qspips_v3_11/src"

TRACE::2024-08-13.16:52:01::SCWBDomain::make -C ps7_cortexa9_0/libsrc/qspips_v3_11/src -s include  "SHELL=CMD" "COMPILER=arm-none-eabi-gcc" "ASSEMBLER=arm-none-eabi-as
TRACE::2024-08-13.16:52:01::SCWBDomain::" "ARCHIVER=arm-none-eabi-ar" "COMPILER_FLAGS=  -O2 -c" "EXTRA_COMPILER_FLAGS=-mcpu=cortex-a9 -mfpu=vfpv3 -mfloat-abi=hard -nos
TRACE::2024-08-13.16:52:01::SCWBDomain::tartfiles -g -Wall -Wextra -fno-tree-loop-distribute-patterns"

TRACE::2024-08-13.16:52:01::SCWBDomain::"Running Make include in ps7_cortexa9_0/libsrc/scugic_v5_2/src"

TRACE::2024-08-13.16:52:01::SCWBDomain::make -C ps7_cortexa9_0/libsrc/scugic_v5_2/src -s include  "SHELL=CMD" "COMPILER=arm-none-eabi-gcc" "ASSEMBLER=arm-none-eabi-as"
TRACE::2024-08-13.16:52:01::SCWBDomain:: "ARCHIVER=arm-none-eabi-ar" "COMPILER_FLAGS=  -O2 -c" "EXTRA_COMPILER_FLAGS=-mcpu=cortex-a9 -mfpu=vfpv3 -mfloat-abi=hard -nost
TRACE::2024-08-13.16:52:01::SCWBDomain::artfiles -g -Wall -Wextra -fno-tree-loop-distribute-patterns"

TRACE::2024-08-13.16:52:01::SCWBDomain::"Running Make include in ps7_cortexa9_0/libsrc/scutimer_v2_5/src"

TRACE::2024-08-13.16:52:01::SCWBDomain::make -C ps7_cortexa9_0/libsrc/scutimer_v2_5/src -s include  "SHELL=CMD" "COMPILER=arm-none-eabi-gcc" "ASSEMBLER=arm-none-eabi-a
TRACE::2024-08-13.16:52:01::SCWBDomain::s" "ARCHIVER=arm-none-eabi-ar" "COMPILER_FLAGS=  -O2 -c" "EXTRA_COMPILER_FLAGS=-mcpu=cortex-a9 -mfpu=vfpv3 -mfloat-abi=hard -no
TRACE::2024-08-13.16:52:01::SCWBDomain::startfiles -g -Wall -Wextra -fno-tree-loop-distribute-patterns"

TRACE::2024-08-13.16:52:01::SCWBDomain::"Running Make include in ps7_cortexa9_0/libsrc/scuwdt_v2_5/src"

TRACE::2024-08-13.16:52:01::SCWBDomain::make -C ps7_cortexa9_0/libsrc/scuwdt_v2_5/src -s include  "SHELL=CMD" "COMPILER=arm-none-eabi-gcc" "ASSEMBLER=arm-none-eabi-as"
TRACE::2024-08-13.16:52:01::SCWBDomain:: "ARCHIVER=arm-none-eabi-ar" "COMPILER_FLAGS=  -O2 -c" "EXTRA_COMPILER_FLAGS=-mcpu=cortex-a9 -mfpu=vfpv3 -mfloat-abi=hard -nost
TRACE::2024-08-13.16:52:01::SCWBDomain::artfiles -g -Wall -Wextra -fno-tree-loop-distribute-patterns"

TRACE::2024-08-13.16:52:02::SCWBDomain::"Running Make include in ps7_cortexa9_0/libsrc/sdps_v4_2/src"

TRACE::2024-08-13.16:52:02::SCWBDomain::make -C ps7_cortexa9_0/libsrc/sdps_v4_2/src -s include  "SHELL=CMD" "COMPILER=arm-none-eabi-gcc" "ASSEMBLER=arm-none-eabi-as" "
TRACE::2024-08-13.16:52:02::SCWBDomain::ARCHIVER=arm-none-eabi-ar" "COMPILER_FLAGS=  -O2 -c" "EXTRA_COMPILER_FLAGS=-mcpu=cortex-a9 -mfpu=vfpv3 -mfloat-abi=hard -nostar
TRACE::2024-08-13.16:52:02::SCWBDomain::tfiles -g -Wall -Wextra -fno-tree-loop-distribute-patterns"

TRACE::2024-08-13.16:52:02::SCWBDomain::"Running Make include in ps7_cortexa9_0/libsrc/standalone_v9_0/src"

TRACE::2024-08-13.16:52:02::SCWBDomain::make -C ps7_cortexa9_0/libsrc/standalone_v9_0/src -s include  "SHELL=CMD" "COMPILER=arm-none-eabi-gcc" "ASSEMBLER=arm-none-eabi
TRACE::2024-08-13.16:52:02::SCWBDomain::-as" "ARCHIVER=arm-none-eabi-ar" "COMPILER_FLAGS=  -O2 -c" "EXTRA_COMPILER_FLAGS=-mcpu=cortex-a9 -mfpu=vfpv3 -mfloat-abi=hard -
TRACE::2024-08-13.16:52:02::SCWBDomain::nostartfiles -g -Wall -Wextra -fno-tree-loop-distribute-patterns"

TRACE::2024-08-13.16:52:02::SCWBDomain::"Running Make include in ps7_cortexa9_0/libsrc/sysmon_v7_8/src"

TRACE::2024-08-13.16:52:02::SCWBDomain::make -C ps7_cortexa9_0/libsrc/sysmon_v7_8/src -s include  "SHELL=CMD" "COMPILER=arm-none-eabi-gcc" "ASSEMBLER=arm-none-eabi-as"
TRACE::2024-08-13.16:52:02::SCWBDomain:: "ARCHIVER=arm-none-eabi-ar" "COMPILER_FLAGS=  -O2 -c" "EXTRA_COMPILER_FLAGS=-mcpu=cortex-a9 -mfpu=vfpv3 -mfloat-abi=hard -nost
TRACE::2024-08-13.16:52:02::SCWBDomain::artfiles -g -Wall -Wextra -fno-tree-loop-distribute-patterns"

TRACE::2024-08-13.16:52:02::SCWBDomain::"Running Make include in ps7_cortexa9_0/libsrc/ttcps_v3_18/src"

TRACE::2024-08-13.16:52:02::SCWBDomain::make -C ps7_cortexa9_0/libsrc/ttcps_v3_18/src -s include  "SHELL=CMD" "COMPILER=arm-none-eabi-gcc" "ASSEMBLER=arm-none-eabi-as"
TRACE::2024-08-13.16:52:02::SCWBDomain:: "ARCHIVER=arm-none-eabi-ar" "COMPILER_FLAGS=  -O2 -c" "EXTRA_COMPILER_FLAGS=-mcpu=cortex-a9 -mfpu=vfpv3 -mfloat-abi=hard -nost
TRACE::2024-08-13.16:52:02::SCWBDomain::artfiles -g -Wall -Wextra -fno-tree-loop-distribute-patterns"

TRACE::2024-08-13.16:52:02::SCWBDomain::"Running Make include in ps7_cortexa9_0/libsrc/uartps_v3_13/src"

TRACE::2024-08-13.16:52:02::SCWBDomain::make -C ps7_cortexa9_0/libsrc/uartps_v3_13/src -s include  "SHELL=CMD" "COMPILER=arm-none-eabi-gcc" "ASSEMBLER=arm-none-eabi-as
TRACE::2024-08-13.16:52:02::SCWBDomain::" "ARCHIVER=arm-none-eabi-ar" "COMPILER_FLAGS=  -O2 -c" "EXTRA_COMPILER_FLAGS=-mcpu=cortex-a9 -mfpu=vfpv3 -mfloat-abi=hard -nos
TRACE::2024-08-13.16:52:02::SCWBDomain::tartfiles -g -Wall -Wextra -fno-tree-loop-distribute-patterns"

TRACE::2024-08-13.16:52:02::SCWBDomain::"Running Make include in ps7_cortexa9_0/libsrc/usbps_v2_8/src"

TRACE::2024-08-13.16:52:02::SCWBDomain::make -C ps7_cortexa9_0/libsrc/usbps_v2_8/src -s include  "SHELL=CMD" "COMPILER=arm-none-eabi-gcc" "ASSEMBLER=arm-none-eabi-as" 
TRACE::2024-08-13.16:52:02::SCWBDomain::"ARCHIVER=arm-none-eabi-ar" "COMPILER_FLAGS=  -O2 -c" "EXTRA_COMPILER_FLAGS=-mcpu=cortex-a9 -mfpu=vfpv3 -mfloat-abi=hard -nosta
TRACE::2024-08-13.16:52:02::SCWBDomain::rtfiles -g -Wall -Wextra -fno-tree-loop-distribute-patterns"

TRACE::2024-08-13.16:52:03::SCWBDomain::"Running Make include in ps7_cortexa9_0/libsrc/xadcps_v2_7/src"

TRACE::2024-08-13.16:52:03::SCWBDomain::make -C ps7_cortexa9_0/libsrc/xadcps_v2_7/src -s include  "SHELL=CMD" "COMPILER=arm-none-eabi-gcc" "ASSEMBLER=arm-none-eabi-as"
TRACE::2024-08-13.16:52:03::SCWBDomain:: "ARCHIVER=arm-none-eabi-ar" "COMPILER_FLAGS=  -O2 -c" "EXTRA_COMPILER_FLAGS=-mcpu=cortex-a9 -mfpu=vfpv3 -mfloat-abi=hard -nost
TRACE::2024-08-13.16:52:03::SCWBDomain::artfiles -g -Wall -Wextra -fno-tree-loop-distribute-patterns"

TRACE::2024-08-13.16:52:03::SCWBDomain::"Running Make include in ps7_cortexa9_0/libsrc/xilffs_v5_1/src"

TRACE::2024-08-13.16:52:03::SCWBDomain::make -C ps7_cortexa9_0/libsrc/xilffs_v5_1/src -s include  "SHELL=CMD" "COMPILER=arm-none-eabi-gcc" "ASSEMBLER=arm-none-eabi-as"
TRACE::2024-08-13.16:52:03::SCWBDomain:: "ARCHIVER=arm-none-eabi-ar" "COMPILER_FLAGS=  -O2 -c" "EXTRA_COMPILER_FLAGS=-mcpu=cortex-a9 -mfpu=vfpv3 -mfloat-abi=hard -nost
TRACE::2024-08-13.16:52:03::SCWBDomain::artfiles -g -Wall -Wextra -fno-tree-loop-distribute-patterns"

TRACE::2024-08-13.16:52:03::SCWBDomain::"Running Make include in ps7_cortexa9_0/libsrc/xilrsa_v1_7/src"

TRACE::2024-08-13.16:52:03::SCWBDomain::make -C ps7_cortexa9_0/libsrc/xilrsa_v1_7/src -s include  "SHELL=CMD" "COMPILER=arm-none-eabi-gcc" "ASSEMBLER=arm-none-eabi-as"
TRACE::2024-08-13.16:52:03::SCWBDomain:: "ARCHIVER=arm-none-eabi-ar" "COMPILER_FLAGS=  -O2 -c" "EXTRA_COMPILER_FLAGS=-mcpu=cortex-a9 -mfpu=vfpv3 -mfloat-abi=hard -nost
TRACE::2024-08-13.16:52:03::SCWBDomain::artfiles -g -Wall -Wextra -fno-tree-loop-distribute-patterns"

TRACE::2024-08-13.16:52:03::SCWBDomain::"Running Make libs in ps7_cortexa9_0/libsrc/PS_to_Regs_v1_0/src"

TRACE::2024-08-13.16:52:03::SCWBDomain::make -C ps7_cortexa9_0/libsrc/PS_to_Regs_v1_0/src -s libs  "SHELL=CMD" "COMPILER=arm-none-eabi-gcc" "ASSEMBLER=arm-none-eabi-as
TRACE::2024-08-13.16:52:03::SCWBDomain::" "ARCHIVER=arm-none-eabi-ar" "COMPILER_FLAGS=  -O2 -c" "EXTRA_COMPILER_FLAGS=-mcpu=cortex-a9 -mfpu=vfpv3 -mfloat-abi=hard -nos
TRACE::2024-08-13.16:52:03::SCWBDomain::tartfiles -g -Wall -Wextra -fno-tree-loop-distribute-patterns"

TRACE::2024-08-13.16:52:03::SCWBDomain::"Compiling Test_AXI..."

TRACE::2024-08-13.16:52:07::SCWBDomain::"Running Make libs in ps7_cortexa9_0/libsrc/xilrsa_v1_7/src"

TRACE::2024-08-13.16:52:07::SCWBDomain::make -C ps7_cortexa9_0/libsrc/xilrsa_v1_7/src -s libs  "SHELL=CMD" "COMPILER=arm-none-eabi-gcc" "ASSEMBLER=arm-none-eabi-as" "A
TRACE::2024-08-13.16:52:07::SCWBDomain::RCHIVER=arm-none-eabi-ar" "COMPILER_FLAGS=  -O2 -c" "EXTRA_COMPILER_FLAGS=-mcpu=cortex-a9 -mfpu=vfpv3 -mfloat-abi=hard -nostart
TRACE::2024-08-13.16:52:07::SCWBDomain::files -g -Wall -Wextra -fno-tree-loop-distribute-patterns"

TRACE::2024-08-13.16:52:07::SCWBDomain::'Finished building libraries sequentially.'

TRACE::2024-08-13.16:52:07::SCWBDomain::make -j 6 --no-print-directory par_libs

TRACE::2024-08-13.16:52:07::SCWBDomain::"Running Make include in ps7_cortexa9_0/libsrc/clk_wiz_v1_6/src"

TRACE::2024-08-13.16:52:07::SCWBDomain::make -C ps7_cortexa9_0/libsrc/clk_wiz_v1_6/src -s include  "SHELL=CMD" "COMPILER=arm-none-eabi-gcc" "ASSEMBLER=arm-none-eabi-as
TRACE::2024-08-13.16:52:07::SCWBDomain::" "ARCHIVER=arm-none-eabi-ar" "COMPILER_FLAGS=  -O2 -c" "EXTRA_COMPILER_FLAGS=-mcpu=cortex-a9 -mfpu=vfpv3 -mfloat-abi=hard -nos
TRACE::2024-08-13.16:52:07::SCWBDomain::tartfiles -g -Wall -Wextra -fno-tree-loop-distribute-patterns"

TRACE::2024-08-13.16:52:07::SCWBDomain::"Running Make include in ps7_cortexa9_0/libsrc/coresightps_dcc_v1_9/src"

TRACE::2024-08-13.16:52:07::SCWBDomain::make -C ps7_cortexa9_0/libsrc/coresightps_dcc_v1_9/src -s include  "SHELL=CMD" "COMPILER=arm-none-eabi-gcc" "ASSEMBLER=arm-none
TRACE::2024-08-13.16:52:07::SCWBDomain::-eabi-as" "ARCHIVER=arm-none-eabi-ar" "COMPILER_FLAGS=  -O2 -c" "EXTRA_COMPILER_FLAGS=-mcpu=cortex-a9 -mfpu=vfpv3 -mfloat-abi=h
TRACE::2024-08-13.16:52:07::SCWBDomain::ard -nostartfiles -g -Wall -Wextra -fno-tree-loop-distribute-patterns"

TRACE::2024-08-13.16:52:07::SCWBDomain::"Running Make include in ps7_cortexa9_0/libsrc/cpu_cortexa9_v2_12/src"

TRACE::2024-08-13.16:52:07::SCWBDomain::make -C ps7_cortexa9_0/libsrc/cpu_cortexa9_v2_12/src -s include  "SHELL=CMD" "COMPILER=arm-none-eabi-gcc" "ASSEMBLER=arm-none-e
TRACE::2024-08-13.16:52:07::SCWBDomain::abi-as" "ARCHIVER=arm-none-eabi-ar" "COMPILER_FLAGS=  -O2 -c" "EXTRA_COMPILER_FLAGS=-mcpu=cortex-a9 -mfpu=vfpv3 -mfloat-abi=har
TRACE::2024-08-13.16:52:07::SCWBDomain::d -nostartfiles -g -Wall -Wextra -fno-tree-loop-distribute-patterns"

TRACE::2024-08-13.16:52:07::SCWBDomain::"Running Make include in ps7_cortexa9_0/libsrc/ddrps_v1_2/src"

TRACE::2024-08-13.16:52:07::SCWBDomain::make -C ps7_cortexa9_0/libsrc/ddrps_v1_2/src -s include  "SHELL=CMD" "COMPILER=arm-none-eabi-gcc" "ASSEMBLER=arm-none-eabi-as" 
TRACE::2024-08-13.16:52:07::SCWBDomain::"ARCHIVER=arm-none-eabi-ar" "COMPILER_FLAGS=  -O2 -c" "EXTRA_COMPILER_FLAGS=-mcpu=cortex-a9 -mfpu=vfpv3 -mfloat-abi=hard -nosta
TRACE::2024-08-13.16:52:07::SCWBDomain::rtfiles -g -Wall -Wextra -fno-tree-loop-distribute-patterns"

TRACE::2024-08-13.16:52:07::SCWBDomain::"Running Make include in ps7_cortexa9_0/libsrc/devcfg_v3_8/src"

TRACE::2024-08-13.16:52:07::SCWBDomain::make -C ps7_cortexa9_0/libsrc/devcfg_v3_8/src -s include  "SHELL=CMD" "COMPILER=arm-none-eabi-gcc" "ASSEMBLER=arm-none-eabi-as"
TRACE::2024-08-13.16:52:07::SCWBDomain:: "ARCHIVER=arm-none-eabi-ar" "COMPILER_FLAGS=  -O2 -c" "EXTRA_COMPILER_FLAGS=-mcpu=cortex-a9 -mfpu=vfpv3 -mfloat-abi=hard -nost
TRACE::2024-08-13.16:52:07::SCWBDomain::artfiles -g -Wall -Wextra -fno-tree-loop-distribute-patterns"

TRACE::2024-08-13.16:52:07::SCWBDomain::"Running Make include in ps7_cortexa9_0/libsrc/dmaps_v2_9/src"

TRACE::2024-08-13.16:52:07::SCWBDomain::make -C ps7_cortexa9_0/libsrc/dmaps_v2_9/src -s include  "SHELL=CMD" "COMPILER=arm-none-eabi-gcc" "ASSEMBLER=arm-none-eabi-as" 
TRACE::2024-08-13.16:52:07::SCWBDomain::"ARCHIVER=arm-none-eabi-ar" "COMPILER_FLAGS=  -O2 -c" "EXTRA_COMPILER_FLAGS=-mcpu=cortex-a9 -mfpu=vfpv3 -mfloat-abi=hard -nosta
TRACE::2024-08-13.16:52:07::SCWBDomain::rtfiles -g -Wall -Wextra -fno-tree-loop-distribute-patterns"

TRACE::2024-08-13.16:52:07::SCWBDomain::"Running Make include in ps7_cortexa9_0/libsrc/emacps_v3_19/src"

TRACE::2024-08-13.16:52:07::SCWBDomain::make -C ps7_cortexa9_0/libsrc/emacps_v3_19/src -s include  "SHELL=CMD" "COMPILER=arm-none-eabi-gcc" "ASSEMBLER=arm-none-eabi-as
TRACE::2024-08-13.16:52:07::SCWBDomain::" "ARCHIVER=arm-none-eabi-ar" "COMPILER_FLAGS=  -O2 -c" "EXTRA_COMPILER_FLAGS=-mcpu=cortex-a9 -mfpu=vfpv3 -mfloat-abi=hard -nos
TRACE::2024-08-13.16:52:07::SCWBDomain::tartfiles -g -Wall -Wextra -fno-tree-loop-distribute-patterns"

TRACE::2024-08-13.16:52:07::SCWBDomain::"Running Make include in ps7_cortexa9_0/libsrc/gpiops_v3_12/src"

TRACE::2024-08-13.16:52:07::SCWBDomain::make -C ps7_cortexa9_0/libsrc/gpiops_v3_12/src -s include  "SHELL=CMD" "COMPILER=arm-none-eabi-gcc" "ASSEMBLER=arm-none-eabi-as
TRACE::2024-08-13.16:52:07::SCWBDomain::" "ARCHIVER=arm-none-eabi-ar" "COMPILER_FLAGS=  -O2 -c" "EXTRA_COMPILER_FLAGS=-mcpu=cortex-a9 -mfpu=vfpv3 -mfloat-abi=hard -nos
TRACE::2024-08-13.16:52:07::SCWBDomain::tartfiles -g -Wall -Wextra -fno-tree-loop-distribute-patterns"

TRACE::2024-08-13.16:52:07::SCWBDomain::"Running Make include in ps7_cortexa9_0/libsrc/PS_to_Regs_v1_0/src"

TRACE::2024-08-13.16:52:07::SCWBDomain::make -C ps7_cortexa9_0/libsrc/PS_to_Regs_v1_0/src -s include  "SHELL=CMD" "COMPILER=arm-none-eabi-gcc" "ASSEMBLER=arm-none-eabi
TRACE::2024-08-13.16:52:07::SCWBDomain::-as" "ARCHIVER=arm-none-eabi-ar" "COMPILER_FLAGS=  -O2 -c" "EXTRA_COMPILER_FLAGS=-mcpu=cortex-a9 -mfpu=vfpv3 -mfloat-abi=hard -
TRACE::2024-08-13.16:52:07::SCWBDomain::nostartfiles -g -Wall -Wextra -fno-tree-loop-distribute-patterns"

TRACE::2024-08-13.16:52:07::SCWBDomain::"Running Make include in ps7_cortexa9_0/libsrc/qspips_v3_11/src"

TRACE::2024-08-13.16:52:07::SCWBDomain::make -C ps7_cortexa9_0/libsrc/qspips_v3_11/src -s include  "SHELL=CMD" "COMPILER=arm-none-eabi-gcc" "ASSEMBLER=arm-none-eabi-as
TRACE::2024-08-13.16:52:07::SCWBDomain::" "ARCHIVER=arm-none-eabi-ar" "COMPILER_FLAGS=  -O2 -c" "EXTRA_COMPILER_FLAGS=-mcpu=cortex-a9 -mfpu=vfpv3 -mfloat-abi=hard -nos
TRACE::2024-08-13.16:52:07::SCWBDomain::tartfiles -g -Wall -Wextra -fno-tree-loop-distribute-patterns"

TRACE::2024-08-13.16:52:07::SCWBDomain::"Running Make include in ps7_cortexa9_0/libsrc/scugic_v5_2/src"

TRACE::2024-08-13.16:52:07::SCWBDomain::make -C ps7_cortexa9_0/libsrc/scugic_v5_2/src -s include  "SHELL=CMD" "COMPILER=arm-none-eabi-gcc" "ASSEMBLER=arm-none-eabi-as"
TRACE::2024-08-13.16:52:07::SCWBDomain:: "ARCHIVER=arm-none-eabi-ar" "COMPILER_FLAGS=  -O2 -c" "EXTRA_COMPILER_FLAGS=-mcpu=cortex-a9 -mfpu=vfpv3 -mfloat-abi=hard -nost
TRACE::2024-08-13.16:52:07::SCWBDomain::artfiles -g -Wall -Wextra -fno-tree-loop-distribute-patterns"

TRACE::2024-08-13.16:52:07::SCWBDomain::"Running Make include in ps7_cortexa9_0/libsrc/scutimer_v2_5/src"

TRACE::2024-08-13.16:52:07::SCWBDomain::make -C ps7_cortexa9_0/libsrc/scutimer_v2_5/src -s include  "SHELL=CMD" "COMPILER=arm-none-eabi-gcc" "ASSEMBLER=arm-none-eabi-a
TRACE::2024-08-13.16:52:07::SCWBDomain::s" "ARCHIVER=arm-none-eabi-ar" "COMPILER_FLAGS=  -O2 -c" "EXTRA_COMPILER_FLAGS=-mcpu=cortex-a9 -mfpu=vfpv3 -mfloat-abi=hard -no
TRACE::2024-08-13.16:52:07::SCWBDomain::startfiles -g -Wall -Wextra -fno-tree-loop-distribute-patterns"

TRACE::2024-08-13.16:52:07::SCWBDomain::"Running Make include in ps7_cortexa9_0/libsrc/scuwdt_v2_5/src"

TRACE::2024-08-13.16:52:07::SCWBDomain::make -C ps7_cortexa9_0/libsrc/scuwdt_v2_5/src -s include  "SHELL=CMD" "COMPILER=arm-none-eabi-gcc" "ASSEMBLER=arm-none-eabi-as"
TRACE::2024-08-13.16:52:07::SCWBDomain:: "ARCHIVER=arm-none-eabi-ar" "COMPILER_FLAGS=  -O2 -c" "EXTRA_COMPILER_FLAGS=-mcpu=cortex-a9 -mfpu=vfpv3 -mfloat-abi=hard -nost
TRACE::2024-08-13.16:52:07::SCWBDomain::artfiles -g -Wall -Wextra -fno-tree-loop-distribute-patterns"

TRACE::2024-08-13.16:52:08::SCWBDomain::"Running Make include in ps7_cortexa9_0/libsrc/sdps_v4_2/src"

TRACE::2024-08-13.16:52:08::SCWBDomain::make -C ps7_cortexa9_0/libsrc/sdps_v4_2/src -s include  "SHELL=CMD" "COMPILER=arm-none-eabi-gcc" "ASSEMBLER=arm-none-eabi-as" "
TRACE::2024-08-13.16:52:08::SCWBDomain::ARCHIVER=arm-none-eabi-ar" "COMPILER_FLAGS=  -O2 -c" "EXTRA_COMPILER_FLAGS=-mcpu=cortex-a9 -mfpu=vfpv3 -mfloat-abi=hard -nostar
TRACE::2024-08-13.16:52:08::SCWBDomain::tfiles -g -Wall -Wextra -fno-tree-loop-distribute-patterns"

TRACE::2024-08-13.16:52:08::SCWBDomain::"Running Make include in ps7_cortexa9_0/libsrc/standalone_v9_0/src"

TRACE::2024-08-13.16:52:08::SCWBDomain::make -C ps7_cortexa9_0/libsrc/standalone_v9_0/src -s include  "SHELL=CMD" "COMPILER=arm-none-eabi-gcc" "ASSEMBLER=arm-none-eabi
TRACE::2024-08-13.16:52:08::SCWBDomain::-as" "ARCHIVER=arm-none-eabi-ar" "COMPILER_FLAGS=  -O2 -c" "EXTRA_COMPILER_FLAGS=-mcpu=cortex-a9 -mfpu=vfpv3 -mfloat-abi=hard -
TRACE::2024-08-13.16:52:08::SCWBDomain::nostartfiles -g -Wall -Wextra -fno-tree-loop-distribute-patterns"

TRACE::2024-08-13.16:52:08::SCWBDomain::"Running Make include in ps7_cortexa9_0/libsrc/sysmon_v7_8/src"

TRACE::2024-08-13.16:52:08::SCWBDomain::make -C ps7_cortexa9_0/libsrc/sysmon_v7_8/src -s include  "SHELL=CMD" "COMPILER=arm-none-eabi-gcc" "ASSEMBLER=arm-none-eabi-as"
TRACE::2024-08-13.16:52:08::SCWBDomain:: "ARCHIVER=arm-none-eabi-ar" "COMPILER_FLAGS=  -O2 -c" "EXTRA_COMPILER_FLAGS=-mcpu=cortex-a9 -mfpu=vfpv3 -mfloat-abi=hard -nost
TRACE::2024-08-13.16:52:08::SCWBDomain::artfiles -g -Wall -Wextra -fno-tree-loop-distribute-patterns"

TRACE::2024-08-13.16:52:08::SCWBDomain::"Running Make include in ps7_cortexa9_0/libsrc/ttcps_v3_18/src"

TRACE::2024-08-13.16:52:08::SCWBDomain::make -C ps7_cortexa9_0/libsrc/ttcps_v3_18/src -s include  "SHELL=CMD" "COMPILER=arm-none-eabi-gcc" "ASSEMBLER=arm-none-eabi-as"
TRACE::2024-08-13.16:52:08::SCWBDomain:: "ARCHIVER=arm-none-eabi-ar" "COMPILER_FLAGS=  -O2 -c" "EXTRA_COMPILER_FLAGS=-mcpu=cortex-a9 -mfpu=vfpv3 -mfloat-abi=hard -nost
TRACE::2024-08-13.16:52:08::SCWBDomain::artfiles -g -Wall -Wextra -fno-tree-loop-distribute-patterns"

TRACE::2024-08-13.16:52:08::SCWBDomain::"Running Make include in ps7_cortexa9_0/libsrc/uartps_v3_13/src"

TRACE::2024-08-13.16:52:08::SCWBDomain::make -C ps7_cortexa9_0/libsrc/uartps_v3_13/src -s include  "SHELL=CMD" "COMPILER=arm-none-eabi-gcc" "ASSEMBLER=arm-none-eabi-as
TRACE::2024-08-13.16:52:08::SCWBDomain::" "ARCHIVER=arm-none-eabi-ar" "COMPILER_FLAGS=  -O2 -c" "EXTRA_COMPILER_FLAGS=-mcpu=cortex-a9 -mfpu=vfpv3 -mfloat-abi=hard -nos
TRACE::2024-08-13.16:52:08::SCWBDomain::tartfiles -g -Wall -Wextra -fno-tree-loop-distribute-patterns"

TRACE::2024-08-13.16:52:08::SCWBDomain::"Running Make include in ps7_cortexa9_0/libsrc/usbps_v2_8/src"

TRACE::2024-08-13.16:52:08::SCWBDomain::make -C ps7_cortexa9_0/libsrc/usbps_v2_8/src -s include  "SHELL=CMD" "COMPILER=arm-none-eabi-gcc" "ASSEMBLER=arm-none-eabi-as" 
TRACE::2024-08-13.16:52:08::SCWBDomain::"ARCHIVER=arm-none-eabi-ar" "COMPILER_FLAGS=  -O2 -c" "EXTRA_COMPILER_FLAGS=-mcpu=cortex-a9 -mfpu=vfpv3 -mfloat-abi=hard -nosta
TRACE::2024-08-13.16:52:08::SCWBDomain::rtfiles -g -Wall -Wextra -fno-tree-loop-distribute-patterns"

TRACE::2024-08-13.16:52:08::SCWBDomain::"Running Make include in ps7_cortexa9_0/libsrc/xadcps_v2_7/src"

TRACE::2024-08-13.16:52:08::SCWBDomain::make -C ps7_cortexa9_0/libsrc/xadcps_v2_7/src -s include  "SHELL=CMD" "COMPILER=arm-none-eabi-gcc" "ASSEMBLER=arm-none-eabi-as"
TRACE::2024-08-13.16:52:08::SCWBDomain:: "ARCHIVER=arm-none-eabi-ar" "COMPILER_FLAGS=  -O2 -c" "EXTRA_COMPILER_FLAGS=-mcpu=cortex-a9 -mfpu=vfpv3 -mfloat-abi=hard -nost
TRACE::2024-08-13.16:52:08::SCWBDomain::artfiles -g -Wall -Wextra -fno-tree-loop-distribute-patterns"

TRACE::2024-08-13.16:52:08::SCWBDomain::"Running Make include in ps7_cortexa9_0/libsrc/xilffs_v5_1/src"

TRACE::2024-08-13.16:52:08::SCWBDomain::make -C ps7_cortexa9_0/libsrc/xilffs_v5_1/src -s include  "SHELL=CMD" "COMPILER=arm-none-eabi-gcc" "ASSEMBLER=arm-none-eabi-as"
TRACE::2024-08-13.16:52:08::SCWBDomain:: "ARCHIVER=arm-none-eabi-ar" "COMPILER_FLAGS=  -O2 -c" "EXTRA_COMPILER_FLAGS=-mcpu=cortex-a9 -mfpu=vfpv3 -mfloat-abi=hard -nost
TRACE::2024-08-13.16:52:08::SCWBDomain::artfiles -g -Wall -Wextra -fno-tree-loop-distribute-patterns"

TRACE::2024-08-13.16:52:08::SCWBDomain::"Running Make include in ps7_cortexa9_0/libsrc/xilrsa_v1_7/src"

TRACE::2024-08-13.16:52:08::SCWBDomain::make -C ps7_cortexa9_0/libsrc/xilrsa_v1_7/src -s include  "SHELL=CMD" "COMPILER=arm-none-eabi-gcc" "ASSEMBLER=arm-none-eabi-as"
TRACE::2024-08-13.16:52:08::SCWBDomain:: "ARCHIVER=arm-none-eabi-ar" "COMPILER_FLAGS=  -O2 -c" "EXTRA_COMPILER_FLAGS=-mcpu=cortex-a9 -mfpu=vfpv3 -mfloat-abi=hard -nost
TRACE::2024-08-13.16:52:08::SCWBDomain::artfiles -g -Wall -Wextra -fno-tree-loop-distribute-patterns"

TRACE::2024-08-13.16:52:08::SCWBDomain::"Running Make libs in ps7_cortexa9_0/libsrc/clk_wiz_v1_6/src"

TRACE::2024-08-13.16:52:08::SCWBDomain::make -C ps7_cortexa9_0/libsrc/clk_wiz_v1_6/src -s libs  "SHELL=CMD" "COMPILER=arm-none-eabi-gcc" "ASSEMBLER=arm-none-eabi-as" "
TRACE::2024-08-13.16:52:08::SCWBDomain::ARCHIVER=arm-none-eabi-ar" "COMPILER_FLAGS=  -O2 -c" "EXTRA_COMPILER_FLAGS=-mcpu=cortex-a9 -mfpu=vfpv3 -mfloat-abi=hard -nostar
TRACE::2024-08-13.16:52:08::SCWBDomain::tfiles -g -Wall -Wextra -fno-tree-loop-distribute-patterns"

TRACE::2024-08-13.16:52:08::SCWBDomain::"Running Make libs in ps7_cortexa9_0/libsrc/coresightps_dcc_v1_9/src"

TRACE::2024-08-13.16:52:08::SCWBDomain::make -C ps7_cortexa9_0/libsrc/coresightps_dcc_v1_9/src -s libs  "SHELL=CMD" "COMPILER=arm-none-eabi-gcc" "ASSEMBLER=arm-none-ea
TRACE::2024-08-13.16:52:08::SCWBDomain::bi-as" "ARCHIVER=arm-none-eabi-ar" "COMPILER_FLAGS=  -O2 -c" "EXTRA_COMPILER_FLAGS=-mcpu=cortex-a9 -mfpu=vfpv3 -mfloat-abi=hard
TRACE::2024-08-13.16:52:08::SCWBDomain:: -nostartfiles -g -Wall -Wextra -fno-tree-loop-distribute-patterns"

TRACE::2024-08-13.16:52:08::SCWBDomain::"Running Make libs in ps7_cortexa9_0/libsrc/cpu_cortexa9_v2_12/src"

TRACE::2024-08-13.16:52:08::SCWBDomain::make -C ps7_cortexa9_0/libsrc/cpu_cortexa9_v2_12/src -s libs  "SHELL=CMD" "COMPILER=arm-none-eabi-gcc" "ASSEMBLER=arm-none-eabi
TRACE::2024-08-13.16:52:08::SCWBDomain::-as" "ARCHIVER=arm-none-eabi-ar" "COMPILER_FLAGS=  -O2 -c" "EXTRA_COMPILER_FLAGS=-mcpu=cortex-a9 -mfpu=vfpv3 -mfloat-abi=hard -
TRACE::2024-08-13.16:52:08::SCWBDomain::nostartfiles -g -Wall -Wextra -fno-tree-loop-distribute-patterns"

TRACE::2024-08-13.16:52:08::SCWBDomain::"Running Make libs in ps7_cortexa9_0/libsrc/ddrps_v1_2/src"

TRACE::2024-08-13.16:52:08::SCWBDomain::make -C ps7_cortexa9_0/libsrc/ddrps_v1_2/src -s libs  "SHELL=CMD" "COMPILER=arm-none-eabi-gcc" "ASSEMBLER=arm-none-eabi-as" "AR
TRACE::2024-08-13.16:52:08::SCWBDomain::CHIVER=arm-none-eabi-ar" "COMPILER_FLAGS=  -O2 -c" "EXTRA_COMPILER_FLAGS=-mcpu=cortex-a9 -mfpu=vfpv3 -mfloat-abi=hard -nostartf
TRACE::2024-08-13.16:52:08::SCWBDomain::iles -g -Wall -Wextra -fno-tree-loop-distribute-patterns"

TRACE::2024-08-13.16:52:08::SCWBDomain::"Running Make libs in ps7_cortexa9_0/libsrc/devcfg_v3_8/src"

TRACE::2024-08-13.16:52:08::SCWBDomain::make -C ps7_cortexa9_0/libsrc/devcfg_v3_8/src -s libs  "SHELL=CMD" "COMPILER=arm-none-eabi-gcc" "ASSEMBLER=arm-none-eabi-as" "A
TRACE::2024-08-13.16:52:08::SCWBDomain::RCHIVER=arm-none-eabi-ar" "COMPILER_FLAGS=  -O2 -c" "EXTRA_COMPILER_FLAGS=-mcpu=cortex-a9 -mfpu=vfpv3 -mfloat-abi=hard -nostart
TRACE::2024-08-13.16:52:08::SCWBDomain::files -g -Wall -Wextra -fno-tree-loop-distribute-patterns"

TRACE::2024-08-13.16:52:09::SCWBDomain::"Running Make libs in ps7_cortexa9_0/libsrc/dmaps_v2_9/src"

TRACE::2024-08-13.16:52:09::SCWBDomain::make -C ps7_cortexa9_0/libsrc/dmaps_v2_9/src -s libs  "SHELL=CMD" "COMPILER=arm-none-eabi-gcc" "ASSEMBLER=arm-none-eabi-as" "AR
TRACE::2024-08-13.16:52:09::SCWBDomain::CHIVER=arm-none-eabi-ar" "COMPILER_FLAGS=  -O2 -c" "EXTRA_COMPILER_FLAGS=-mcpu=cortex-a9 -mfpu=vfpv3 -mfloat-abi=hard -nostartf
TRACE::2024-08-13.16:52:09::SCWBDomain::iles -g -Wall -Wextra -fno-tree-loop-distribute-patterns"

TRACE::2024-08-13.16:52:09::SCWBDomain::"Running Make libs in ps7_cortexa9_0/libsrc/emacps_v3_19/src"

TRACE::2024-08-13.16:52:09::SCWBDomain::make -C ps7_cortexa9_0/libsrc/emacps_v3_19/src -s libs  "SHELL=CMD" "COMPILER=arm-none-eabi-gcc" "ASSEMBLER=arm-none-eabi-as" "
TRACE::2024-08-13.16:52:09::SCWBDomain::ARCHIVER=arm-none-eabi-ar" "COMPILER_FLAGS=  -O2 -c" "EXTRA_COMPILER_FLAGS=-mcpu=cortex-a9 -mfpu=vfpv3 -mfloat-abi=hard -nostar
TRACE::2024-08-13.16:52:09::SCWBDomain::tfiles -g -Wall -Wextra -fno-tree-loop-distribute-patterns"

TRACE::2024-08-13.16:52:09::SCWBDomain::"Running Make libs in ps7_cortexa9_0/libsrc/gpiops_v3_12/src"

TRACE::2024-08-13.16:52:09::SCWBDomain::make -C ps7_cortexa9_0/libsrc/gpiops_v3_12/src -s libs  "SHELL=CMD" "COMPILER=arm-none-eabi-gcc" "ASSEMBLER=arm-none-eabi-as" "
TRACE::2024-08-13.16:52:09::SCWBDomain::ARCHIVER=arm-none-eabi-ar" "COMPILER_FLAGS=  -O2 -c" "EXTRA_COMPILER_FLAGS=-mcpu=cortex-a9 -mfpu=vfpv3 -mfloat-abi=hard -nostar
TRACE::2024-08-13.16:52:09::SCWBDomain::tfiles -g -Wall -Wextra -fno-tree-loop-distribute-patterns"

TRACE::2024-08-13.16:52:10::SCWBDomain::"Running Make libs in ps7_cortexa9_0/libsrc/qspips_v3_11/src"

TRACE::2024-08-13.16:52:10::SCWBDomain::make -C ps7_cortexa9_0/libsrc/qspips_v3_11/src -s libs  "SHELL=CMD" "COMPILER=arm-none-eabi-gcc" "ASSEMBLER=arm-none-eabi-as" "
TRACE::2024-08-13.16:52:10::SCWBDomain::ARCHIVER=arm-none-eabi-ar" "COMPILER_FLAGS=  -O2 -c" "EXTRA_COMPILER_FLAGS=-mcpu=cortex-a9 -mfpu=vfpv3 -mfloat-abi=hard -nostar
TRACE::2024-08-13.16:52:10::SCWBDomain::tfiles -g -Wall -Wextra -fno-tree-loop-distribute-patterns"

TRACE::2024-08-13.16:52:10::SCWBDomain::"Running Make libs in ps7_cortexa9_0/libsrc/scugic_v5_2/src"

TRACE::2024-08-13.16:52:10::SCWBDomain::make -C ps7_cortexa9_0/libsrc/scugic_v5_2/src -s libs  "SHELL=CMD" "COMPILER=arm-none-eabi-gcc" "ASSEMBLER=arm-none-eabi-as" "A
TRACE::2024-08-13.16:52:10::SCWBDomain::RCHIVER=arm-none-eabi-ar" "COMPILER_FLAGS=  -O2 -c" "EXTRA_COMPILER_FLAGS=-mcpu=cortex-a9 -mfpu=vfpv3 -mfloat-abi=hard -nostart
TRACE::2024-08-13.16:52:10::SCWBDomain::files -g -Wall -Wextra -fno-tree-loop-distribute-patterns"

TRACE::2024-08-13.16:52:10::SCWBDomain::"Running Make libs in ps7_cortexa9_0/libsrc/scutimer_v2_5/src"

TRACE::2024-08-13.16:52:10::SCWBDomain::make -C ps7_cortexa9_0/libsrc/scutimer_v2_5/src -s libs  "SHELL=CMD" "COMPILER=arm-none-eabi-gcc" "ASSEMBLER=arm-none-eabi-as" 
TRACE::2024-08-13.16:52:10::SCWBDomain::"ARCHIVER=arm-none-eabi-ar" "COMPILER_FLAGS=  -O2 -c" "EXTRA_COMPILER_FLAGS=-mcpu=cortex-a9 -mfpu=vfpv3 -mfloat-abi=hard -nosta
TRACE::2024-08-13.16:52:10::SCWBDomain::rtfiles -g -Wall -Wextra -fno-tree-loop-distribute-patterns"

TRACE::2024-08-13.16:52:11::SCWBDomain::"Running Make libs in ps7_cortexa9_0/libsrc/scuwdt_v2_5/src"

TRACE::2024-08-13.16:52:11::SCWBDomain::make -C ps7_cortexa9_0/libsrc/scuwdt_v2_5/src -s libs  "SHELL=CMD" "COMPILER=arm-none-eabi-gcc" "ASSEMBLER=arm-none-eabi-as" "A
TRACE::2024-08-13.16:52:11::SCWBDomain::RCHIVER=arm-none-eabi-ar" "COMPILER_FLAGS=  -O2 -c" "EXTRA_COMPILER_FLAGS=-mcpu=cortex-a9 -mfpu=vfpv3 -mfloat-abi=hard -nostart
TRACE::2024-08-13.16:52:11::SCWBDomain::files -g -Wall -Wextra -fno-tree-loop-distribute-patterns"

TRACE::2024-08-13.16:52:12::SCWBDomain::"Running Make libs in ps7_cortexa9_0/libsrc/sdps_v4_2/src"

TRACE::2024-08-13.16:52:12::SCWBDomain::make -C ps7_cortexa9_0/libsrc/sdps_v4_2/src -s libs  "SHELL=CMD" "COMPILER=arm-none-eabi-gcc" "ASSEMBLER=arm-none-eabi-as" "ARC
TRACE::2024-08-13.16:52:12::SCWBDomain::HIVER=arm-none-eabi-ar" "COMPILER_FLAGS=  -O2 -c" "EXTRA_COMPILER_FLAGS=-mcpu=cortex-a9 -mfpu=vfpv3 -mfloat-abi=hard -nostartfi
TRACE::2024-08-13.16:52:12::SCWBDomain::les -g -Wall -Wextra -fno-tree-loop-distribute-patterns"

TRACE::2024-08-13.16:52:12::SCWBDomain::"Running Make libs in ps7_cortexa9_0/libsrc/standalone_v9_0/src"

TRACE::2024-08-13.16:52:12::SCWBDomain::make -C ps7_cortexa9_0/libsrc/standalone_v9_0/src -s libs  "SHELL=CMD" "COMPILER=arm-none-eabi-gcc" "ASSEMBLER=arm-none-eabi-as
TRACE::2024-08-13.16:52:12::SCWBDomain::" "ARCHIVER=arm-none-eabi-ar" "COMPILER_FLAGS=  -O2 -c" "EXTRA_COMPILER_FLAGS=-mcpu=cortex-a9 -mfpu=vfpv3 -mfloat-abi=hard -nos
TRACE::2024-08-13.16:52:12::SCWBDomain::tartfiles -g -Wall -Wextra -fno-tree-loop-distribute-patterns"

TRACE::2024-08-13.16:52:12::SCWBDomain::"Running Make libs in ps7_cortexa9_0/libsrc/sysmon_v7_8/src"

TRACE::2024-08-13.16:52:12::SCWBDomain::make -C ps7_cortexa9_0/libsrc/sysmon_v7_8/src -s libs  "SHELL=CMD" "COMPILER=arm-none-eabi-gcc" "ASSEMBLER=arm-none-eabi-as" "A
TRACE::2024-08-13.16:52:12::SCWBDomain::RCHIVER=arm-none-eabi-ar" "COMPILER_FLAGS=  -O2 -c" "EXTRA_COMPILER_FLAGS=-mcpu=cortex-a9 -mfpu=vfpv3 -mfloat-abi=hard -nostart
TRACE::2024-08-13.16:52:12::SCWBDomain::files -g -Wall -Wextra -fno-tree-loop-distribute-patterns"

TRACE::2024-08-13.16:52:13::SCWBDomain::"Running Make libs in ps7_cortexa9_0/libsrc/ttcps_v3_18/src"

TRACE::2024-08-13.16:52:13::SCWBDomain::make -C ps7_cortexa9_0/libsrc/ttcps_v3_18/src -s libs  "SHELL=CMD" "COMPILER=arm-none-eabi-gcc" "ASSEMBLER=arm-none-eabi-as" "A
TRACE::2024-08-13.16:52:13::SCWBDomain::RCHIVER=arm-none-eabi-ar" "COMPILER_FLAGS=  -O2 -c" "EXTRA_COMPILER_FLAGS=-mcpu=cortex-a9 -mfpu=vfpv3 -mfloat-abi=hard -nostart
TRACE::2024-08-13.16:52:13::SCWBDomain::files -g -Wall -Wextra -fno-tree-loop-distribute-patterns"

TRACE::2024-08-13.16:52:13::SCWBDomain::"Running Make libs in ps7_cortexa9_0/libsrc/uartps_v3_13/src"

TRACE::2024-08-13.16:52:13::SCWBDomain::make -C ps7_cortexa9_0/libsrc/uartps_v3_13/src -s libs  "SHELL=CMD" "COMPILER=arm-none-eabi-gcc" "ASSEMBLER=arm-none-eabi-as" "
TRACE::2024-08-13.16:52:13::SCWBDomain::ARCHIVER=arm-none-eabi-ar" "COMPILER_FLAGS=  -O2 -c" "EXTRA_COMPILER_FLAGS=-mcpu=cortex-a9 -mfpu=vfpv3 -mfloat-abi=hard -nostar
TRACE::2024-08-13.16:52:13::SCWBDomain::tfiles -g -Wall -Wextra -fno-tree-loop-distribute-patterns"

TRACE::2024-08-13.16:52:13::SCWBDomain::"Running Make libs in ps7_cortexa9_0/libsrc/usbps_v2_8/src"

TRACE::2024-08-13.16:52:13::SCWBDomain::make -C ps7_cortexa9_0/libsrc/usbps_v2_8/src -s libs  "SHELL=CMD" "COMPILER=arm-none-eabi-gcc" "ASSEMBLER=arm-none-eabi-as" "AR
TRACE::2024-08-13.16:52:13::SCWBDomain::CHIVER=arm-none-eabi-ar" "COMPILER_FLAGS=  -O2 -c" "EXTRA_COMPILER_FLAGS=-mcpu=cortex-a9 -mfpu=vfpv3 -mfloat-abi=hard -nostartf
TRACE::2024-08-13.16:52:13::SCWBDomain::iles -g -Wall -Wextra -fno-tree-loop-distribute-patterns"

TRACE::2024-08-13.16:52:14::SCWBDomain::"Running Make libs in ps7_cortexa9_0/libsrc/xadcps_v2_7/src"

TRACE::2024-08-13.16:52:14::SCWBDomain::make -C ps7_cortexa9_0/libsrc/xadcps_v2_7/src -s libs  "SHELL=CMD" "COMPILER=arm-none-eabi-gcc" "ASSEMBLER=arm-none-eabi-as" "A
TRACE::2024-08-13.16:52:14::SCWBDomain::RCHIVER=arm-none-eabi-ar" "COMPILER_FLAGS=  -O2 -c" "EXTRA_COMPILER_FLAGS=-mcpu=cortex-a9 -mfpu=vfpv3 -mfloat-abi=hard -nostart
TRACE::2024-08-13.16:52:14::SCWBDomain::files -g -Wall -Wextra -fno-tree-loop-distribute-patterns"

TRACE::2024-08-13.16:52:14::SCWBDomain::"Running Make libs in ps7_cortexa9_0/libsrc/xilffs_v5_1/src"

TRACE::2024-08-13.16:52:14::SCWBDomain::make -C ps7_cortexa9_0/libsrc/xilffs_v5_1/src -s libs  "SHELL=CMD" "COMPILER=arm-none-eabi-gcc" "ASSEMBLER=arm-none-eabi-as" "A
TRACE::2024-08-13.16:52:14::SCWBDomain::RCHIVER=arm-none-eabi-ar" "COMPILER_FLAGS=  -O2 -c" "EXTRA_COMPILER_FLAGS=-mcpu=cortex-a9 -mfpu=vfpv3 -mfloat-abi=hard -nostart
TRACE::2024-08-13.16:52:14::SCWBDomain::files -g -Wall -Wextra -fno-tree-loop-distribute-patterns"

TRACE::2024-08-13.16:52:18::SCWBDomain::'Finished building libraries parallelly.'

TRACE::2024-08-13.16:52:18::SCWBDomain::make --no-print-directory archive

TRACE::2024-08-13.16:52:18::SCWBDomain::arm-none-eabi-ar -r  ps7_cortexa9_0/lib/libxil.a ps7_cortexa9_0/lib/_exit.o ps7_cortexa9_0/lib/_open.o ps7_cortexa9_0/lib/_sbrk
TRACE::2024-08-13.16:52:18::SCWBDomain::.o ps7_cortexa9_0/lib/abort.o ps7_cortexa9_0/lib/asm_vectors.o ps7_cortexa9_0/lib/boot.o ps7_cortexa9_0/lib/close.o ps7_cortexa
TRACE::2024-08-13.16:52:18::SCWBDomain::9_0/lib/cpputest_time.o ps7_cortexa9_0/lib/cpu_init.o ps7_cortexa9_0/lib/errno.o ps7_cortexa9_0/lib/fcntl.o ps7_cortexa9_0/lib/
TRACE::2024-08-13.16:52:18::SCWBDomain::fstat.o ps7_cortexa9_0/lib/getentropy.o ps7_cortexa9_0/lib/getpid.o ps7_cortexa9_0/lib/inbyte.o ps7_cortexa9_0/lib/isatty.o ps7
TRACE::2024-08-13.16:52:18::SCWBDomain::_cortexa9_0/lib/kill.o ps7_cortexa9_0/lib/lseek.o ps7_cortexa9_0/lib/open.o ps7_cortexa9_0/lib/outbyte.o ps7_cortexa9_0/lib/pri
TRACE::2024-08-13.16:52:18::SCWBDomain::nt.o ps7_cortexa9_0/lib/putnum.o ps7_cortexa9_0/lib/read.o ps7_cortexa9_0/lib/sbrk.o ps7_cortexa9_0/lib/sleep.o ps7_cortexa9_0/
TRACE::2024-08-13.16:52:18::SCWBDomain::lib/time.o ps7_cortexa9_0/lib/translation_table.o ps7_cortexa9_0/lib/unlink.o ps7_cortexa9_0/lib/usleep.o ps7_cortexa9_0/lib/ve
TRACE::2024-08-13.16:52:18::SCWBDomain::ctors.o ps7_cortexa9_0/lib/write.o ps7_cortexa9_0/lib/xadcps.o ps7_cortexa9_0/lib/xadcps_g.o ps7_cortexa9_0/lib/xadcps_intr.o p
TRACE::2024-08-13.16:52:18::SCWBDomain::s7_cortexa9_0/lib/xadcps_selftest.o ps7_cortexa9_0/lib/xadcps_sinit.o ps7_cortexa9_0/lib/xclk_wiz.o ps7_cortexa9_0/lib/xclk_wiz
TRACE::2024-08-13.16:52:18::SCWBDomain::_g.o ps7_cortexa9_0/lib/xclk_wiz_intr.o ps7_cortexa9_0/lib/xclk_wiz_sinit.o ps7_cortexa9_0/lib/xcoresightpsdcc.o ps7_cortexa9_0
TRACE::2024-08-13.16:52:18::SCWBDomain::/lib/xdevcfg.o ps7_cortexa9_0/lib/xdevcfg_g.o ps7_cortexa9_0/lib/xdevcfg_hw.o ps7_cortexa9_0/lib/xdevcfg_intr.o ps7_cortexa9_0/
TRACE::2024-08-13.16:52:18::SCWBDomain::lib/xdevcfg_selftest.o ps7_cortexa9_0/lib/xdevcfg_sinit.o ps7_cortexa9_0/lib/xdmaps.o ps7_cortexa9_0/lib/xdmaps_g.o ps7_cortexa
TRACE::2024-08-13.16:52:18::SCWBDomain::9_0/lib/xdmaps_hw.o ps7_cortexa9_0/lib/xdmaps_selftest.o ps7_cortexa9_0/lib/xdmaps_sinit.o ps7_cortexa9_0/lib/xemacps.o ps7_cor
TRACE::2024-08-13.16:52:18::SCWBDomain::texa9_0/lib/xemacps_bdring.o ps7_cortexa9_0/lib/xemacps_control.o ps7_cortexa9_0/lib/xemacps_g.o ps7_cortexa9_0/lib/xemacps_hw.
TRACE::2024-08-13.16:52:18::SCWBDomain::o ps7_cortexa9_0/lib/xemacps_intr.o ps7_cortexa9_0/lib/xemacps_sinit.o ps7_cortexa9_0/lib/xgpiops.o ps7_cortexa9_0/lib/xgpiops_
TRACE::2024-08-13.16:52:18::SCWBDomain::g.o ps7_cortexa9_0/lib/xgpiops_hw.o ps7_cortexa9_0/lib/xgpiops_intr.o ps7_cortexa9_0/lib/xgpiops_selftest.o ps7_cortexa9_0/lib/
TRACE::2024-08-13.16:52:18::SCWBDomain::xgpiops_sinit.o ps7_cortexa9_0/lib/xil-crt0.o ps7_cortexa9_0/lib/xil_assert.o ps7_cortexa9_0/lib/xil_cache.o ps7_cortexa9_0/lib
TRACE::2024-08-13.16:52:18::SCWBDomain::/xil_clocking.o ps7_cortexa9_0/lib/xil_exception.o ps7_cortexa9_0/lib/xil_mem.o ps7_cortexa9_0/lib/xil_misc_psreset_api.o ps7_c
TRACE::2024-08-13.16:52:18::SCWBDomain::ortexa9_0/lib/xil_mmu.o ps7_cortexa9_0/lib/xil_printf.o ps7_cortexa9_0/lib/xil_sleepcommon.o ps7_cortexa9_0/lib/xil_sleeptimer.
TRACE::2024-08-13.16:52:18::SCWBDomain::o ps7_cortexa9_0/lib/xil_spinlock.o ps7_cortexa9_0/lib/xil_testcache.o ps7_cortexa9_0/lib/xil_testio.o ps7_cortexa9_0/lib/xil_t
TRACE::2024-08-13.16:52:18::SCWBDomain::estmem.o ps7_cortexa9_0/lib/xil_util.o ps7_cortexa9_0/lib/xinterrupt_wrap.o ps7_cortexa9_0/lib/xl2cc_counter.o ps7_cortexa9_0/l
TRACE::2024-08-13.16:52:18::SCWBDomain::ib/xplatform_info.o ps7_cortexa9_0/lib/xpm_counter.o ps7_cortexa9_0/lib/xpm_init.o ps7_cortexa9_0/lib/xqspips.o ps7_cortexa9_0/
TRACE::2024-08-13.16:52:18::SCWBDomain::lib/xqspips_g.o ps7_cortexa9_0/lib/xqspips_hw.o ps7_cortexa9_0/lib/xqspips_options.o ps7_cortexa9_0/lib/xqspips_selftest.o ps7_
TRACE::2024-08-13.16:52:18::SCWBDomain::cortexa9_0/lib/xqspips_sinit.o ps7_cortexa9_0/lib/xscugic.o ps7_cortexa9_0/lib/xscugic_g.o ps7_cortexa9_0/lib/xscugic_hw.o ps7_
TRACE::2024-08-13.16:52:18::SCWBDomain::cortexa9_0/lib/xscugic_intr.o ps7_cortexa9_0/lib/xscugic_selftest.o ps7_cortexa9_0/lib/xscugic_sinit.o ps7_cortexa9_0/lib/xscut
TRACE::2024-08-13.16:52:18::SCWBDomain::imer.o ps7_cortexa9_0/lib/xscutimer_g.o ps7_cortexa9_0/lib/xscutimer_selftest.o ps7_cortexa9_0/lib/xscutimer_sinit.o ps7_cortex
TRACE::2024-08-13.16:52:18::SCWBDomain::a9_0/lib/xscuwdt.o ps7_cortexa9_0/lib/xscuwdt_g.o ps7_cortexa9_0/lib/xscuwdt_selftest.o ps7_cortexa9_0/lib/xscuwdt_sinit.o ps7_
TRACE::2024-08-13.16:52:18::SCWBDomain::cortexa9_0/lib/xsdps.o ps7_cortexa9_0/lib/xsdps_card.o ps7_cortexa9_0/lib/xsdps_g.o ps7_cortexa9_0/lib/xsdps_host.o ps7_cortexa
TRACE::2024-08-13.16:52:18::SCWBDomain::9_0/lib/xsdps_options.o ps7_cortexa9_0/lib/xsdps_sinit.o ps7_cortexa9_0/lib/xsysmon.o ps7_cortexa9_0/lib/xsysmon_g.o ps7_cortex
TRACE::2024-08-13.16:52:18::SCWBDomain::a9_0/lib/xsysmon_intr.o ps7_cortexa9_0/lib/xsysmon_selftest.o ps7_cortexa9_0/lib/xsysmon_sinit.o ps7_cortexa9_0/lib/xtime_l.o p
TRACE::2024-08-13.16:52:18::SCWBDomain::s7_cortexa9_0/lib/xttcps.o ps7_cortexa9_0/lib/xttcps_g.o ps7_cortexa9_0/lib/xttcps_options.o ps7_cortexa9_0/lib/xttcps_selftest
TRACE::2024-08-13.16:52:18::SCWBDomain::.o ps7_cortexa9_0/lib/xttcps_sinit.o ps7_cortexa9_0/lib/xuartps.o ps7_cortexa9_0/lib/xuartps_g.o ps7_cortexa9_0/lib/xuartps_hw.
TRACE::2024-08-13.16:52:18::SCWBDomain::o ps7_cortexa9_0/lib/xuartps_intr.o ps7_cortexa9_0/lib/xuartps_options.o ps7_cortexa9_0/lib/xuartps_selftest.o ps7_cortexa9_0/l
TRACE::2024-08-13.16:52:18::SCWBDomain::ib/xuartps_sinit.o ps7_cortexa9_0/lib/xusbps.o ps7_cortexa9_0/lib/xusbps_endpoint.o ps7_cortexa9_0/lib/xusbps_g.o ps7_cortexa9_
TRACE::2024-08-13.16:52:18::SCWBDomain::0/lib/xusbps_hw.o ps7_cortexa9_0/lib/xusbps_intr.o ps7_cortexa9_0/lib/xusbps_sinit.o

TRACE::2024-08-13.16:52:18::SCWBDomain::'Finished building libraries'

TRACE::2024-08-13.16:52:18::SCWBDomain::make: Leaving directory 'D:/Programs/Proyecto_3LFCC_Zybo/Vitis_3adc/3LFCC_3adc_platform/zynq_fsbl/zynq_fsbl_bsp'

TRACE::2024-08-13.16:52:18::SCWBDomain::arm-none-eabi-gcc  -O2 -c -MMD -MP       -mcpu=cortex-a9 -mfpu=vfpv3 -mfloat-abi=hard  -c sd.c -o sd.o -Izynq_fsbl_bsp/ps7_cort
TRACE::2024-08-13.16:52:18::SCWBDomain::exa9_0/include -I.

TRACE::2024-08-13.16:52:19::SCWBDomain::arm-none-eabi-gcc  -O2 -c -MMD -MP       -mcpu=cortex-a9 -mfpu=vfpv3 -mfloat-abi=hard  -c nand.c -o nand.o -Izynq_fsbl_bsp/ps7_
TRACE::2024-08-13.16:52:19::SCWBDomain::cortexa9_0/include -I.

TRACE::2024-08-13.16:52:19::SCWBDomain::arm-none-eabi-gcc  -O2 -c -MMD -MP       -mcpu=cortex-a9 -mfpu=vfpv3 -mfloat-abi=hard  -c image_mover.c -o image_mover.o -Izynq
TRACE::2024-08-13.16:52:19::SCWBDomain::_fsbl_bsp/ps7_cortexa9_0/include -I.

TRACE::2024-08-13.16:52:20::SCWBDomain::arm-none-eabi-gcc  -O2 -c -MMD -MP       -mcpu=cortex-a9 -mfpu=vfpv3 -mfloat-abi=hard  -c md5.c -o md5.o -Izynq_fsbl_bsp/ps7_co
TRACE::2024-08-13.16:52:20::SCWBDomain::rtexa9_0/include -I.

TRACE::2024-08-13.16:52:20::SCWBDomain::arm-none-eabi-gcc  -O2 -c -MMD -MP       -mcpu=cortex-a9 -mfpu=vfpv3 -mfloat-abi=hard  -c fsbl_hooks.c -o fsbl_hooks.o -Izynq_f
TRACE::2024-08-13.16:52:20::SCWBDomain::sbl_bsp/ps7_cortexa9_0/include -I.

TRACE::2024-08-13.16:52:20::SCWBDomain::arm-none-eabi-gcc  -O2 -c -MMD -MP       -mcpu=cortex-a9 -mfpu=vfpv3 -mfloat-abi=hard  -c main.c -o main.o -Izynq_fsbl_bsp/ps7_
TRACE::2024-08-13.16:52:20::SCWBDomain::cortexa9_0/include -I.

TRACE::2024-08-13.16:52:21::SCWBDomain::arm-none-eabi-gcc  -O2 -c -MMD -MP       -mcpu=cortex-a9 -mfpu=vfpv3 -mfloat-abi=hard  -c rsa.c -o rsa.o -Izynq_fsbl_bsp/ps7_co
TRACE::2024-08-13.16:52:21::SCWBDomain::rtexa9_0/include -I.

TRACE::2024-08-13.16:52:21::SCWBDomain::arm-none-eabi-gcc  -O2 -c -MMD -MP       -mcpu=cortex-a9 -mfpu=vfpv3 -mfloat-abi=hard  -c nor.c -o nor.o -Izynq_fsbl_bsp/ps7_co
TRACE::2024-08-13.16:52:21::SCWBDomain::rtexa9_0/include -I.

TRACE::2024-08-13.16:52:21::SCWBDomain::arm-none-eabi-gcc  -O2 -c -MMD -MP       -mcpu=cortex-a9 -mfpu=vfpv3 -mfloat-abi=hard  -c qspi.c -o qspi.o -Izynq_fsbl_bsp/ps7_
TRACE::2024-08-13.16:52:21::SCWBDomain::cortexa9_0/include -I.

TRACE::2024-08-13.16:52:21::SCWBDomain::arm-none-eabi-gcc  -O2 -c -MMD -MP       -mcpu=cortex-a9 -mfpu=vfpv3 -mfloat-abi=hard  -c ps7_init.c -o ps7_init.o -Izynq_fsbl_
TRACE::2024-08-13.16:52:21::SCWBDomain::bsp/ps7_cortexa9_0/include -I.

TRACE::2024-08-13.16:52:21::SCWBDomain::arm-none-eabi-gcc  -O2 -c -MMD -MP       -mcpu=cortex-a9 -mfpu=vfpv3 -mfloat-abi=hard  -c pcap.c -o pcap.o -Izynq_fsbl_bsp/ps7_
TRACE::2024-08-13.16:52:21::SCWBDomain::cortexa9_0/include -I.

TRACE::2024-08-13.16:52:21::SCWBDomain::arm-none-eabi-gcc  -O2 -c -MMD -MP       -mcpu=cortex-a9 -mfpu=vfpv3 -mfloat-abi=hard  -c fsbl_handoff.S -o fsbl_handoff.o -Izy
TRACE::2024-08-13.16:52:21::SCWBDomain::nq_fsbl_bsp/ps7_cortexa9_0/include -I.

TRACE::2024-08-13.16:52:22::SCWBDomain::arm-none-eabi-gcc -o fsbl.elf fsbl_handoff.o fsbl_hooks.o image_mover.o main.o md5.o nand.o nor.o pcap.o ps7_init.o qspi.o rsa.
TRACE::2024-08-13.16:52:22::SCWBDomain::o sd.o -MMD -MP       -mcpu=cortex-a9 -mfpu=vfpv3 -mfloat-abi=hard   -mcpu=cortex-a9 -mfpu=vfpv3 -mfloat-abi=hard -Wl,-build-id
TRACE::2024-08-13.16:52:22::SCWBDomain::=none -specs=Xilinx.spec  -lrsa -Wl,--start-group,-lxil,-lgcc,-lc,--end-group -Wl,--start-group,-lxilffs,-lxil,-lgcc,-lc,--end-
TRACE::2024-08-13.16:52:22::SCWBDomain::group -Wl,--start-group,-lrsa,-lxil,-lgcc,-lc,--end-group                                       -Wl,--gc-sections -Lzynq_fsbl_b
TRACE::2024-08-13.16:52:22::SCWBDomain::sp/ps7_cortexa9_0/lib -L./ -Tlscript.ld

LOG::2024-08-13.16:52:23::SCWSystem::Checking the domain standalone_domain
LOG::2024-08-13.16:52:23::SCWSystem::Not a boot domain 
LOG::2024-08-13.16:52:23::SCWSystem::Started Processing the domain standalone_domain
TRACE::2024-08-13.16:52:23::SCWDomain::Generating domain artifcats
TRACE::2024-08-13.16:52:23::SCWMssOS::Generating standalone artifcats
TRACE::2024-08-13.16:52:23::SCWMssOS::Copying the qemu file from  D:/Programs/Proyecto_3LFCC_Zybo/Vitis_3adc/3LFCC_3adc_platform/resources/3LFCC_3adc_platform/standalone_domain/qemu_args.txt To D:/Programs/Proyecto_3LFCC_Zybo/Vitis_3adc/3LFCC_3adc_platform/export/3LFCC_3adc_platform/sw/3LFCC_3adc_platform/qemu/
TRACE::2024-08-13.16:52:23::SCWMssOS::Copying the qemu file from  D:/Programs/Proyecto_3LFCC_Zybo/Vitis_3adc/3LFCC_3adc_platform/resources/3LFCC_3adc_platform/standalone_domain/qemu_args.txt To D:/Programs/Proyecto_3LFCC_Zybo/Vitis_3adc/3LFCC_3adc_platform/export/3LFCC_3adc_platform/sw/3LFCC_3adc_platform/standalone_domain/qemu/
TRACE::2024-08-13.16:52:23::SCWMssOS:: Copying the user libraries. 
TRACE::2024-08-13.16:52:23::SCWPlatform::Trying to open the hw design at D:/Programs/Proyecto_3LFCC_Zybo/Vitis_3adc/3LFCC_3adc_platform/hw/Design_Closed_Loop_3adc.xsa
TRACE::2024-08-13.16:52:23::SCWPlatform::DSA given D:/Programs/Proyecto_3LFCC_Zybo/Vitis_3adc/3LFCC_3adc_platform/hw/Design_Closed_Loop_3adc.xsa
TRACE::2024-08-13.16:52:23::SCWPlatform::DSA absoulate path D:/Programs/Proyecto_3LFCC_Zybo/Vitis_3adc/3LFCC_3adc_platform/hw/Design_Closed_Loop_3adc.xsa
TRACE::2024-08-13.16:52:23::SCWPlatform::DSA directory D:/Programs/Proyecto_3LFCC_Zybo/Vitis_3adc/3LFCC_3adc_platform/hw
TRACE::2024-08-13.16:52:23::SCWPlatform:: Platform Path D:/Programs/Proyecto_3LFCC_Zybo/Vitis_3adc/3LFCC_3adc_platform/hw/Design_Closed_Loop_3adc.xsa
TRACE::2024-08-13.16:52:23::SCWPlatform:: Unique name xilinx:zybo::0.0
TRACE::2024-08-13.16:52:23::SCWPlatform::Trying to set the existing hwdb with name Design_Closed_Loop_wrapper
TRACE::2024-08-13.16:52:23::SCWPlatform::Opened existing hwdb Design_Closed_Loop_wrapper
TRACE::2024-08-13.16:52:23::SCWPlatform::Found the Hw Db part of the input DSA
TRACE::2024-08-13.16:52:23::SCWMssOS::Checking the sw design at  D:/Programs/Proyecto_3LFCC_Zybo/Vitis_3adc/3LFCC_3adc_platform/ps7_cortexa9_0/standalone_domain/bsp/system.mss
TRACE::2024-08-13.16:52:23::SCWMssOS::DEBUG:  swdes dump  D:/Programs/Proyecto_3LFCC_Zybo/Vitis_3adc/3LFCC_3adc_platform/ps7_cortexa9_0/standalone_domain/bsp/system.mss|system_0||
D:/Programs/Proyecto_3LFCC_Zybo/Vitis_3adc/3LFCC_3adc_platform/zynq_fsbl/zynq_fsbl_bsp/system.mss|system||

TRACE::2024-08-13.16:52:23::SCWMssOS::Sw design exists and opened at  D:/Programs/Proyecto_3LFCC_Zybo/Vitis_3adc/3LFCC_3adc_platform/ps7_cortexa9_0/standalone_domain/bsp/system.mss
TRACE::2024-08-13.16:52:23::SCWMssOS::Completed writing the mss file at D:/Programs/Proyecto_3LFCC_Zybo/Vitis_3adc/3LFCC_3adc_platform/ps7_cortexa9_0/standalone_domain/bsp
TRACE::2024-08-13.16:52:23::SCWMssOS::Mss edits present, copying mssfile into export location D:/Programs/Proyecto_3LFCC_Zybo/Vitis_3adc/3LFCC_3adc_platform/ps7_cortexa9_0/standalone_domain/bsp/system.mss
TRACE::2024-08-13.16:52:23::SCWMssOS::bsp generated is upto date with the mss file. Skipping bsp generation.
TRACE::2024-08-13.16:52:23::SCWMssOS::BSP is already built. skipping the bsp build ... 
TRACE::2024-08-13.16:52:23::SCWDomain::Building the domain as part of full build :  standalone_domain
TRACE::2024-08-13.16:52:23::SCWMssOS::doing bsp build ... 
TRACE::2024-08-13.16:52:23::SCWMssOS::System Command Ran  D: & cd  D:/Programs/Proyecto_3LFCC_Zybo/Vitis_3adc/3LFCC_3adc_platform/ps7_cortexa9_0/standalone_domain/bsp & make 
TRACE::2024-08-13.16:52:23::SCWMssOS::make --no-print-directory seq_libs

TRACE::2024-08-13.16:52:23::SCWMssOS::"Running Make include in ps7_cortexa9_0/libsrc/clk_wiz_v1_6/src"

TRACE::2024-08-13.16:52:23::SCWMssOS::make -C ps7_cortexa9_0/libsrc/clk_wiz_v1_6/src -s include  "SHELL=CMD" "COMPILER=arm-none-eabi-gcc" "ASSEMBLER=arm-none-eabi-as
TRACE::2024-08-13.16:52:23::SCWMssOS::" "ARCHIVER=arm-none-eabi-ar" "COMPILER_FLAGS=  -O2 -c" "EXTRA_COMPILER_FLAGS=-mcpu=cortex-a9 -mfpu=vfpv3 -mfloat-abi=hard -nos
TRACE::2024-08-13.16:52:23::SCWMssOS::tartfiles -g -Wall -Wextra -fno-tree-loop-distribute-patterns"

TRACE::2024-08-13.16:52:23::SCWMssOS::"Running Make include in ps7_cortexa9_0/libsrc/coresightps_dcc_v1_9/src"

TRACE::2024-08-13.16:52:23::SCWMssOS::make -C ps7_cortexa9_0/libsrc/coresightps_dcc_v1_9/src -s include  "SHELL=CMD" "COMPILER=arm-none-eabi-gcc" "ASSEMBLER=arm-none
TRACE::2024-08-13.16:52:23::SCWMssOS::-eabi-as" "ARCHIVER=arm-none-eabi-ar" "COMPILER_FLAGS=  -O2 -c" "EXTRA_COMPILER_FLAGS=-mcpu=cortex-a9 -mfpu=vfpv3 -mfloat-abi=h
TRACE::2024-08-13.16:52:23::SCWMssOS::ard -nostartfiles -g -Wall -Wextra -fno-tree-loop-distribute-patterns"

TRACE::2024-08-13.16:52:23::SCWMssOS::"Running Make include in ps7_cortexa9_0/libsrc/cpu_cortexa9_v2_12/src"

TRACE::2024-08-13.16:52:23::SCWMssOS::make -C ps7_cortexa9_0/libsrc/cpu_cortexa9_v2_12/src -s include  "SHELL=CMD" "COMPILER=arm-none-eabi-gcc" "ASSEMBLER=arm-none-e
TRACE::2024-08-13.16:52:23::SCWMssOS::abi-as" "ARCHIVER=arm-none-eabi-ar" "COMPILER_FLAGS=  -O2 -c" "EXTRA_COMPILER_FLAGS=-mcpu=cortex-a9 -mfpu=vfpv3 -mfloat-abi=har
TRACE::2024-08-13.16:52:23::SCWMssOS::d -nostartfiles -g -Wall -Wextra -fno-tree-loop-distribute-patterns"

TRACE::2024-08-13.16:52:23::SCWMssOS::"Running Make include in ps7_cortexa9_0/libsrc/ddrps_v1_2/src"

TRACE::2024-08-13.16:52:23::SCWMssOS::make -C ps7_cortexa9_0/libsrc/ddrps_v1_2/src -s include  "SHELL=CMD" "COMPILER=arm-none-eabi-gcc" "ASSEMBLER=arm-none-eabi-as" 
TRACE::2024-08-13.16:52:23::SCWMssOS::"ARCHIVER=arm-none-eabi-ar" "COMPILER_FLAGS=  -O2 -c" "EXTRA_COMPILER_FLAGS=-mcpu=cortex-a9 -mfpu=vfpv3 -mfloat-abi=hard -nosta
TRACE::2024-08-13.16:52:23::SCWMssOS::rtfiles -g -Wall -Wextra -fno-tree-loop-distribute-patterns"

TRACE::2024-08-13.16:52:23::SCWMssOS::"Running Make include in ps7_cortexa9_0/libsrc/devcfg_v3_8/src"

TRACE::2024-08-13.16:52:23::SCWMssOS::make -C ps7_cortexa9_0/libsrc/devcfg_v3_8/src -s include  "SHELL=CMD" "COMPILER=arm-none-eabi-gcc" "ASSEMBLER=arm-none-eabi-as"
TRACE::2024-08-13.16:52:23::SCWMssOS:: "ARCHIVER=arm-none-eabi-ar" "COMPILER_FLAGS=  -O2 -c" "EXTRA_COMPILER_FLAGS=-mcpu=cortex-a9 -mfpu=vfpv3 -mfloat-abi=hard -nost
TRACE::2024-08-13.16:52:23::SCWMssOS::artfiles -g -Wall -Wextra -fno-tree-loop-distribute-patterns"

TRACE::2024-08-13.16:52:23::SCWMssOS::"Running Make include in ps7_cortexa9_0/libsrc/dmaps_v2_9/src"

TRACE::2024-08-13.16:52:23::SCWMssOS::make -C ps7_cortexa9_0/libsrc/dmaps_v2_9/src -s include  "SHELL=CMD" "COMPILER=arm-none-eabi-gcc" "ASSEMBLER=arm-none-eabi-as" 
TRACE::2024-08-13.16:52:23::SCWMssOS::"ARCHIVER=arm-none-eabi-ar" "COMPILER_FLAGS=  -O2 -c" "EXTRA_COMPILER_FLAGS=-mcpu=cortex-a9 -mfpu=vfpv3 -mfloat-abi=hard -nosta
TRACE::2024-08-13.16:52:23::SCWMssOS::rtfiles -g -Wall -Wextra -fno-tree-loop-distribute-patterns"

TRACE::2024-08-13.16:52:23::SCWMssOS::"Running Make include in ps7_cortexa9_0/libsrc/emacps_v3_19/src"

TRACE::2024-08-13.16:52:23::SCWMssOS::make -C ps7_cortexa9_0/libsrc/emacps_v3_19/src -s include  "SHELL=CMD" "COMPILER=arm-none-eabi-gcc" "ASSEMBLER=arm-none-eabi-as
TRACE::2024-08-13.16:52:23::SCWMssOS::" "ARCHIVER=arm-none-eabi-ar" "COMPILER_FLAGS=  -O2 -c" "EXTRA_COMPILER_FLAGS=-mcpu=cortex-a9 -mfpu=vfpv3 -mfloat-abi=hard -nos
TRACE::2024-08-13.16:52:23::SCWMssOS::tartfiles -g -Wall -Wextra -fno-tree-loop-distribute-patterns"

TRACE::2024-08-13.16:52:23::SCWMssOS::"Running Make include in ps7_cortexa9_0/libsrc/gpiops_v3_12/src"

TRACE::2024-08-13.16:52:23::SCWMssOS::make -C ps7_cortexa9_0/libsrc/gpiops_v3_12/src -s include  "SHELL=CMD" "COMPILER=arm-none-eabi-gcc" "ASSEMBLER=arm-none-eabi-as
TRACE::2024-08-13.16:52:23::SCWMssOS::" "ARCHIVER=arm-none-eabi-ar" "COMPILER_FLAGS=  -O2 -c" "EXTRA_COMPILER_FLAGS=-mcpu=cortex-a9 -mfpu=vfpv3 -mfloat-abi=hard -nos
TRACE::2024-08-13.16:52:23::SCWMssOS::tartfiles -g -Wall -Wextra -fno-tree-loop-distribute-patterns"

TRACE::2024-08-13.16:52:23::SCWMssOS::"Running Make include in ps7_cortexa9_0/libsrc/PS_to_Regs_v1_0/src"

TRACE::2024-08-13.16:52:23::SCWMssOS::make -C ps7_cortexa9_0/libsrc/PS_to_Regs_v1_0/src -s include  "SHELL=CMD" "COMPILER=arm-none-eabi-gcc" "ASSEMBLER=arm-none-eabi
TRACE::2024-08-13.16:52:23::SCWMssOS::-as" "ARCHIVER=arm-none-eabi-ar" "COMPILER_FLAGS=  -O2 -c" "EXTRA_COMPILER_FLAGS=-mcpu=cortex-a9 -mfpu=vfpv3 -mfloat-abi=hard -
TRACE::2024-08-13.16:52:23::SCWMssOS::nostartfiles -g -Wall -Wextra -fno-tree-loop-distribute-patterns"

TRACE::2024-08-13.16:52:23::SCWMssOS::"Running Make include in ps7_cortexa9_0/libsrc/qspips_v3_11/src"

TRACE::2024-08-13.16:52:23::SCWMssOS::make -C ps7_cortexa9_0/libsrc/qspips_v3_11/src -s include  "SHELL=CMD" "COMPILER=arm-none-eabi-gcc" "ASSEMBLER=arm-none-eabi-as
TRACE::2024-08-13.16:52:23::SCWMssOS::" "ARCHIVER=arm-none-eabi-ar" "COMPILER_FLAGS=  -O2 -c" "EXTRA_COMPILER_FLAGS=-mcpu=cortex-a9 -mfpu=vfpv3 -mfloat-abi=hard -nos
TRACE::2024-08-13.16:52:23::SCWMssOS::tartfiles -g -Wall -Wextra -fno-tree-loop-distribute-patterns"

TRACE::2024-08-13.16:52:23::SCWMssOS::"Running Make include in ps7_cortexa9_0/libsrc/scugic_v5_2/src"

TRACE::2024-08-13.16:52:23::SCWMssOS::make -C ps7_cortexa9_0/libsrc/scugic_v5_2/src -s include  "SHELL=CMD" "COMPILER=arm-none-eabi-gcc" "ASSEMBLER=arm-none-eabi-as"
TRACE::2024-08-13.16:52:23::SCWMssOS:: "ARCHIVER=arm-none-eabi-ar" "COMPILER_FLAGS=  -O2 -c" "EXTRA_COMPILER_FLAGS=-mcpu=cortex-a9 -mfpu=vfpv3 -mfloat-abi=hard -nost
TRACE::2024-08-13.16:52:23::SCWMssOS::artfiles -g -Wall -Wextra -fno-tree-loop-distribute-patterns"

TRACE::2024-08-13.16:52:23::SCWMssOS::"Running Make include in ps7_cortexa9_0/libsrc/scutimer_v2_5/src"

TRACE::2024-08-13.16:52:23::SCWMssOS::make -C ps7_cortexa9_0/libsrc/scutimer_v2_5/src -s include  "SHELL=CMD" "COMPILER=arm-none-eabi-gcc" "ASSEMBLER=arm-none-eabi-a
TRACE::2024-08-13.16:52:23::SCWMssOS::s" "ARCHIVER=arm-none-eabi-ar" "COMPILER_FLAGS=  -O2 -c" "EXTRA_COMPILER_FLAGS=-mcpu=cortex-a9 -mfpu=vfpv3 -mfloat-abi=hard -no
TRACE::2024-08-13.16:52:23::SCWMssOS::startfiles -g -Wall -Wextra -fno-tree-loop-distribute-patterns"

TRACE::2024-08-13.16:52:24::SCWMssOS::"Running Make include in ps7_cortexa9_0/libsrc/scuwdt_v2_5/src"

TRACE::2024-08-13.16:52:24::SCWMssOS::make -C ps7_cortexa9_0/libsrc/scuwdt_v2_5/src -s include  "SHELL=CMD" "COMPILER=arm-none-eabi-gcc" "ASSEMBLER=arm-none-eabi-as"
TRACE::2024-08-13.16:52:24::SCWMssOS:: "ARCHIVER=arm-none-eabi-ar" "COMPILER_FLAGS=  -O2 -c" "EXTRA_COMPILER_FLAGS=-mcpu=cortex-a9 -mfpu=vfpv3 -mfloat-abi=hard -nost
TRACE::2024-08-13.16:52:24::SCWMssOS::artfiles -g -Wall -Wextra -fno-tree-loop-distribute-patterns"

TRACE::2024-08-13.16:52:24::SCWMssOS::"Running Make include in ps7_cortexa9_0/libsrc/sdps_v4_2/src"

TRACE::2024-08-13.16:52:24::SCWMssOS::make -C ps7_cortexa9_0/libsrc/sdps_v4_2/src -s include  "SHELL=CMD" "COMPILER=arm-none-eabi-gcc" "ASSEMBLER=arm-none-eabi-as" "
TRACE::2024-08-13.16:52:24::SCWMssOS::ARCHIVER=arm-none-eabi-ar" "COMPILER_FLAGS=  -O2 -c" "EXTRA_COMPILER_FLAGS=-mcpu=cortex-a9 -mfpu=vfpv3 -mfloat-abi=hard -nostar
TRACE::2024-08-13.16:52:24::SCWMssOS::tfiles -g -Wall -Wextra -fno-tree-loop-distribute-patterns"

TRACE::2024-08-13.16:52:24::SCWMssOS::"Running Make include in ps7_cortexa9_0/libsrc/standalone_v9_0/src"

TRACE::2024-08-13.16:52:24::SCWMssOS::make -C ps7_cortexa9_0/libsrc/standalone_v9_0/src -s include  "SHELL=CMD" "COMPILER=arm-none-eabi-gcc" "ASSEMBLER=arm-none-eabi
TRACE::2024-08-13.16:52:24::SCWMssOS::-as" "ARCHIVER=arm-none-eabi-ar" "COMPILER_FLAGS=  -O2 -c" "EXTRA_COMPILER_FLAGS=-mcpu=cortex-a9 -mfpu=vfpv3 -mfloat-abi=hard -
TRACE::2024-08-13.16:52:24::SCWMssOS::nostartfiles -g -Wall -Wextra -fno-tree-loop-distribute-patterns"

TRACE::2024-08-13.16:52:25::SCWMssOS::"Running Make include in ps7_cortexa9_0/libsrc/sysmon_v7_8/src"

TRACE::2024-08-13.16:52:25::SCWMssOS::make -C ps7_cortexa9_0/libsrc/sysmon_v7_8/src -s include  "SHELL=CMD" "COMPILER=arm-none-eabi-gcc" "ASSEMBLER=arm-none-eabi-as"
TRACE::2024-08-13.16:52:25::SCWMssOS:: "ARCHIVER=arm-none-eabi-ar" "COMPILER_FLAGS=  -O2 -c" "EXTRA_COMPILER_FLAGS=-mcpu=cortex-a9 -mfpu=vfpv3 -mfloat-abi=hard -nost
TRACE::2024-08-13.16:52:25::SCWMssOS::artfiles -g -Wall -Wextra -fno-tree-loop-distribute-patterns"

TRACE::2024-08-13.16:52:25::SCWMssOS::"Running Make include in ps7_cortexa9_0/libsrc/ttcps_v3_18/src"

TRACE::2024-08-13.16:52:25::SCWMssOS::make -C ps7_cortexa9_0/libsrc/ttcps_v3_18/src -s include  "SHELL=CMD" "COMPILER=arm-none-eabi-gcc" "ASSEMBLER=arm-none-eabi-as"
TRACE::2024-08-13.16:52:25::SCWMssOS:: "ARCHIVER=arm-none-eabi-ar" "COMPILER_FLAGS=  -O2 -c" "EXTRA_COMPILER_FLAGS=-mcpu=cortex-a9 -mfpu=vfpv3 -mfloat-abi=hard -nost
TRACE::2024-08-13.16:52:25::SCWMssOS::artfiles -g -Wall -Wextra -fno-tree-loop-distribute-patterns"

TRACE::2024-08-13.16:52:25::SCWMssOS::"Running Make include in ps7_cortexa9_0/libsrc/uartps_v3_13/src"

TRACE::2024-08-13.16:52:25::SCWMssOS::make -C ps7_cortexa9_0/libsrc/uartps_v3_13/src -s include  "SHELL=CMD" "COMPILER=arm-none-eabi-gcc" "ASSEMBLER=arm-none-eabi-as
TRACE::2024-08-13.16:52:25::SCWMssOS::" "ARCHIVER=arm-none-eabi-ar" "COMPILER_FLAGS=  -O2 -c" "EXTRA_COMPILER_FLAGS=-mcpu=cortex-a9 -mfpu=vfpv3 -mfloat-abi=hard -nos
TRACE::2024-08-13.16:52:25::SCWMssOS::tartfiles -g -Wall -Wextra -fno-tree-loop-distribute-patterns"

TRACE::2024-08-13.16:52:25::SCWMssOS::"Running Make include in ps7_cortexa9_0/libsrc/usbps_v2_8/src"

TRACE::2024-08-13.16:52:25::SCWMssOS::make -C ps7_cortexa9_0/libsrc/usbps_v2_8/src -s include  "SHELL=CMD" "COMPILER=arm-none-eabi-gcc" "ASSEMBLER=arm-none-eabi-as" 
TRACE::2024-08-13.16:52:25::SCWMssOS::"ARCHIVER=arm-none-eabi-ar" "COMPILER_FLAGS=  -O2 -c" "EXTRA_COMPILER_FLAGS=-mcpu=cortex-a9 -mfpu=vfpv3 -mfloat-abi=hard -nosta
TRACE::2024-08-13.16:52:25::SCWMssOS::rtfiles -g -Wall -Wextra -fno-tree-loop-distribute-patterns"

TRACE::2024-08-13.16:52:25::SCWMssOS::"Running Make include in ps7_cortexa9_0/libsrc/xadcps_v2_7/src"

TRACE::2024-08-13.16:52:25::SCWMssOS::make -C ps7_cortexa9_0/libsrc/xadcps_v2_7/src -s include  "SHELL=CMD" "COMPILER=arm-none-eabi-gcc" "ASSEMBLER=arm-none-eabi-as"
TRACE::2024-08-13.16:52:25::SCWMssOS:: "ARCHIVER=arm-none-eabi-ar" "COMPILER_FLAGS=  -O2 -c" "EXTRA_COMPILER_FLAGS=-mcpu=cortex-a9 -mfpu=vfpv3 -mfloat-abi=hard -nost
TRACE::2024-08-13.16:52:25::SCWMssOS::artfiles -g -Wall -Wextra -fno-tree-loop-distribute-patterns"

TRACE::2024-08-13.16:52:25::SCWMssOS::"Running Make libs in ps7_cortexa9_0/libsrc/PS_to_Regs_v1_0/src"

TRACE::2024-08-13.16:52:25::SCWMssOS::make -C ps7_cortexa9_0/libsrc/PS_to_Regs_v1_0/src -s libs  "SHELL=CMD" "COMPILER=arm-none-eabi-gcc" "ASSEMBLER=arm-none-eabi-as
TRACE::2024-08-13.16:52:25::SCWMssOS::" "ARCHIVER=arm-none-eabi-ar" "COMPILER_FLAGS=  -O2 -c" "EXTRA_COMPILER_FLAGS=-mcpu=cortex-a9 -mfpu=vfpv3 -mfloat-abi=hard -nos
TRACE::2024-08-13.16:52:25::SCWMssOS::tartfiles -g -Wall -Wextra -fno-tree-loop-distribute-patterns"

TRACE::2024-08-13.16:52:25::SCWMssOS::"Compiling Test_AXI..."

TRACE::2024-08-13.16:52:26::SCWMssOS::'Finished building libraries sequentially.'

TRACE::2024-08-13.16:52:26::SCWMssOS::make -j 6 --no-print-directory par_libs

TRACE::2024-08-13.16:52:26::SCWMssOS::"Running Make include in ps7_cortexa9_0/libsrc/clk_wiz_v1_6/src"

TRACE::2024-08-13.16:52:26::SCWMssOS::make -C ps7_cortexa9_0/libsrc/clk_wiz_v1_6/src -s include  "SHELL=CMD" "COMPILER=arm-none-eabi-gcc" "ASSEMBLER=arm-none-eabi-as
TRACE::2024-08-13.16:52:26::SCWMssOS::" "ARCHIVER=arm-none-eabi-ar" "COMPILER_FLAGS=  -O2 -c" "EXTRA_COMPILER_FLAGS=-mcpu=cortex-a9 -mfpu=vfpv3 -mfloat-abi=hard -nos
TRACE::2024-08-13.16:52:26::SCWMssOS::tartfiles -g -Wall -Wextra -fno-tree-loop-distribute-patterns"

TRACE::2024-08-13.16:52:26::SCWMssOS::"Running Make include in ps7_cortexa9_0/libsrc/coresightps_dcc_v1_9/src"

TRACE::2024-08-13.16:52:26::SCWMssOS::make -C ps7_cortexa9_0/libsrc/coresightps_dcc_v1_9/src -s include  "SHELL=CMD" "COMPILER=arm-none-eabi-gcc" "ASSEMBLER=arm-none
TRACE::2024-08-13.16:52:26::SCWMssOS::-eabi-as" "ARCHIVER=arm-none-eabi-ar" "COMPILER_FLAGS=  -O2 -c" "EXTRA_COMPILER_FLAGS=-mcpu=cortex-a9 -mfpu=vfpv3 -mfloat-abi=h
TRACE::2024-08-13.16:52:26::SCWMssOS::ard -nostartfiles -g -Wall -Wextra -fno-tree-loop-distribute-patterns"

TRACE::2024-08-13.16:52:26::SCWMssOS::"Running Make include in ps7_cortexa9_0/libsrc/cpu_cortexa9_v2_12/src"

TRACE::2024-08-13.16:52:26::SCWMssOS::make -C ps7_cortexa9_0/libsrc/cpu_cortexa9_v2_12/src -s include  "SHELL=CMD" "COMPILER=arm-none-eabi-gcc" "ASSEMBLER=arm-none-e
TRACE::2024-08-13.16:52:26::SCWMssOS::abi-as" "ARCHIVER=arm-none-eabi-ar" "COMPILER_FLAGS=  -O2 -c" "EXTRA_COMPILER_FLAGS=-mcpu=cortex-a9 -mfpu=vfpv3 -mfloat-abi=har
TRACE::2024-08-13.16:52:26::SCWMssOS::d -nostartfiles -g -Wall -Wextra -fno-tree-loop-distribute-patterns"

TRACE::2024-08-13.16:52:26::SCWMssOS::"Running Make include in ps7_cortexa9_0/libsrc/ddrps_v1_2/src"

TRACE::2024-08-13.16:52:26::SCWMssOS::make -C ps7_cortexa9_0/libsrc/ddrps_v1_2/src -s include  "SHELL=CMD" "COMPILER=arm-none-eabi-gcc" "ASSEMBLER=arm-none-eabi-as" 
TRACE::2024-08-13.16:52:26::SCWMssOS::"ARCHIVER=arm-none-eabi-ar" "COMPILER_FLAGS=  -O2 -c" "EXTRA_COMPILER_FLAGS=-mcpu=cortex-a9 -mfpu=vfpv3 -mfloat-abi=hard -nosta
TRACE::2024-08-13.16:52:26::SCWMssOS::rtfiles -g -Wall -Wextra -fno-tree-loop-distribute-patterns"

TRACE::2024-08-13.16:52:26::SCWMssOS::"Running Make include in ps7_cortexa9_0/libsrc/devcfg_v3_8/src"

TRACE::2024-08-13.16:52:26::SCWMssOS::make -C ps7_cortexa9_0/libsrc/devcfg_v3_8/src -s include  "SHELL=CMD" "COMPILER=arm-none-eabi-gcc" "ASSEMBLER=arm-none-eabi-as"
TRACE::2024-08-13.16:52:26::SCWMssOS:: "ARCHIVER=arm-none-eabi-ar" "COMPILER_FLAGS=  -O2 -c" "EXTRA_COMPILER_FLAGS=-mcpu=cortex-a9 -mfpu=vfpv3 -mfloat-abi=hard -nost
TRACE::2024-08-13.16:52:26::SCWMssOS::artfiles -g -Wall -Wextra -fno-tree-loop-distribute-patterns"

TRACE::2024-08-13.16:52:26::SCWMssOS::"Running Make include in ps7_cortexa9_0/libsrc/dmaps_v2_9/src"

TRACE::2024-08-13.16:52:26::SCWMssOS::make -C ps7_cortexa9_0/libsrc/dmaps_v2_9/src -s include  "SHELL=CMD" "COMPILER=arm-none-eabi-gcc" "ASSEMBLER=arm-none-eabi-as" 
TRACE::2024-08-13.16:52:26::SCWMssOS::"ARCHIVER=arm-none-eabi-ar" "COMPILER_FLAGS=  -O2 -c" "EXTRA_COMPILER_FLAGS=-mcpu=cortex-a9 -mfpu=vfpv3 -mfloat-abi=hard -nosta
TRACE::2024-08-13.16:52:26::SCWMssOS::rtfiles -g -Wall -Wextra -fno-tree-loop-distribute-patterns"

TRACE::2024-08-13.16:52:26::SCWMssOS::"Running Make include in ps7_cortexa9_0/libsrc/emacps_v3_19/src"

TRACE::2024-08-13.16:52:26::SCWMssOS::make -C ps7_cortexa9_0/libsrc/emacps_v3_19/src -s include  "SHELL=CMD" "COMPILER=arm-none-eabi-gcc" "ASSEMBLER=arm-none-eabi-as
TRACE::2024-08-13.16:52:26::SCWMssOS::" "ARCHIVER=arm-none-eabi-ar" "COMPILER_FLAGS=  -O2 -c" "EXTRA_COMPILER_FLAGS=-mcpu=cortex-a9 -mfpu=vfpv3 -mfloat-abi=hard -nos
TRACE::2024-08-13.16:52:26::SCWMssOS::tartfiles -g -Wall -Wextra -fno-tree-loop-distribute-patterns"

TRACE::2024-08-13.16:52:26::SCWMssOS::"Running Make include in ps7_cortexa9_0/libsrc/gpiops_v3_12/src"

TRACE::2024-08-13.16:52:26::SCWMssOS::make -C ps7_cortexa9_0/libsrc/gpiops_v3_12/src -s include  "SHELL=CMD" "COMPILER=arm-none-eabi-gcc" "ASSEMBLER=arm-none-eabi-as
TRACE::2024-08-13.16:52:26::SCWMssOS::" "ARCHIVER=arm-none-eabi-ar" "COMPILER_FLAGS=  -O2 -c" "EXTRA_COMPILER_FLAGS=-mcpu=cortex-a9 -mfpu=vfpv3 -mfloat-abi=hard -nos
TRACE::2024-08-13.16:52:26::SCWMssOS::tartfiles -g -Wall -Wextra -fno-tree-loop-distribute-patterns"

TRACE::2024-08-13.16:52:26::SCWMssOS::"Running Make include in ps7_cortexa9_0/libsrc/PS_to_Regs_v1_0/src"

TRACE::2024-08-13.16:52:27::SCWMssOS::make -C ps7_cortexa9_0/libsrc/PS_to_Regs_v1_0/src -s include  "SHELL=CMD" "COMPILER=arm-none-eabi-gcc" "ASSEMBLER=arm-none-eabi
TRACE::2024-08-13.16:52:27::SCWMssOS::-as" "ARCHIVER=arm-none-eabi-ar" "COMPILER_FLAGS=  -O2 -c" "EXTRA_COMPILER_FLAGS=-mcpu=cortex-a9 -mfpu=vfpv3 -mfloat-abi=hard -
TRACE::2024-08-13.16:52:27::SCWMssOS::nostartfiles -g -Wall -Wextra -fno-tree-loop-distribute-patterns"

TRACE::2024-08-13.16:52:27::SCWMssOS::"Running Make include in ps7_cortexa9_0/libsrc/qspips_v3_11/src"

TRACE::2024-08-13.16:52:27::SCWMssOS::make -C ps7_cortexa9_0/libsrc/qspips_v3_11/src -s include  "SHELL=CMD" "COMPILER=arm-none-eabi-gcc" "ASSEMBLER=arm-none-eabi-as
TRACE::2024-08-13.16:52:27::SCWMssOS::" "ARCHIVER=arm-none-eabi-ar" "COMPILER_FLAGS=  -O2 -c" "EXTRA_COMPILER_FLAGS=-mcpu=cortex-a9 -mfpu=vfpv3 -mfloat-abi=hard -nos
TRACE::2024-08-13.16:52:27::SCWMssOS::tartfiles -g -Wall -Wextra -fno-tree-loop-distribute-patterns"

TRACE::2024-08-13.16:52:27::SCWMssOS::"Running Make include in ps7_cortexa9_0/libsrc/scugic_v5_2/src"

TRACE::2024-08-13.16:52:27::SCWMssOS::make -C ps7_cortexa9_0/libsrc/scugic_v5_2/src -s include  "SHELL=CMD" "COMPILER=arm-none-eabi-gcc" "ASSEMBLER=arm-none-eabi-as"
TRACE::2024-08-13.16:52:27::SCWMssOS:: "ARCHIVER=arm-none-eabi-ar" "COMPILER_FLAGS=  -O2 -c" "EXTRA_COMPILER_FLAGS=-mcpu=cortex-a9 -mfpu=vfpv3 -mfloat-abi=hard -nost
TRACE::2024-08-13.16:52:27::SCWMssOS::artfiles -g -Wall -Wextra -fno-tree-loop-distribute-patterns"

TRACE::2024-08-13.16:52:27::SCWMssOS::"Running Make include in ps7_cortexa9_0/libsrc/scutimer_v2_5/src"

TRACE::2024-08-13.16:52:27::SCWMssOS::make -C ps7_cortexa9_0/libsrc/scutimer_v2_5/src -s include  "SHELL=CMD" "COMPILER=arm-none-eabi-gcc" "ASSEMBLER=arm-none-eabi-a
TRACE::2024-08-13.16:52:27::SCWMssOS::s" "ARCHIVER=arm-none-eabi-ar" "COMPILER_FLAGS=  -O2 -c" "EXTRA_COMPILER_FLAGS=-mcpu=cortex-a9 -mfpu=vfpv3 -mfloat-abi=hard -no
TRACE::2024-08-13.16:52:27::SCWMssOS::startfiles -g -Wall -Wextra -fno-tree-loop-distribute-patterns"

TRACE::2024-08-13.16:52:27::SCWMssOS::"Running Make include in ps7_cortexa9_0/libsrc/scuwdt_v2_5/src"

TRACE::2024-08-13.16:52:27::SCWMssOS::make -C ps7_cortexa9_0/libsrc/scuwdt_v2_5/src -s include  "SHELL=CMD" "COMPILER=arm-none-eabi-gcc" "ASSEMBLER=arm-none-eabi-as"
TRACE::2024-08-13.16:52:27::SCWMssOS:: "ARCHIVER=arm-none-eabi-ar" "COMPILER_FLAGS=  -O2 -c" "EXTRA_COMPILER_FLAGS=-mcpu=cortex-a9 -mfpu=vfpv3 -mfloat-abi=hard -nost
TRACE::2024-08-13.16:52:27::SCWMssOS::artfiles -g -Wall -Wextra -fno-tree-loop-distribute-patterns"

TRACE::2024-08-13.16:52:27::SCWMssOS::"Running Make include in ps7_cortexa9_0/libsrc/sdps_v4_2/src"

TRACE::2024-08-13.16:52:27::SCWMssOS::make -C ps7_cortexa9_0/libsrc/sdps_v4_2/src -s include  "SHELL=CMD" "COMPILER=arm-none-eabi-gcc" "ASSEMBLER=arm-none-eabi-as" "
TRACE::2024-08-13.16:52:27::SCWMssOS::ARCHIVER=arm-none-eabi-ar" "COMPILER_FLAGS=  -O2 -c" "EXTRA_COMPILER_FLAGS=-mcpu=cortex-a9 -mfpu=vfpv3 -mfloat-abi=hard -nostar
TRACE::2024-08-13.16:52:27::SCWMssOS::tfiles -g -Wall -Wextra -fno-tree-loop-distribute-patterns"

TRACE::2024-08-13.16:52:27::SCWMssOS::"Running Make include in ps7_cortexa9_0/libsrc/standalone_v9_0/src"

TRACE::2024-08-13.16:52:27::SCWMssOS::make -C ps7_cortexa9_0/libsrc/standalone_v9_0/src -s include  "SHELL=CMD" "COMPILER=arm-none-eabi-gcc" "ASSEMBLER=arm-none-eabi
TRACE::2024-08-13.16:52:27::SCWMssOS::-as" "ARCHIVER=arm-none-eabi-ar" "COMPILER_FLAGS=  -O2 -c" "EXTRA_COMPILER_FLAGS=-mcpu=cortex-a9 -mfpu=vfpv3 -mfloat-abi=hard -
TRACE::2024-08-13.16:52:27::SCWMssOS::nostartfiles -g -Wall -Wextra -fno-tree-loop-distribute-patterns"

TRACE::2024-08-13.16:52:27::SCWMssOS::"Running Make include in ps7_cortexa9_0/libsrc/sysmon_v7_8/src"

TRACE::2024-08-13.16:52:27::SCWMssOS::make -C ps7_cortexa9_0/libsrc/sysmon_v7_8/src -s include  "SHELL=CMD" "COMPILER=arm-none-eabi-gcc" "ASSEMBLER=arm-none-eabi-as"
TRACE::2024-08-13.16:52:27::SCWMssOS:: "ARCHIVER=arm-none-eabi-ar" "COMPILER_FLAGS=  -O2 -c" "EXTRA_COMPILER_FLAGS=-mcpu=cortex-a9 -mfpu=vfpv3 -mfloat-abi=hard -nost
TRACE::2024-08-13.16:52:27::SCWMssOS::artfiles -g -Wall -Wextra -fno-tree-loop-distribute-patterns"

TRACE::2024-08-13.16:52:27::SCWMssOS::"Running Make include in ps7_cortexa9_0/libsrc/ttcps_v3_18/src"

TRACE::2024-08-13.16:52:27::SCWMssOS::make -C ps7_cortexa9_0/libsrc/ttcps_v3_18/src -s include  "SHELL=CMD" "COMPILER=arm-none-eabi-gcc" "ASSEMBLER=arm-none-eabi-as"
TRACE::2024-08-13.16:52:27::SCWMssOS:: "ARCHIVER=arm-none-eabi-ar" "COMPILER_FLAGS=  -O2 -c" "EXTRA_COMPILER_FLAGS=-mcpu=cortex-a9 -mfpu=vfpv3 -mfloat-abi=hard -nost
TRACE::2024-08-13.16:52:27::SCWMssOS::artfiles -g -Wall -Wextra -fno-tree-loop-distribute-patterns"

TRACE::2024-08-13.16:52:27::SCWMssOS::"Running Make include in ps7_cortexa9_0/libsrc/uartps_v3_13/src"

TRACE::2024-08-13.16:52:27::SCWMssOS::make -C ps7_cortexa9_0/libsrc/uartps_v3_13/src -s include  "SHELL=CMD" "COMPILER=arm-none-eabi-gcc" "ASSEMBLER=arm-none-eabi-as
TRACE::2024-08-13.16:52:27::SCWMssOS::" "ARCHIVER=arm-none-eabi-ar" "COMPILER_FLAGS=  -O2 -c" "EXTRA_COMPILER_FLAGS=-mcpu=cortex-a9 -mfpu=vfpv3 -mfloat-abi=hard -nos
TRACE::2024-08-13.16:52:27::SCWMssOS::tartfiles -g -Wall -Wextra -fno-tree-loop-distribute-patterns"

TRACE::2024-08-13.16:52:27::SCWMssOS::"Running Make include in ps7_cortexa9_0/libsrc/usbps_v2_8/src"

TRACE::2024-08-13.16:52:27::SCWMssOS::make -C ps7_cortexa9_0/libsrc/usbps_v2_8/src -s include  "SHELL=CMD" "COMPILER=arm-none-eabi-gcc" "ASSEMBLER=arm-none-eabi-as" 
TRACE::2024-08-13.16:52:27::SCWMssOS::"ARCHIVER=arm-none-eabi-ar" "COMPILER_FLAGS=  -O2 -c" "EXTRA_COMPILER_FLAGS=-mcpu=cortex-a9 -mfpu=vfpv3 -mfloat-abi=hard -nosta
TRACE::2024-08-13.16:52:27::SCWMssOS::rtfiles -g -Wall -Wextra -fno-tree-loop-distribute-patterns"

TRACE::2024-08-13.16:52:27::SCWMssOS::"Running Make include in ps7_cortexa9_0/libsrc/xadcps_v2_7/src"

TRACE::2024-08-13.16:52:27::SCWMssOS::make -C ps7_cortexa9_0/libsrc/xadcps_v2_7/src -s include  "SHELL=CMD" "COMPILER=arm-none-eabi-gcc" "ASSEMBLER=arm-none-eabi-as"
TRACE::2024-08-13.16:52:27::SCWMssOS:: "ARCHIVER=arm-none-eabi-ar" "COMPILER_FLAGS=  -O2 -c" "EXTRA_COMPILER_FLAGS=-mcpu=cortex-a9 -mfpu=vfpv3 -mfloat-abi=hard -nost
TRACE::2024-08-13.16:52:27::SCWMssOS::artfiles -g -Wall -Wextra -fno-tree-loop-distribute-patterns"

TRACE::2024-08-13.16:52:27::SCWMssOS::"Running Make libs in ps7_cortexa9_0/libsrc/clk_wiz_v1_6/src"

TRACE::2024-08-13.16:52:27::SCWMssOS::make -C ps7_cortexa9_0/libsrc/clk_wiz_v1_6/src -s libs  "SHELL=CMD" "COMPILER=arm-none-eabi-gcc" "ASSEMBLER=arm-none-eabi-as" "
TRACE::2024-08-13.16:52:27::SCWMssOS::ARCHIVER=arm-none-eabi-ar" "COMPILER_FLAGS=  -O2 -c" "EXTRA_COMPILER_FLAGS=-mcpu=cortex-a9 -mfpu=vfpv3 -mfloat-abi=hard -nostar
TRACE::2024-08-13.16:52:27::SCWMssOS::tfiles -g -Wall -Wextra -fno-tree-loop-distribute-patterns"

TRACE::2024-08-13.16:52:27::SCWMssOS::"Running Make libs in ps7_cortexa9_0/libsrc/coresightps_dcc_v1_9/src"

TRACE::2024-08-13.16:52:27::SCWMssOS::make -C ps7_cortexa9_0/libsrc/coresightps_dcc_v1_9/src -s libs  "SHELL=CMD" "COMPILER=arm-none-eabi-gcc" "ASSEMBLER=arm-none-ea
TRACE::2024-08-13.16:52:27::SCWMssOS::bi-as" "ARCHIVER=arm-none-eabi-ar" "COMPILER_FLAGS=  -O2 -c" "EXTRA_COMPILER_FLAGS=-mcpu=cortex-a9 -mfpu=vfpv3 -mfloat-abi=hard
TRACE::2024-08-13.16:52:27::SCWMssOS:: -nostartfiles -g -Wall -Wextra -fno-tree-loop-distribute-patterns"

TRACE::2024-08-13.16:52:27::SCWMssOS::"Running Make libs in ps7_cortexa9_0/libsrc/cpu_cortexa9_v2_12/src"

TRACE::2024-08-13.16:52:27::SCWMssOS::make -C ps7_cortexa9_0/libsrc/cpu_cortexa9_v2_12/src -s libs  "SHELL=CMD" "COMPILER=arm-none-eabi-gcc" "ASSEMBLER=arm-none-eabi
TRACE::2024-08-13.16:52:27::SCWMssOS::-as" "ARCHIVER=arm-none-eabi-ar" "COMPILER_FLAGS=  -O2 -c" "EXTRA_COMPILER_FLAGS=-mcpu=cortex-a9 -mfpu=vfpv3 -mfloat-abi=hard -
TRACE::2024-08-13.16:52:27::SCWMssOS::nostartfiles -g -Wall -Wextra -fno-tree-loop-distribute-patterns"

TRACE::2024-08-13.16:52:27::SCWMssOS::"Running Make libs in ps7_cortexa9_0/libsrc/ddrps_v1_2/src"

TRACE::2024-08-13.16:52:27::SCWMssOS::make -C ps7_cortexa9_0/libsrc/ddrps_v1_2/src -s libs  "SHELL=CMD" "COMPILER=arm-none-eabi-gcc" "ASSEMBLER=arm-none-eabi-as" "AR
TRACE::2024-08-13.16:52:27::SCWMssOS::CHIVER=arm-none-eabi-ar" "COMPILER_FLAGS=  -O2 -c" "EXTRA_COMPILER_FLAGS=-mcpu=cortex-a9 -mfpu=vfpv3 -mfloat-abi=hard -nostartf
TRACE::2024-08-13.16:52:27::SCWMssOS::iles -g -Wall -Wextra -fno-tree-loop-distribute-patterns"

TRACE::2024-08-13.16:52:27::SCWMssOS::"Running Make libs in ps7_cortexa9_0/libsrc/devcfg_v3_8/src"

TRACE::2024-08-13.16:52:27::SCWMssOS::make -C ps7_cortexa9_0/libsrc/devcfg_v3_8/src -s libs  "SHELL=CMD" "COMPILER=arm-none-eabi-gcc" "ASSEMBLER=arm-none-eabi-as" "A
TRACE::2024-08-13.16:52:27::SCWMssOS::RCHIVER=arm-none-eabi-ar" "COMPILER_FLAGS=  -O2 -c" "EXTRA_COMPILER_FLAGS=-mcpu=cortex-a9 -mfpu=vfpv3 -mfloat-abi=hard -nostart
TRACE::2024-08-13.16:52:27::SCWMssOS::files -g -Wall -Wextra -fno-tree-loop-distribute-patterns"

TRACE::2024-08-13.16:52:27::SCWMssOS::"Running Make libs in ps7_cortexa9_0/libsrc/dmaps_v2_9/src"

TRACE::2024-08-13.16:52:27::SCWMssOS::make -C ps7_cortexa9_0/libsrc/dmaps_v2_9/src -s libs  "SHELL=CMD" "COMPILER=arm-none-eabi-gcc" "ASSEMBLER=arm-none-eabi-as" "AR
TRACE::2024-08-13.16:52:27::SCWMssOS::CHIVER=arm-none-eabi-ar" "COMPILER_FLAGS=  -O2 -c" "EXTRA_COMPILER_FLAGS=-mcpu=cortex-a9 -mfpu=vfpv3 -mfloat-abi=hard -nostartf
TRACE::2024-08-13.16:52:27::SCWMssOS::iles -g -Wall -Wextra -fno-tree-loop-distribute-patterns"

TRACE::2024-08-13.16:52:28::SCWMssOS::"Running Make libs in ps7_cortexa9_0/libsrc/emacps_v3_19/src"

TRACE::2024-08-13.16:52:28::SCWMssOS::make -C ps7_cortexa9_0/libsrc/emacps_v3_19/src -s libs  "SHELL=CMD" "COMPILER=arm-none-eabi-gcc" "ASSEMBLER=arm-none-eabi-as" "
TRACE::2024-08-13.16:52:28::SCWMssOS::ARCHIVER=arm-none-eabi-ar" "COMPILER_FLAGS=  -O2 -c" "EXTRA_COMPILER_FLAGS=-mcpu=cortex-a9 -mfpu=vfpv3 -mfloat-abi=hard -nostar
TRACE::2024-08-13.16:52:28::SCWMssOS::tfiles -g -Wall -Wextra -fno-tree-loop-distribute-patterns"

TRACE::2024-08-13.16:52:28::SCWMssOS::"Running Make libs in ps7_cortexa9_0/libsrc/gpiops_v3_12/src"

TRACE::2024-08-13.16:52:28::SCWMssOS::make -C ps7_cortexa9_0/libsrc/gpiops_v3_12/src -s libs  "SHELL=CMD" "COMPILER=arm-none-eabi-gcc" "ASSEMBLER=arm-none-eabi-as" "
TRACE::2024-08-13.16:52:28::SCWMssOS::ARCHIVER=arm-none-eabi-ar" "COMPILER_FLAGS=  -O2 -c" "EXTRA_COMPILER_FLAGS=-mcpu=cortex-a9 -mfpu=vfpv3 -mfloat-abi=hard -nostar
TRACE::2024-08-13.16:52:28::SCWMssOS::tfiles -g -Wall -Wextra -fno-tree-loop-distribute-patterns"

TRACE::2024-08-13.16:52:28::SCWMssOS::"Running Make libs in ps7_cortexa9_0/libsrc/qspips_v3_11/src"

TRACE::2024-08-13.16:52:28::SCWMssOS::make -C ps7_cortexa9_0/libsrc/qspips_v3_11/src -s libs  "SHELL=CMD" "COMPILER=arm-none-eabi-gcc" "ASSEMBLER=arm-none-eabi-as" "
TRACE::2024-08-13.16:52:28::SCWMssOS::ARCHIVER=arm-none-eabi-ar" "COMPILER_FLAGS=  -O2 -c" "EXTRA_COMPILER_FLAGS=-mcpu=cortex-a9 -mfpu=vfpv3 -mfloat-abi=hard -nostar
TRACE::2024-08-13.16:52:28::SCWMssOS::tfiles -g -Wall -Wextra -fno-tree-loop-distribute-patterns"

TRACE::2024-08-13.16:52:28::SCWMssOS::"Running Make libs in ps7_cortexa9_0/libsrc/scugic_v5_2/src"

TRACE::2024-08-13.16:52:29::SCWMssOS::make -C ps7_cortexa9_0/libsrc/scugic_v5_2/src -s libs  "SHELL=CMD" "COMPILER=arm-none-eabi-gcc" "ASSEMBLER=arm-none-eabi-as" "A
TRACE::2024-08-13.16:52:29::SCWMssOS::RCHIVER=arm-none-eabi-ar" "COMPILER_FLAGS=  -O2 -c" "EXTRA_COMPILER_FLAGS=-mcpu=cortex-a9 -mfpu=vfpv3 -mfloat-abi=hard -nostart
TRACE::2024-08-13.16:52:29::SCWMssOS::files -g -Wall -Wextra -fno-tree-loop-distribute-patterns"

TRACE::2024-08-13.16:52:29::SCWMssOS::"Running Make libs in ps7_cortexa9_0/libsrc/scutimer_v2_5/src"

TRACE::2024-08-13.16:52:29::SCWMssOS::make -C ps7_cortexa9_0/libsrc/scutimer_v2_5/src -s libs  "SHELL=CMD" "COMPILER=arm-none-eabi-gcc" "ASSEMBLER=arm-none-eabi-as" 
TRACE::2024-08-13.16:52:29::SCWMssOS::"ARCHIVER=arm-none-eabi-ar" "COMPILER_FLAGS=  -O2 -c" "EXTRA_COMPILER_FLAGS=-mcpu=cortex-a9 -mfpu=vfpv3 -mfloat-abi=hard -nosta
TRACE::2024-08-13.16:52:29::SCWMssOS::rtfiles -g -Wall -Wextra -fno-tree-loop-distribute-patterns"

TRACE::2024-08-13.16:52:30::SCWMssOS::"Running Make libs in ps7_cortexa9_0/libsrc/scuwdt_v2_5/src"

TRACE::2024-08-13.16:52:30::SCWMssOS::make -C ps7_cortexa9_0/libsrc/scuwdt_v2_5/src -s libs  "SHELL=CMD" "COMPILER=arm-none-eabi-gcc" "ASSEMBLER=arm-none-eabi-as" "A
TRACE::2024-08-13.16:52:30::SCWMssOS::RCHIVER=arm-none-eabi-ar" "COMPILER_FLAGS=  -O2 -c" "EXTRA_COMPILER_FLAGS=-mcpu=cortex-a9 -mfpu=vfpv3 -mfloat-abi=hard -nostart
TRACE::2024-08-13.16:52:30::SCWMssOS::files -g -Wall -Wextra -fno-tree-loop-distribute-patterns"

TRACE::2024-08-13.16:52:30::SCWMssOS::"Running Make libs in ps7_cortexa9_0/libsrc/sdps_v4_2/src"

TRACE::2024-08-13.16:52:30::SCWMssOS::make -C ps7_cortexa9_0/libsrc/sdps_v4_2/src -s libs  "SHELL=CMD" "COMPILER=arm-none-eabi-gcc" "ASSEMBLER=arm-none-eabi-as" "ARC
TRACE::2024-08-13.16:52:30::SCWMssOS::HIVER=arm-none-eabi-ar" "COMPILER_FLAGS=  -O2 -c" "EXTRA_COMPILER_FLAGS=-mcpu=cortex-a9 -mfpu=vfpv3 -mfloat-abi=hard -nostartfi
TRACE::2024-08-13.16:52:30::SCWMssOS::les -g -Wall -Wextra -fno-tree-loop-distribute-patterns"

TRACE::2024-08-13.16:52:30::SCWMssOS::"Running Make libs in ps7_cortexa9_0/libsrc/standalone_v9_0/src"

TRACE::2024-08-13.16:52:30::SCWMssOS::make -C ps7_cortexa9_0/libsrc/standalone_v9_0/src -s libs  "SHELL=CMD" "COMPILER=arm-none-eabi-gcc" "ASSEMBLER=arm-none-eabi-as
TRACE::2024-08-13.16:52:30::SCWMssOS::" "ARCHIVER=arm-none-eabi-ar" "COMPILER_FLAGS=  -O2 -c" "EXTRA_COMPILER_FLAGS=-mcpu=cortex-a9 -mfpu=vfpv3 -mfloat-abi=hard -nos
TRACE::2024-08-13.16:52:30::SCWMssOS::tartfiles -g -Wall -Wextra -fno-tree-loop-distribute-patterns"

TRACE::2024-08-13.16:52:30::SCWMssOS::"Running Make libs in ps7_cortexa9_0/libsrc/sysmon_v7_8/src"

TRACE::2024-08-13.16:52:30::SCWMssOS::make -C ps7_cortexa9_0/libsrc/sysmon_v7_8/src -s libs  "SHELL=CMD" "COMPILER=arm-none-eabi-gcc" "ASSEMBLER=arm-none-eabi-as" "A
TRACE::2024-08-13.16:52:30::SCWMssOS::RCHIVER=arm-none-eabi-ar" "COMPILER_FLAGS=  -O2 -c" "EXTRA_COMPILER_FLAGS=-mcpu=cortex-a9 -mfpu=vfpv3 -mfloat-abi=hard -nostart
TRACE::2024-08-13.16:52:30::SCWMssOS::files -g -Wall -Wextra -fno-tree-loop-distribute-patterns"

TRACE::2024-08-13.16:52:31::SCWMssOS::"Running Make libs in ps7_cortexa9_0/libsrc/ttcps_v3_18/src"

TRACE::2024-08-13.16:52:31::SCWMssOS::make -C ps7_cortexa9_0/libsrc/ttcps_v3_18/src -s libs  "SHELL=CMD" "COMPILER=arm-none-eabi-gcc" "ASSEMBLER=arm-none-eabi-as" "A
TRACE::2024-08-13.16:52:31::SCWMssOS::RCHIVER=arm-none-eabi-ar" "COMPILER_FLAGS=  -O2 -c" "EXTRA_COMPILER_FLAGS=-mcpu=cortex-a9 -mfpu=vfpv3 -mfloat-abi=hard -nostart
TRACE::2024-08-13.16:52:31::SCWMssOS::files -g -Wall -Wextra -fno-tree-loop-distribute-patterns"

TRACE::2024-08-13.16:52:31::SCWMssOS::"Running Make libs in ps7_cortexa9_0/libsrc/uartps_v3_13/src"

TRACE::2024-08-13.16:52:31::SCWMssOS::make -C ps7_cortexa9_0/libsrc/uartps_v3_13/src -s libs  "SHELL=CMD" "COMPILER=arm-none-eabi-gcc" "ASSEMBLER=arm-none-eabi-as" "
TRACE::2024-08-13.16:52:31::SCWMssOS::ARCHIVER=arm-none-eabi-ar" "COMPILER_FLAGS=  -O2 -c" "EXTRA_COMPILER_FLAGS=-mcpu=cortex-a9 -mfpu=vfpv3 -mfloat-abi=hard -nostar
TRACE::2024-08-13.16:52:31::SCWMssOS::tfiles -g -Wall -Wextra -fno-tree-loop-distribute-patterns"

TRACE::2024-08-13.16:52:32::SCWMssOS::"Running Make libs in ps7_cortexa9_0/libsrc/usbps_v2_8/src"

TRACE::2024-08-13.16:52:32::SCWMssOS::make -C ps7_cortexa9_0/libsrc/usbps_v2_8/src -s libs  "SHELL=CMD" "COMPILER=arm-none-eabi-gcc" "ASSEMBLER=arm-none-eabi-as" "AR
TRACE::2024-08-13.16:52:32::SCWMssOS::CHIVER=arm-none-eabi-ar" "COMPILER_FLAGS=  -O2 -c" "EXTRA_COMPILER_FLAGS=-mcpu=cortex-a9 -mfpu=vfpv3 -mfloat-abi=hard -nostartf
TRACE::2024-08-13.16:52:32::SCWMssOS::iles -g -Wall -Wextra -fno-tree-loop-distribute-patterns"

TRACE::2024-08-13.16:52:32::SCWMssOS::"Running Make libs in ps7_cortexa9_0/libsrc/xadcps_v2_7/src"

TRACE::2024-08-13.16:52:32::SCWMssOS::make -C ps7_cortexa9_0/libsrc/xadcps_v2_7/src -s libs  "SHELL=CMD" "COMPILER=arm-none-eabi-gcc" "ASSEMBLER=arm-none-eabi-as" "A
TRACE::2024-08-13.16:52:32::SCWMssOS::RCHIVER=arm-none-eabi-ar" "COMPILER_FLAGS=  -O2 -c" "EXTRA_COMPILER_FLAGS=-mcpu=cortex-a9 -mfpu=vfpv3 -mfloat-abi=hard -nostart
TRACE::2024-08-13.16:52:32::SCWMssOS::files -g -Wall -Wextra -fno-tree-loop-distribute-patterns"

TRACE::2024-08-13.16:52:36::SCWMssOS::'Finished building libraries parallelly.'

TRACE::2024-08-13.16:52:36::SCWMssOS::make --no-print-directory archive

TRACE::2024-08-13.16:52:36::SCWMssOS::arm-none-eabi-ar -r  ps7_cortexa9_0/lib/libxil.a ps7_cortexa9_0/lib/_exit.o ps7_cortexa9_0/lib/_open.o ps7_cortexa9_0/lib/_sbrk
TRACE::2024-08-13.16:52:36::SCWMssOS::.o ps7_cortexa9_0/lib/abort.o ps7_cortexa9_0/lib/asm_vectors.o ps7_cortexa9_0/lib/boot.o ps7_cortexa9_0/lib/close.o ps7_cortexa
TRACE::2024-08-13.16:52:36::SCWMssOS::9_0/lib/cpputest_time.o ps7_cortexa9_0/lib/cpu_init.o ps7_cortexa9_0/lib/errno.o ps7_cortexa9_0/lib/fcntl.o ps7_cortexa9_0/lib/
TRACE::2024-08-13.16:52:36::SCWMssOS::fstat.o ps7_cortexa9_0/lib/getentropy.o ps7_cortexa9_0/lib/getpid.o ps7_cortexa9_0/lib/inbyte.o ps7_cortexa9_0/lib/isatty.o ps7
TRACE::2024-08-13.16:52:36::SCWMssOS::_cortexa9_0/lib/kill.o ps7_cortexa9_0/lib/lseek.o ps7_cortexa9_0/lib/open.o ps7_cortexa9_0/lib/outbyte.o ps7_cortexa9_0/lib/pri
TRACE::2024-08-13.16:52:36::SCWMssOS::nt.o ps7_cortexa9_0/lib/putnum.o ps7_cortexa9_0/lib/read.o ps7_cortexa9_0/lib/sbrk.o ps7_cortexa9_0/lib/sleep.o ps7_cortexa9_0/
TRACE::2024-08-13.16:52:36::SCWMssOS::lib/time.o ps7_cortexa9_0/lib/translation_table.o ps7_cortexa9_0/lib/unlink.o ps7_cortexa9_0/lib/usleep.o ps7_cortexa9_0/lib/ve
TRACE::2024-08-13.16:52:36::SCWMssOS::ctors.o ps7_cortexa9_0/lib/write.o ps7_cortexa9_0/lib/xadcps.o ps7_cortexa9_0/lib/xadcps_g.o ps7_cortexa9_0/lib/xadcps_intr.o p
TRACE::2024-08-13.16:52:36::SCWMssOS::s7_cortexa9_0/lib/xadcps_selftest.o ps7_cortexa9_0/lib/xadcps_sinit.o ps7_cortexa9_0/lib/xclk_wiz.o ps7_cortexa9_0/lib/xclk_wiz
TRACE::2024-08-13.16:52:36::SCWMssOS::_g.o ps7_cortexa9_0/lib/xclk_wiz_intr.o ps7_cortexa9_0/lib/xclk_wiz_sinit.o ps7_cortexa9_0/lib/xcoresightpsdcc.o ps7_cortexa9_0
TRACE::2024-08-13.16:52:36::SCWMssOS::/lib/xdevcfg.o ps7_cortexa9_0/lib/xdevcfg_g.o ps7_cortexa9_0/lib/xdevcfg_hw.o ps7_cortexa9_0/lib/xdevcfg_intr.o ps7_cortexa9_0/
TRACE::2024-08-13.16:52:36::SCWMssOS::lib/xdevcfg_selftest.o ps7_cortexa9_0/lib/xdevcfg_sinit.o ps7_cortexa9_0/lib/xdmaps.o ps7_cortexa9_0/lib/xdmaps_g.o ps7_cortexa
TRACE::2024-08-13.16:52:36::SCWMssOS::9_0/lib/xdmaps_hw.o ps7_cortexa9_0/lib/xdmaps_selftest.o ps7_cortexa9_0/lib/xdmaps_sinit.o ps7_cortexa9_0/lib/xemacps.o ps7_cor
TRACE::2024-08-13.16:52:36::SCWMssOS::texa9_0/lib/xemacps_bdring.o ps7_cortexa9_0/lib/xemacps_control.o ps7_cortexa9_0/lib/xemacps_g.o ps7_cortexa9_0/lib/xemacps_hw.
TRACE::2024-08-13.16:52:36::SCWMssOS::o ps7_cortexa9_0/lib/xemacps_intr.o ps7_cortexa9_0/lib/xemacps_sinit.o ps7_cortexa9_0/lib/xgpiops.o ps7_cortexa9_0/lib/xgpiops_
TRACE::2024-08-13.16:52:36::SCWMssOS::g.o ps7_cortexa9_0/lib/xgpiops_hw.o ps7_cortexa9_0/lib/xgpiops_intr.o ps7_cortexa9_0/lib/xgpiops_selftest.o ps7_cortexa9_0/lib/
TRACE::2024-08-13.16:52:36::SCWMssOS::xgpiops_sinit.o ps7_cortexa9_0/lib/xil-crt0.o ps7_cortexa9_0/lib/xil_assert.o ps7_cortexa9_0/lib/xil_cache.o ps7_cortexa9_0/lib
TRACE::2024-08-13.16:52:36::SCWMssOS::/xil_clocking.o ps7_cortexa9_0/lib/xil_exception.o ps7_cortexa9_0/lib/xil_mem.o ps7_cortexa9_0/lib/xil_misc_psreset_api.o ps7_c
TRACE::2024-08-13.16:52:36::SCWMssOS::ortexa9_0/lib/xil_mmu.o ps7_cortexa9_0/lib/xil_printf.o ps7_cortexa9_0/lib/xil_sleepcommon.o ps7_cortexa9_0/lib/xil_sleeptimer.
TRACE::2024-08-13.16:52:36::SCWMssOS::o ps7_cortexa9_0/lib/xil_spinlock.o ps7_cortexa9_0/lib/xil_testcache.o ps7_cortexa9_0/lib/xil_testio.o ps7_cortexa9_0/lib/xil_t
TRACE::2024-08-13.16:52:36::SCWMssOS::estmem.o ps7_cortexa9_0/lib/xil_util.o ps7_cortexa9_0/lib/xinterrupt_wrap.o ps7_cortexa9_0/lib/xl2cc_counter.o ps7_cortexa9_0/l
TRACE::2024-08-13.16:52:36::SCWMssOS::ib/xplatform_info.o ps7_cortexa9_0/lib/xpm_counter.o ps7_cortexa9_0/lib/xpm_init.o ps7_cortexa9_0/lib/xqspips.o ps7_cortexa9_0/
TRACE::2024-08-13.16:52:36::SCWMssOS::lib/xqspips_g.o ps7_cortexa9_0/lib/xqspips_hw.o ps7_cortexa9_0/lib/xqspips_options.o ps7_cortexa9_0/lib/xqspips_selftest.o ps7_
TRACE::2024-08-13.16:52:36::SCWMssOS::cortexa9_0/lib/xqspips_sinit.o ps7_cortexa9_0/lib/xscugic.o ps7_cortexa9_0/lib/xscugic_g.o ps7_cortexa9_0/lib/xscugic_hw.o ps7_
TRACE::2024-08-13.16:52:36::SCWMssOS::cortexa9_0/lib/xscugic_intr.o ps7_cortexa9_0/lib/xscugic_selftest.o ps7_cortexa9_0/lib/xscugic_sinit.o ps7_cortexa9_0/lib/xscut
TRACE::2024-08-13.16:52:36::SCWMssOS::imer.o ps7_cortexa9_0/lib/xscutimer_g.o ps7_cortexa9_0/lib/xscutimer_selftest.o ps7_cortexa9_0/lib/xscutimer_sinit.o ps7_cortex
TRACE::2024-08-13.16:52:36::SCWMssOS::a9_0/lib/xscuwdt.o ps7_cortexa9_0/lib/xscuwdt_g.o ps7_cortexa9_0/lib/xscuwdt_selftest.o ps7_cortexa9_0/lib/xscuwdt_sinit.o ps7_
TRACE::2024-08-13.16:52:36::SCWMssOS::cortexa9_0/lib/xsdps.o ps7_cortexa9_0/lib/xsdps_card.o ps7_cortexa9_0/lib/xsdps_g.o ps7_cortexa9_0/lib/xsdps_host.o ps7_cortexa
TRACE::2024-08-13.16:52:36::SCWMssOS::9_0/lib/xsdps_options.o ps7_cortexa9_0/lib/xsdps_sinit.o ps7_cortexa9_0/lib/xsysmon.o ps7_cortexa9_0/lib/xsysmon_g.o ps7_cortex
TRACE::2024-08-13.16:52:36::SCWMssOS::a9_0/lib/xsysmon_intr.o ps7_cortexa9_0/lib/xsysmon_selftest.o ps7_cortexa9_0/lib/xsysmon_sinit.o ps7_cortexa9_0/lib/xtime_l.o p
TRACE::2024-08-13.16:52:36::SCWMssOS::s7_cortexa9_0/lib/xttcps.o ps7_cortexa9_0/lib/xttcps_g.o ps7_cortexa9_0/lib/xttcps_options.o ps7_cortexa9_0/lib/xttcps_selftest
TRACE::2024-08-13.16:52:36::SCWMssOS::.o ps7_cortexa9_0/lib/xttcps_sinit.o ps7_cortexa9_0/lib/xuartps.o ps7_cortexa9_0/lib/xuartps_g.o ps7_cortexa9_0/lib/xuartps_hw.
TRACE::2024-08-13.16:52:36::SCWMssOS::o ps7_cortexa9_0/lib/xuartps_intr.o ps7_cortexa9_0/lib/xuartps_options.o ps7_cortexa9_0/lib/xuartps_selftest.o ps7_cortexa9_0/l
TRACE::2024-08-13.16:52:36::SCWMssOS::ib/xuartps_sinit.o ps7_cortexa9_0/lib/xusbps.o ps7_cortexa9_0/lib/xusbps_endpoint.o ps7_cortexa9_0/lib/xusbps_g.o ps7_cortexa9_
TRACE::2024-08-13.16:52:36::SCWMssOS::0/lib/xusbps_hw.o ps7_cortexa9_0/lib/xusbps_intr.o ps7_cortexa9_0/lib/xusbps_sinit.o

TRACE::2024-08-13.16:52:36::SCWMssOS::'Finished building libraries'

TRACE::2024-08-13.16:52:37::SCWMssOS::Copying to export directory.
TRACE::2024-08-13.16:52:38::SCWMssOS:: Checking if to create the Supporting Applications
TRACE::2024-08-13.16:52:38::SCWMssOS:: No Linux domain exists, trying to generate FSBL 
LOG::2024-08-13.16:52:38::SCWSystem::Completed Processing the domain standalone_domain
LOG::2024-08-13.16:52:38::SCWSystem::Completed Processing the sysconfig 3LFCC_3adc_platform
LOG::2024-08-13.16:52:38::SCWPlatform::Completed generating the artifacts for system configuration 3LFCC_3adc_platform
TRACE::2024-08-13.16:52:38::SCWPlatform::Started preparing the platform 
TRACE::2024-08-13.16:52:38::SCWSystem::Writing the bif file for system config 3LFCC_3adc_platform
TRACE::2024-08-13.16:52:38::SCWSystem::dir created 
TRACE::2024-08-13.16:52:38::SCWSystem::Writing the bif 
TRACE::2024-08-13.16:52:38::SCWPlatform::Started writing the spfm file 
TRACE::2024-08-13.16:52:38::SCWPlatform::Started writing the xpfm file 
TRACE::2024-08-13.16:52:38::SCWPlatform::Completed generating the platform
TRACE::2024-08-13.16:52:38::SCWMssOS::Saving the mss changes D:/Programs/Proyecto_3LFCC_Zybo/Vitis_3adc/3LFCC_3adc_platform/zynq_fsbl/zynq_fsbl_bsp/system.mss
TRACE::2024-08-13.16:52:38::SCWMssOS::Found a swdesign opened with the mssfile.
TRACE::2024-08-13.16:52:38::SCWMssOS::Completed writemss as part of save.
TRACE::2024-08-13.16:52:38::SCWMssOS::Commit changes completed.
TRACE::2024-08-13.16:52:38::SCWMssOS::Saving the mss changes D:/Programs/Proyecto_3LFCC_Zybo/Vitis_3adc/3LFCC_3adc_platform/ps7_cortexa9_0/standalone_domain/bsp/system.mss
TRACE::2024-08-13.16:52:38::SCWMssOS::Found a swdesign opened with the mssfile.
TRACE::2024-08-13.16:52:38::SCWMssOS::Completed writemss as part of save.
TRACE::2024-08-13.16:52:38::SCWMssOS::Commit changes completed.
TRACE::2024-08-13.16:52:38::SCWPlatform::Trying to open the hw design at D:/Programs/Proyecto_3LFCC_Zybo/Vitis_3adc/3LFCC_3adc_platform/hw/Design_Closed_Loop_3adc.xsa
TRACE::2024-08-13.16:52:38::SCWPlatform::DSA given D:/Programs/Proyecto_3LFCC_Zybo/Vitis_3adc/3LFCC_3adc_platform/hw/Design_Closed_Loop_3adc.xsa
TRACE::2024-08-13.16:52:38::SCWPlatform::DSA absoulate path D:/Programs/Proyecto_3LFCC_Zybo/Vitis_3adc/3LFCC_3adc_platform/hw/Design_Closed_Loop_3adc.xsa
TRACE::2024-08-13.16:52:38::SCWPlatform::DSA directory D:/Programs/Proyecto_3LFCC_Zybo/Vitis_3adc/3LFCC_3adc_platform/hw
TRACE::2024-08-13.16:52:38::SCWPlatform:: Platform Path D:/Programs/Proyecto_3LFCC_Zybo/Vitis_3adc/3LFCC_3adc_platform/hw/Design_Closed_Loop_3adc.xsa
TRACE::2024-08-13.16:52:38::SCWPlatform:: Unique name xilinx:zybo::0.0
TRACE::2024-08-13.16:52:38::SCWPlatform::Trying to set the existing hwdb with name Design_Closed_Loop_wrapper
TRACE::2024-08-13.16:52:38::SCWPlatform::Opened existing hwdb Design_Closed_Loop_wrapper
TRACE::2024-08-13.16:52:38::SCWPlatform::Found the Hw Db part of the input DSA
TRACE::2024-08-13.16:52:38::SCWMssOS::Checking the sw design at  D:/Programs/Proyecto_3LFCC_Zybo/Vitis_3adc/3LFCC_3adc_platform/zynq_fsbl/zynq_fsbl_bsp/system.mss
TRACE::2024-08-13.16:52:38::SCWMssOS::DEBUG:  swdes dump  D:/Programs/Proyecto_3LFCC_Zybo/Vitis_3adc/3LFCC_3adc_platform/ps7_cortexa9_0/standalone_domain/bsp/system.mss|system_0||
D:/Programs/Proyecto_3LFCC_Zybo/Vitis_3adc/3LFCC_3adc_platform/zynq_fsbl/zynq_fsbl_bsp/system.mss|system||

TRACE::2024-08-13.16:52:38::SCWMssOS::Sw design exists and opened at  D:/Programs/Proyecto_3LFCC_Zybo/Vitis_3adc/3LFCC_3adc_platform/zynq_fsbl/zynq_fsbl_bsp/system.mss
TRACE::2024-08-13.16:52:38::SCWPlatform::Trying to open the hw design at D:/Programs/Proyecto_3LFCC_Zybo/Vitis_3adc/3LFCC_3adc_platform/hw/Design_Closed_Loop_3adc.xsa
TRACE::2024-08-13.16:52:38::SCWPlatform::DSA given D:/Programs/Proyecto_3LFCC_Zybo/Vitis_3adc/3LFCC_3adc_platform/hw/Design_Closed_Loop_3adc.xsa
TRACE::2024-08-13.16:52:38::SCWPlatform::DSA absoulate path D:/Programs/Proyecto_3LFCC_Zybo/Vitis_3adc/3LFCC_3adc_platform/hw/Design_Closed_Loop_3adc.xsa
TRACE::2024-08-13.16:52:38::SCWPlatform::DSA directory D:/Programs/Proyecto_3LFCC_Zybo/Vitis_3adc/3LFCC_3adc_platform/hw
TRACE::2024-08-13.16:52:38::SCWPlatform:: Platform Path D:/Programs/Proyecto_3LFCC_Zybo/Vitis_3adc/3LFCC_3adc_platform/hw/Design_Closed_Loop_3adc.xsa
TRACE::2024-08-13.16:52:38::SCWPlatform:: Unique name xilinx:zybo::0.0
TRACE::2024-08-13.16:52:38::SCWPlatform::Trying to set the existing hwdb with name Design_Closed_Loop_wrapper
TRACE::2024-08-13.16:52:38::SCWPlatform::Opened existing hwdb Design_Closed_Loop_wrapper
TRACE::2024-08-13.16:52:38::SCWPlatform::Found the Hw Db part of the input DSA
TRACE::2024-08-13.16:52:38::SCWMssOS::Checking the sw design at  D:/Programs/Proyecto_3LFCC_Zybo/Vitis_3adc/3LFCC_3adc_platform/ps7_cortexa9_0/standalone_domain/bsp/system.mss
TRACE::2024-08-13.16:52:38::SCWMssOS::DEBUG:  swdes dump  D:/Programs/Proyecto_3LFCC_Zybo/Vitis_3adc/3LFCC_3adc_platform/ps7_cortexa9_0/standalone_domain/bsp/system.mss|system_0||
D:/Programs/Proyecto_3LFCC_Zybo/Vitis_3adc/3LFCC_3adc_platform/zynq_fsbl/zynq_fsbl_bsp/system.mss|system||

TRACE::2024-08-13.16:52:38::SCWMssOS::Sw design exists and opened at  D:/Programs/Proyecto_3LFCC_Zybo/Vitis_3adc/3LFCC_3adc_platform/ps7_cortexa9_0/standalone_domain/bsp/system.mss
TRACE::2024-08-13.16:52:38::SCWWriter::formatted JSON is {
	"platformName":	"3LFCC_3adc_platform",
	"sprVersion":	"2.0",
	"mode":	"gui",
	"dsaType":	"Fixed",
	"platformDesc":	"3LFCC_3adc_platform",
	"platHandOff":	"D:/Projects_Embedded/Closed_Loop/Vivado/Design_Closed_Loop_3adc.xsa",
	"platIntHandOff":	"<platformDir>/hw/Design_Closed_Loop_3adc.xsa",
	"deviceType":	"zynq",
	"platIsPrebuiltAutogen":	"false",
	"platIsNoBootBsp":	"false",
	"hasFsblMakeHasChanges":	"false",
	"hasPmufwMakeHasChanges":	"false",
	"fsblExtraCompilerFlags":	"-MMD -MP       -mcpu=cortex-a9 -mfpu=vfpv3 -mfloat-abi=hard ",
	"platPreBuiltFlag":	false,
	"platformSamplesDir":	"",
	"platActiveSys":	"3LFCC_3adc_platform",
	"systems":	[{
			"systemName":	"3LFCC_3adc_platform",
			"systemDesc":	"3LFCC_3adc_platform",
			"sysIsBootAutoGen":	"true",
			"systemDispName":	"3LFCC_3adc_platform",
			"sysActiveDom":	"standalone_domain",
			"sysDefaultDom":	"standalone_domain",
			"domains":	[{
					"domainName":	"zynq_fsbl",
					"domainDispName":	"zynq_fsbl",
					"domainDesc":	"FSBL Application BSP - Auto Generated.",
					"processors":	"ps7_cortexa9_0",
					"os":	"standalone",
					"sdxOs":	"standalone",
					"debugEnable":	"",
					"domRuntimes":	["cpp"],
					"swRepo":	"",
					"mssOsVer":	"9.0",
					"mssFile":	"",
					"md5Digest":	"ace6a4eb4a18a3154354155bb949edb7",
					"compatibleApp":	"zynq_fsbl",
					"domType":	"bootDomain",
					"arch":	"32-bit",
					"appSettings":	{
						"appCompilerFlags":	"",
						"appLinkerFlags":	""
					},
					"addedLibs":	["xilffs:5.1", "xilrsa:1.7"],
					"libOptions":	{
						"libsContainingOptions":	[]
					},
					"prebuiltLibs":	{
						"prebuiltIncPath":	[],
						"prebuiltLibPath":	[]
					},
					"isolation":	{
					}
				}, {
					"domainName":	"standalone_domain",
					"domainDispName":	"standalone on ps7_cortexa9_0",
					"domainDesc":	"standalone_domain",
					"processors":	"ps7_cortexa9_0",
					"os":	"standalone",
					"sdxOs":	"standalone",
					"qemuArgs":	"<platformDir>/resources/3LFCC_3adc_platform/standalone_domain/qemu_args.txt",
					"qemuData":	"<platformDir>/resources/3LFCC_3adc_platform/standalone_domain/qemu",
					"debugEnable":	"False",
					"domRuntimes":	["cpp"],
					"swRepo":	"",
					"mssOsVer":	"9.0",
					"mssFile":	"",
					"md5Digest":	"e42d5fb8e1321f34bbe9f9b7aa0fb81a",
					"compatibleApp":	"",
					"domType":	"mssDomain",
					"appSettings":	{
						"appCompilerFlags":	"",
						"appLinkerFlags":	""
					},
					"addedLibs":	[],
					"libOptions":	{
						"libsContainingOptions":	[]
					},
					"prebuiltLibs":	{
						"prebuiltIncPath":	[],
						"prebuiltLibPath":	[]
					},
					"isolation":	{
					}
				}]
		}]
}
KEYINFO::2024-08-13.16:52:38::SCWPlatform::updated the xpfm file.
TRACE::2024-08-13.16:52:39::SCWPlatform::Trying to open the hw design at D:/Programs/Proyecto_3LFCC_Zybo/Vitis_3adc/3LFCC_3adc_platform/hw/Design_Closed_Loop_3adc.xsa
TRACE::2024-08-13.16:52:39::SCWPlatform::DSA given D:/Programs/Proyecto_3LFCC_Zybo/Vitis_3adc/3LFCC_3adc_platform/hw/Design_Closed_Loop_3adc.xsa
TRACE::2024-08-13.16:52:39::SCWPlatform::DSA absoulate path D:/Programs/Proyecto_3LFCC_Zybo/Vitis_3adc/3LFCC_3adc_platform/hw/Design_Closed_Loop_3adc.xsa
TRACE::2024-08-13.16:52:39::SCWPlatform::DSA directory D:/Programs/Proyecto_3LFCC_Zybo/Vitis_3adc/3LFCC_3adc_platform/hw
TRACE::2024-08-13.16:52:39::SCWPlatform:: Platform Path D:/Programs/Proyecto_3LFCC_Zybo/Vitis_3adc/3LFCC_3adc_platform/hw/Design_Closed_Loop_3adc.xsa
TRACE::2024-08-13.16:52:39::SCWPlatform:: Unique name xilinx:zybo::0.0
TRACE::2024-08-13.16:52:39::SCWPlatform::Trying to set the existing hwdb with name Design_Closed_Loop_wrapper
TRACE::2024-08-13.16:52:39::SCWPlatform::Opened existing hwdb Design_Closed_Loop_wrapper
TRACE::2024-08-13.16:52:39::SCWPlatform::Found the Hw Db part of the input DSA
TRACE::2024-08-13.16:52:39::SCWMssOS::Checking the sw design at  D:/Programs/Proyecto_3LFCC_Zybo/Vitis_3adc/3LFCC_3adc_platform/ps7_cortexa9_0/standalone_domain/bsp/system.mss
TRACE::2024-08-13.16:52:39::SCWMssOS::DEBUG:  swdes dump  D:/Programs/Proyecto_3LFCC_Zybo/Vitis_3adc/3LFCC_3adc_platform/ps7_cortexa9_0/standalone_domain/bsp/system.mss|system_0||
D:/Programs/Proyecto_3LFCC_Zybo/Vitis_3adc/3LFCC_3adc_platform/zynq_fsbl/zynq_fsbl_bsp/system.mss|system||

TRACE::2024-08-13.16:52:39::SCWMssOS::Sw design exists and opened at  D:/Programs/Proyecto_3LFCC_Zybo/Vitis_3adc/3LFCC_3adc_platform/ps7_cortexa9_0/standalone_domain/bsp/system.mss
TRACE::2024-08-13.16:52:44::SCWBDomain::System Command Ran  D:&  cd  D:/Programs/Proyecto_3LFCC_Zybo/Vitis_3adc/3LFCC_3adc_platform/zynq_fsbl & make clean
TRACE::2024-08-13.16:52:45::SCWBDomain::rm -rf  sd.o  nand.o  image_mover.o  md5.o  fsbl_hooks.o  main.o  nor.o  qspi.o  rsa.o  ps7_init.o  pcap.o  fsbl_handoff.o zynq
TRACE::2024-08-13.16:52:45::SCWBDomain::_fsbl_bsp/ps7_cortexa9_0/lib/libxil.a fsbl.elf *.o

TRACE::2024-08-13.16:52:45::SCWBDomain::System Command Ran  D:&  cd  D:/Programs/Proyecto_3LFCC_Zybo/Vitis_3adc/3LFCC_3adc_platform/zynq_fsbl/zynq_fsbl_bsp & make clean
TRACE::2024-08-13.16:52:45::SCWBDomain::make -C ps7_cortexa9_0/libsrc/clk_wiz_v1_6/src -s clean 

TRACE::2024-08-13.16:52:45::SCWBDomain::make -C ps7_cortexa9_0/libsrc/coresightps_dcc_v1_9/src -s clean 

TRACE::2024-08-13.16:52:45::SCWBDomain::make -C ps7_cortexa9_0/libsrc/cpu_cortexa9_v2_12/src -s clean 

TRACE::2024-08-13.16:52:45::SCWBDomain::make -C ps7_cortexa9_0/libsrc/ddrps_v1_2/src -s clean 

TRACE::2024-08-13.16:52:45::SCWBDomain::make -C ps7_cortexa9_0/libsrc/devcfg_v3_8/src -s clean 

TRACE::2024-08-13.16:52:45::SCWBDomain::make -C ps7_cortexa9_0/libsrc/dmaps_v2_9/src -s clean 

TRACE::2024-08-13.16:52:45::SCWBDomain::make -C ps7_cortexa9_0/libsrc/emacps_v3_19/src -s clean 

TRACE::2024-08-13.16:52:45::SCWBDomain::make -C ps7_cortexa9_0/libsrc/gpiops_v3_12/src -s clean 

TRACE::2024-08-13.16:52:45::SCWBDomain::make -C ps7_cortexa9_0/libsrc/PS_to_Regs_v1_0/src -s clean 

TRACE::2024-08-13.16:52:45::SCWBDomain::make -C ps7_cortexa9_0/libsrc/qspips_v3_11/src -s clean 

TRACE::2024-08-13.16:52:46::SCWBDomain::make -C ps7_cortexa9_0/libsrc/scugic_v5_2/src -s clean 

TRACE::2024-08-13.16:52:46::SCWBDomain::make -C ps7_cortexa9_0/libsrc/scutimer_v2_5/src -s clean 

TRACE::2024-08-13.16:52:46::SCWBDomain::make -C ps7_cortexa9_0/libsrc/scuwdt_v2_5/src -s clean 

TRACE::2024-08-13.16:52:46::SCWBDomain::make -C ps7_cortexa9_0/libsrc/sdps_v4_2/src -s clean 

TRACE::2024-08-13.16:52:46::SCWBDomain::make -C ps7_cortexa9_0/libsrc/standalone_v9_0/src -s clean 

TRACE::2024-08-13.16:52:46::SCWBDomain::make -C ps7_cortexa9_0/libsrc/sysmon_v7_8/src -s clean 

TRACE::2024-08-13.16:52:47::SCWBDomain::make -C ps7_cortexa9_0/libsrc/ttcps_v3_18/src -s clean 

TRACE::2024-08-13.16:52:47::SCWBDomain::make -C ps7_cortexa9_0/libsrc/uartps_v3_13/src -s clean 

TRACE::2024-08-13.16:52:47::SCWBDomain::make -C ps7_cortexa9_0/libsrc/usbps_v2_8/src -s clean 

TRACE::2024-08-13.16:52:47::SCWBDomain::make -C ps7_cortexa9_0/libsrc/xadcps_v2_7/src -s clean 

TRACE::2024-08-13.16:52:47::SCWBDomain::make -C ps7_cortexa9_0/libsrc/xilffs_v5_1/src -s clean 

TRACE::2024-08-13.16:52:47::SCWBDomain::make -C ps7_cortexa9_0/libsrc/xilrsa_v1_7/src -s clean 

TRACE::2024-08-13.16:52:48::SCWBDomain::rm -f ps7_cortexa9_0/lib/libxil.a

TRACE::2024-08-13.16:52:48::SCWMssOS::cleaning the bsp 
TRACE::2024-08-13.16:52:48::SCWMssOS::System Command Ran  D: & cd  D:/Programs/Proyecto_3LFCC_Zybo/Vitis_3adc/3LFCC_3adc_platform/ps7_cortexa9_0/standalone_domain/bsp & make clean 
TRACE::2024-08-13.16:52:48::SCWMssOS::make -C ps7_cortexa9_0/libsrc/clk_wiz_v1_6/src -s clean 

TRACE::2024-08-13.16:52:48::SCWMssOS::make -C ps7_cortexa9_0/libsrc/coresightps_dcc_v1_9/src -s clean 

TRACE::2024-08-13.16:52:48::SCWMssOS::make -C ps7_cortexa9_0/libsrc/cpu_cortexa9_v2_12/src -s clean 

TRACE::2024-08-13.16:52:48::SCWMssOS::make -C ps7_cortexa9_0/libsrc/ddrps_v1_2/src -s clean 

TRACE::2024-08-13.16:52:48::SCWMssOS::make -C ps7_cortexa9_0/libsrc/devcfg_v3_8/src -s clean 

TRACE::2024-08-13.16:52:48::SCWMssOS::make -C ps7_cortexa9_0/libsrc/dmaps_v2_9/src -s clean 

TRACE::2024-08-13.16:52:48::SCWMssOS::make -C ps7_cortexa9_0/libsrc/emacps_v3_19/src -s clean 

TRACE::2024-08-13.16:52:48::SCWMssOS::make -C ps7_cortexa9_0/libsrc/gpiops_v3_12/src -s clean 

TRACE::2024-08-13.16:52:48::SCWMssOS::make -C ps7_cortexa9_0/libsrc/PS_to_Regs_v1_0/src -s clean 

TRACE::2024-08-13.16:52:48::SCWMssOS::make -C ps7_cortexa9_0/libsrc/qspips_v3_11/src -s clean 

TRACE::2024-08-13.16:52:49::SCWMssOS::make -C ps7_cortexa9_0/libsrc/scugic_v5_2/src -s clean 

TRACE::2024-08-13.16:52:49::SCWMssOS::make -C ps7_cortexa9_0/libsrc/scutimer_v2_5/src -s clean 

TRACE::2024-08-13.16:52:49::SCWMssOS::make -C ps7_cortexa9_0/libsrc/scuwdt_v2_5/src -s clean 

TRACE::2024-08-13.16:52:49::SCWMssOS::make -C ps7_cortexa9_0/libsrc/sdps_v4_2/src -s clean 

TRACE::2024-08-13.16:52:49::SCWMssOS::make -C ps7_cortexa9_0/libsrc/standalone_v9_0/src -s clean 

TRACE::2024-08-13.16:52:49::SCWMssOS::make -C ps7_cortexa9_0/libsrc/sysmon_v7_8/src -s clean 

TRACE::2024-08-13.16:52:50::SCWMssOS::make -C ps7_cortexa9_0/libsrc/ttcps_v3_18/src -s clean 

TRACE::2024-08-13.16:52:50::SCWMssOS::make -C ps7_cortexa9_0/libsrc/uartps_v3_13/src -s clean 

TRACE::2024-08-13.16:52:50::SCWMssOS::make -C ps7_cortexa9_0/libsrc/usbps_v2_8/src -s clean 

TRACE::2024-08-13.16:52:50::SCWMssOS::make -C ps7_cortexa9_0/libsrc/xadcps_v2_7/src -s clean 

TRACE::2024-08-13.16:52:50::SCWMssOS::rm -f ps7_cortexa9_0/lib/libxil.a

LOG::2024-08-13.16:52:59::SCWPlatform::Started generating the artifacts platform 3LFCC_3adc_platform
TRACE::2024-08-13.16:52:59::SCWPlatform::Sanity checking of platform is completed
LOG::2024-08-13.16:52:59::SCWPlatform::Started generating the artifacts for system configuration 3LFCC_3adc_platform
LOG::2024-08-13.16:52:59::SCWSystem::Checking the domain zynq_fsbl
LOG::2024-08-13.16:52:59::SCWSystem::Doing application build for :  zynq_fsbl
TRACE::2024-08-13.16:52:59::SCWBDomain::Not a forced makefile updation, No changes are present. 
TRACE::2024-08-13.16:52:59::SCWDomain::Building the domain as part of full build :  zynq_fsbl
TRACE::2024-08-13.16:52:59::SCWPlatform::Trying to open the hw design at D:/Programs/Proyecto_3LFCC_Zybo/Vitis_3adc/3LFCC_3adc_platform/hw/Design_Closed_Loop_3adc.xsa
TRACE::2024-08-13.16:52:59::SCWPlatform::DSA given D:/Programs/Proyecto_3LFCC_Zybo/Vitis_3adc/3LFCC_3adc_platform/hw/Design_Closed_Loop_3adc.xsa
TRACE::2024-08-13.16:52:59::SCWPlatform::DSA absoulate path D:/Programs/Proyecto_3LFCC_Zybo/Vitis_3adc/3LFCC_3adc_platform/hw/Design_Closed_Loop_3adc.xsa
TRACE::2024-08-13.16:52:59::SCWPlatform::DSA directory D:/Programs/Proyecto_3LFCC_Zybo/Vitis_3adc/3LFCC_3adc_platform/hw
TRACE::2024-08-13.16:52:59::SCWPlatform:: Platform Path D:/Programs/Proyecto_3LFCC_Zybo/Vitis_3adc/3LFCC_3adc_platform/hw/Design_Closed_Loop_3adc.xsa
TRACE::2024-08-13.16:52:59::SCWPlatform:: Unique name xilinx:zybo::0.0
TRACE::2024-08-13.16:52:59::SCWPlatform::Trying to set the existing hwdb with name Design_Closed_Loop_wrapper
TRACE::2024-08-13.16:52:59::SCWPlatform::Opened existing hwdb Design_Closed_Loop_wrapper
TRACE::2024-08-13.16:52:59::SCWPlatform::Found the Hw Db part of the input DSA
TRACE::2024-08-13.16:52:59::SCWMssOS::Checking the sw design at  D:/Programs/Proyecto_3LFCC_Zybo/Vitis_3adc/3LFCC_3adc_platform/zynq_fsbl/zynq_fsbl_bsp/system.mss
TRACE::2024-08-13.16:52:59::SCWMssOS::DEBUG:  swdes dump  D:/Programs/Proyecto_3LFCC_Zybo/Vitis_3adc/3LFCC_3adc_platform/ps7_cortexa9_0/standalone_domain/bsp/system.mss|system_0||
D:/Programs/Proyecto_3LFCC_Zybo/Vitis_3adc/3LFCC_3adc_platform/zynq_fsbl/zynq_fsbl_bsp/system.mss|system||

TRACE::2024-08-13.16:52:59::SCWMssOS::Sw design exists and opened at  D:/Programs/Proyecto_3LFCC_Zybo/Vitis_3adc/3LFCC_3adc_platform/zynq_fsbl/zynq_fsbl_bsp/system.mss
TRACE::2024-08-13.16:52:59::SCWBDomain::Completed writing the mss file at D:/Programs/Proyecto_3LFCC_Zybo/Vitis_3adc/3LFCC_3adc_platform/zynq_fsbl/zynq_fsbl_bsp
TRACE::2024-08-13.16:52:59::SCWBDomain::bsp generated is upto date with the mss file. Skipping bsp generation.
TRACE::2024-08-13.16:52:59::SCWBDomain::Not a forced makefile updation, No changes are present. 
TRACE::2024-08-13.16:52:59::SCWBDomain::System Command Ran  D:&  cd  D:/Programs/Proyecto_3LFCC_Zybo/Vitis_3adc/3LFCC_3adc_platform/zynq_fsbl& make -C  zynq_fsbl_bsp & make 
TRACE::2024-08-13.16:52:59::SCWBDomain::make: Entering directory 'D:/Programs/Proyecto_3LFCC_Zybo/Vitis_3adc/3LFCC_3adc_platform/zynq_fsbl/zynq_fsbl_bsp'

TRACE::2024-08-13.16:52:59::SCWBDomain::make --no-print-directory seq_libs

TRACE::2024-08-13.16:53:00::SCWBDomain::"Running Make include in ps7_cortexa9_0/libsrc/clk_wiz_v1_6/src"

TRACE::2024-08-13.16:53:00::SCWBDomain::make -C ps7_cortexa9_0/libsrc/clk_wiz_v1_6/src -s include  "SHELL=CMD" "COMPILER=arm-none-eabi-gcc" "ASSEMBLER=arm-none-eabi-as
TRACE::2024-08-13.16:53:00::SCWBDomain::" "ARCHIVER=arm-none-eabi-ar" "COMPILER_FLAGS=  -O2 -c" "EXTRA_COMPILER_FLAGS=-mcpu=cortex-a9 -mfpu=vfpv3 -mfloat-abi=hard -nos
TRACE::2024-08-13.16:53:00::SCWBDomain::tartfiles -g -Wall -Wextra -fno-tree-loop-distribute-patterns"

TRACE::2024-08-13.16:53:00::SCWBDomain::"Running Make include in ps7_cortexa9_0/libsrc/coresightps_dcc_v1_9/src"

TRACE::2024-08-13.16:53:00::SCWBDomain::make -C ps7_cortexa9_0/libsrc/coresightps_dcc_v1_9/src -s include  "SHELL=CMD" "COMPILER=arm-none-eabi-gcc" "ASSEMBLER=arm-none
TRACE::2024-08-13.16:53:00::SCWBDomain::-eabi-as" "ARCHIVER=arm-none-eabi-ar" "COMPILER_FLAGS=  -O2 -c" "EXTRA_COMPILER_FLAGS=-mcpu=cortex-a9 -mfpu=vfpv3 -mfloat-abi=h
TRACE::2024-08-13.16:53:00::SCWBDomain::ard -nostartfiles -g -Wall -Wextra -fno-tree-loop-distribute-patterns"

TRACE::2024-08-13.16:53:00::SCWBDomain::"Running Make include in ps7_cortexa9_0/libsrc/cpu_cortexa9_v2_12/src"

TRACE::2024-08-13.16:53:00::SCWBDomain::make -C ps7_cortexa9_0/libsrc/cpu_cortexa9_v2_12/src -s include  "SHELL=CMD" "COMPILER=arm-none-eabi-gcc" "ASSEMBLER=arm-none-e
TRACE::2024-08-13.16:53:00::SCWBDomain::abi-as" "ARCHIVER=arm-none-eabi-ar" "COMPILER_FLAGS=  -O2 -c" "EXTRA_COMPILER_FLAGS=-mcpu=cortex-a9 -mfpu=vfpv3 -mfloat-abi=har
TRACE::2024-08-13.16:53:00::SCWBDomain::d -nostartfiles -g -Wall -Wextra -fno-tree-loop-distribute-patterns"

TRACE::2024-08-13.16:53:00::SCWBDomain::"Running Make include in ps7_cortexa9_0/libsrc/ddrps_v1_2/src"

TRACE::2024-08-13.16:53:00::SCWBDomain::make -C ps7_cortexa9_0/libsrc/ddrps_v1_2/src -s include  "SHELL=CMD" "COMPILER=arm-none-eabi-gcc" "ASSEMBLER=arm-none-eabi-as" 
TRACE::2024-08-13.16:53:00::SCWBDomain::"ARCHIVER=arm-none-eabi-ar" "COMPILER_FLAGS=  -O2 -c" "EXTRA_COMPILER_FLAGS=-mcpu=cortex-a9 -mfpu=vfpv3 -mfloat-abi=hard -nosta
TRACE::2024-08-13.16:53:00::SCWBDomain::rtfiles -g -Wall -Wextra -fno-tree-loop-distribute-patterns"

TRACE::2024-08-13.16:53:00::SCWBDomain::"Running Make include in ps7_cortexa9_0/libsrc/devcfg_v3_8/src"

TRACE::2024-08-13.16:53:00::SCWBDomain::make -C ps7_cortexa9_0/libsrc/devcfg_v3_8/src -s include  "SHELL=CMD" "COMPILER=arm-none-eabi-gcc" "ASSEMBLER=arm-none-eabi-as"
TRACE::2024-08-13.16:53:00::SCWBDomain:: "ARCHIVER=arm-none-eabi-ar" "COMPILER_FLAGS=  -O2 -c" "EXTRA_COMPILER_FLAGS=-mcpu=cortex-a9 -mfpu=vfpv3 -mfloat-abi=hard -nost
TRACE::2024-08-13.16:53:00::SCWBDomain::artfiles -g -Wall -Wextra -fno-tree-loop-distribute-patterns"

TRACE::2024-08-13.16:53:00::SCWBDomain::"Running Make include in ps7_cortexa9_0/libsrc/dmaps_v2_9/src"

TRACE::2024-08-13.16:53:00::SCWBDomain::make -C ps7_cortexa9_0/libsrc/dmaps_v2_9/src -s include  "SHELL=CMD" "COMPILER=arm-none-eabi-gcc" "ASSEMBLER=arm-none-eabi-as" 
TRACE::2024-08-13.16:53:00::SCWBDomain::"ARCHIVER=arm-none-eabi-ar" "COMPILER_FLAGS=  -O2 -c" "EXTRA_COMPILER_FLAGS=-mcpu=cortex-a9 -mfpu=vfpv3 -mfloat-abi=hard -nosta
TRACE::2024-08-13.16:53:00::SCWBDomain::rtfiles -g -Wall -Wextra -fno-tree-loop-distribute-patterns"

TRACE::2024-08-13.16:53:00::SCWBDomain::"Running Make include in ps7_cortexa9_0/libsrc/emacps_v3_19/src"

TRACE::2024-08-13.16:53:00::SCWBDomain::make -C ps7_cortexa9_0/libsrc/emacps_v3_19/src -s include  "SHELL=CMD" "COMPILER=arm-none-eabi-gcc" "ASSEMBLER=arm-none-eabi-as
TRACE::2024-08-13.16:53:00::SCWBDomain::" "ARCHIVER=arm-none-eabi-ar" "COMPILER_FLAGS=  -O2 -c" "EXTRA_COMPILER_FLAGS=-mcpu=cortex-a9 -mfpu=vfpv3 -mfloat-abi=hard -nos
TRACE::2024-08-13.16:53:00::SCWBDomain::tartfiles -g -Wall -Wextra -fno-tree-loop-distribute-patterns"

TRACE::2024-08-13.16:53:00::SCWBDomain::"Running Make include in ps7_cortexa9_0/libsrc/gpiops_v3_12/src"

TRACE::2024-08-13.16:53:00::SCWBDomain::make -C ps7_cortexa9_0/libsrc/gpiops_v3_12/src -s include  "SHELL=CMD" "COMPILER=arm-none-eabi-gcc" "ASSEMBLER=arm-none-eabi-as
TRACE::2024-08-13.16:53:00::SCWBDomain::" "ARCHIVER=arm-none-eabi-ar" "COMPILER_FLAGS=  -O2 -c" "EXTRA_COMPILER_FLAGS=-mcpu=cortex-a9 -mfpu=vfpv3 -mfloat-abi=hard -nos
TRACE::2024-08-13.16:53:00::SCWBDomain::tartfiles -g -Wall -Wextra -fno-tree-loop-distribute-patterns"

TRACE::2024-08-13.16:53:00::SCWBDomain::"Running Make include in ps7_cortexa9_0/libsrc/PS_to_Regs_v1_0/src"

TRACE::2024-08-13.16:53:00::SCWBDomain::make -C ps7_cortexa9_0/libsrc/PS_to_Regs_v1_0/src -s include  "SHELL=CMD" "COMPILER=arm-none-eabi-gcc" "ASSEMBLER=arm-none-eabi
TRACE::2024-08-13.16:53:00::SCWBDomain::-as" "ARCHIVER=arm-none-eabi-ar" "COMPILER_FLAGS=  -O2 -c" "EXTRA_COMPILER_FLAGS=-mcpu=cortex-a9 -mfpu=vfpv3 -mfloat-abi=hard -
TRACE::2024-08-13.16:53:00::SCWBDomain::nostartfiles -g -Wall -Wextra -fno-tree-loop-distribute-patterns"

TRACE::2024-08-13.16:53:00::SCWBDomain::"Running Make include in ps7_cortexa9_0/libsrc/qspips_v3_11/src"

TRACE::2024-08-13.16:53:00::SCWBDomain::make -C ps7_cortexa9_0/libsrc/qspips_v3_11/src -s include  "SHELL=CMD" "COMPILER=arm-none-eabi-gcc" "ASSEMBLER=arm-none-eabi-as
TRACE::2024-08-13.16:53:00::SCWBDomain::" "ARCHIVER=arm-none-eabi-ar" "COMPILER_FLAGS=  -O2 -c" "EXTRA_COMPILER_FLAGS=-mcpu=cortex-a9 -mfpu=vfpv3 -mfloat-abi=hard -nos
TRACE::2024-08-13.16:53:00::SCWBDomain::tartfiles -g -Wall -Wextra -fno-tree-loop-distribute-patterns"

TRACE::2024-08-13.16:53:00::SCWBDomain::"Running Make include in ps7_cortexa9_0/libsrc/scugic_v5_2/src"

TRACE::2024-08-13.16:53:00::SCWBDomain::make -C ps7_cortexa9_0/libsrc/scugic_v5_2/src -s include  "SHELL=CMD" "COMPILER=arm-none-eabi-gcc" "ASSEMBLER=arm-none-eabi-as"
TRACE::2024-08-13.16:53:00::SCWBDomain:: "ARCHIVER=arm-none-eabi-ar" "COMPILER_FLAGS=  -O2 -c" "EXTRA_COMPILER_FLAGS=-mcpu=cortex-a9 -mfpu=vfpv3 -mfloat-abi=hard -nost
TRACE::2024-08-13.16:53:00::SCWBDomain::artfiles -g -Wall -Wextra -fno-tree-loop-distribute-patterns"

TRACE::2024-08-13.16:53:00::SCWBDomain::"Running Make include in ps7_cortexa9_0/libsrc/scutimer_v2_5/src"

TRACE::2024-08-13.16:53:00::SCWBDomain::make -C ps7_cortexa9_0/libsrc/scutimer_v2_5/src -s include  "SHELL=CMD" "COMPILER=arm-none-eabi-gcc" "ASSEMBLER=arm-none-eabi-a
TRACE::2024-08-13.16:53:00::SCWBDomain::s" "ARCHIVER=arm-none-eabi-ar" "COMPILER_FLAGS=  -O2 -c" "EXTRA_COMPILER_FLAGS=-mcpu=cortex-a9 -mfpu=vfpv3 -mfloat-abi=hard -no
TRACE::2024-08-13.16:53:00::SCWBDomain::startfiles -g -Wall -Wextra -fno-tree-loop-distribute-patterns"

TRACE::2024-08-13.16:53:00::SCWBDomain::"Running Make include in ps7_cortexa9_0/libsrc/scuwdt_v2_5/src"

TRACE::2024-08-13.16:53:00::SCWBDomain::make -C ps7_cortexa9_0/libsrc/scuwdt_v2_5/src -s include  "SHELL=CMD" "COMPILER=arm-none-eabi-gcc" "ASSEMBLER=arm-none-eabi-as"
TRACE::2024-08-13.16:53:00::SCWBDomain:: "ARCHIVER=arm-none-eabi-ar" "COMPILER_FLAGS=  -O2 -c" "EXTRA_COMPILER_FLAGS=-mcpu=cortex-a9 -mfpu=vfpv3 -mfloat-abi=hard -nost
TRACE::2024-08-13.16:53:00::SCWBDomain::artfiles -g -Wall -Wextra -fno-tree-loop-distribute-patterns"

TRACE::2024-08-13.16:53:00::SCWBDomain::"Running Make include in ps7_cortexa9_0/libsrc/sdps_v4_2/src"

TRACE::2024-08-13.16:53:00::SCWBDomain::make -C ps7_cortexa9_0/libsrc/sdps_v4_2/src -s include  "SHELL=CMD" "COMPILER=arm-none-eabi-gcc" "ASSEMBLER=arm-none-eabi-as" "
TRACE::2024-08-13.16:53:00::SCWBDomain::ARCHIVER=arm-none-eabi-ar" "COMPILER_FLAGS=  -O2 -c" "EXTRA_COMPILER_FLAGS=-mcpu=cortex-a9 -mfpu=vfpv3 -mfloat-abi=hard -nostar
TRACE::2024-08-13.16:53:00::SCWBDomain::tfiles -g -Wall -Wextra -fno-tree-loop-distribute-patterns"

TRACE::2024-08-13.16:53:01::SCWBDomain::"Running Make include in ps7_cortexa9_0/libsrc/standalone_v9_0/src"

TRACE::2024-08-13.16:53:01::SCWBDomain::make -C ps7_cortexa9_0/libsrc/standalone_v9_0/src -s include  "SHELL=CMD" "COMPILER=arm-none-eabi-gcc" "ASSEMBLER=arm-none-eabi
TRACE::2024-08-13.16:53:01::SCWBDomain::-as" "ARCHIVER=arm-none-eabi-ar" "COMPILER_FLAGS=  -O2 -c" "EXTRA_COMPILER_FLAGS=-mcpu=cortex-a9 -mfpu=vfpv3 -mfloat-abi=hard -
TRACE::2024-08-13.16:53:01::SCWBDomain::nostartfiles -g -Wall -Wextra -fno-tree-loop-distribute-patterns"

TRACE::2024-08-13.16:53:01::SCWBDomain::"Running Make include in ps7_cortexa9_0/libsrc/sysmon_v7_8/src"

TRACE::2024-08-13.16:53:01::SCWBDomain::make -C ps7_cortexa9_0/libsrc/sysmon_v7_8/src -s include  "SHELL=CMD" "COMPILER=arm-none-eabi-gcc" "ASSEMBLER=arm-none-eabi-as"
TRACE::2024-08-13.16:53:01::SCWBDomain:: "ARCHIVER=arm-none-eabi-ar" "COMPILER_FLAGS=  -O2 -c" "EXTRA_COMPILER_FLAGS=-mcpu=cortex-a9 -mfpu=vfpv3 -mfloat-abi=hard -nost
TRACE::2024-08-13.16:53:01::SCWBDomain::artfiles -g -Wall -Wextra -fno-tree-loop-distribute-patterns"

TRACE::2024-08-13.16:53:01::SCWBDomain::"Running Make include in ps7_cortexa9_0/libsrc/ttcps_v3_18/src"

TRACE::2024-08-13.16:53:01::SCWBDomain::make -C ps7_cortexa9_0/libsrc/ttcps_v3_18/src -s include  "SHELL=CMD" "COMPILER=arm-none-eabi-gcc" "ASSEMBLER=arm-none-eabi-as"
TRACE::2024-08-13.16:53:01::SCWBDomain:: "ARCHIVER=arm-none-eabi-ar" "COMPILER_FLAGS=  -O2 -c" "EXTRA_COMPILER_FLAGS=-mcpu=cortex-a9 -mfpu=vfpv3 -mfloat-abi=hard -nost
TRACE::2024-08-13.16:53:01::SCWBDomain::artfiles -g -Wall -Wextra -fno-tree-loop-distribute-patterns"

TRACE::2024-08-13.16:53:01::SCWBDomain::"Running Make include in ps7_cortexa9_0/libsrc/uartps_v3_13/src"

TRACE::2024-08-13.16:53:01::SCWBDomain::make -C ps7_cortexa9_0/libsrc/uartps_v3_13/src -s include  "SHELL=CMD" "COMPILER=arm-none-eabi-gcc" "ASSEMBLER=arm-none-eabi-as
TRACE::2024-08-13.16:53:01::SCWBDomain::" "ARCHIVER=arm-none-eabi-ar" "COMPILER_FLAGS=  -O2 -c" "EXTRA_COMPILER_FLAGS=-mcpu=cortex-a9 -mfpu=vfpv3 -mfloat-abi=hard -nos
TRACE::2024-08-13.16:53:01::SCWBDomain::tartfiles -g -Wall -Wextra -fno-tree-loop-distribute-patterns"

TRACE::2024-08-13.16:53:01::SCWBDomain::"Running Make include in ps7_cortexa9_0/libsrc/usbps_v2_8/src"

TRACE::2024-08-13.16:53:01::SCWBDomain::make -C ps7_cortexa9_0/libsrc/usbps_v2_8/src -s include  "SHELL=CMD" "COMPILER=arm-none-eabi-gcc" "ASSEMBLER=arm-none-eabi-as" 
TRACE::2024-08-13.16:53:01::SCWBDomain::"ARCHIVER=arm-none-eabi-ar" "COMPILER_FLAGS=  -O2 -c" "EXTRA_COMPILER_FLAGS=-mcpu=cortex-a9 -mfpu=vfpv3 -mfloat-abi=hard -nosta
TRACE::2024-08-13.16:53:01::SCWBDomain::rtfiles -g -Wall -Wextra -fno-tree-loop-distribute-patterns"

TRACE::2024-08-13.16:53:01::SCWBDomain::"Running Make include in ps7_cortexa9_0/libsrc/xadcps_v2_7/src"

TRACE::2024-08-13.16:53:01::SCWBDomain::make -C ps7_cortexa9_0/libsrc/xadcps_v2_7/src -s include  "SHELL=CMD" "COMPILER=arm-none-eabi-gcc" "ASSEMBLER=arm-none-eabi-as"
TRACE::2024-08-13.16:53:01::SCWBDomain:: "ARCHIVER=arm-none-eabi-ar" "COMPILER_FLAGS=  -O2 -c" "EXTRA_COMPILER_FLAGS=-mcpu=cortex-a9 -mfpu=vfpv3 -mfloat-abi=hard -nost
TRACE::2024-08-13.16:53:01::SCWBDomain::artfiles -g -Wall -Wextra -fno-tree-loop-distribute-patterns"

TRACE::2024-08-13.16:53:01::SCWBDomain::"Running Make include in ps7_cortexa9_0/libsrc/xilffs_v5_1/src"

TRACE::2024-08-13.16:53:01::SCWBDomain::make -C ps7_cortexa9_0/libsrc/xilffs_v5_1/src -s include  "SHELL=CMD" "COMPILER=arm-none-eabi-gcc" "ASSEMBLER=arm-none-eabi-as"
TRACE::2024-08-13.16:53:01::SCWBDomain:: "ARCHIVER=arm-none-eabi-ar" "COMPILER_FLAGS=  -O2 -c" "EXTRA_COMPILER_FLAGS=-mcpu=cortex-a9 -mfpu=vfpv3 -mfloat-abi=hard -nost
TRACE::2024-08-13.16:53:01::SCWBDomain::artfiles -g -Wall -Wextra -fno-tree-loop-distribute-patterns"

TRACE::2024-08-13.16:53:01::SCWBDomain::"Running Make include in ps7_cortexa9_0/libsrc/xilrsa_v1_7/src"

TRACE::2024-08-13.16:53:01::SCWBDomain::make -C ps7_cortexa9_0/libsrc/xilrsa_v1_7/src -s include  "SHELL=CMD" "COMPILER=arm-none-eabi-gcc" "ASSEMBLER=arm-none-eabi-as"
TRACE::2024-08-13.16:53:01::SCWBDomain:: "ARCHIVER=arm-none-eabi-ar" "COMPILER_FLAGS=  -O2 -c" "EXTRA_COMPILER_FLAGS=-mcpu=cortex-a9 -mfpu=vfpv3 -mfloat-abi=hard -nost
TRACE::2024-08-13.16:53:01::SCWBDomain::artfiles -g -Wall -Wextra -fno-tree-loop-distribute-patterns"

TRACE::2024-08-13.16:53:01::SCWBDomain::"Running Make libs in ps7_cortexa9_0/libsrc/PS_to_Regs_v1_0/src"

TRACE::2024-08-13.16:53:01::SCWBDomain::make -C ps7_cortexa9_0/libsrc/PS_to_Regs_v1_0/src -s libs  "SHELL=CMD" "COMPILER=arm-none-eabi-gcc" "ASSEMBLER=arm-none-eabi-as
TRACE::2024-08-13.16:53:01::SCWBDomain::" "ARCHIVER=arm-none-eabi-ar" "COMPILER_FLAGS=  -O2 -c" "EXTRA_COMPILER_FLAGS=-mcpu=cortex-a9 -mfpu=vfpv3 -mfloat-abi=hard -nos
TRACE::2024-08-13.16:53:01::SCWBDomain::tartfiles -g -Wall -Wextra -fno-tree-loop-distribute-patterns"

TRACE::2024-08-13.16:53:01::SCWBDomain::"Compiling Test_AXI..."

TRACE::2024-08-13.16:53:02::SCWBDomain::"Running Make libs in ps7_cortexa9_0/libsrc/xilrsa_v1_7/src"

TRACE::2024-08-13.16:53:02::SCWBDomain::make -C ps7_cortexa9_0/libsrc/xilrsa_v1_7/src -s libs  "SHELL=CMD" "COMPILER=arm-none-eabi-gcc" "ASSEMBLER=arm-none-eabi-as" "A
TRACE::2024-08-13.16:53:02::SCWBDomain::RCHIVER=arm-none-eabi-ar" "COMPILER_FLAGS=  -O2 -c" "EXTRA_COMPILER_FLAGS=-mcpu=cortex-a9 -mfpu=vfpv3 -mfloat-abi=hard -nostart
TRACE::2024-08-13.16:53:02::SCWBDomain::files -g -Wall -Wextra -fno-tree-loop-distribute-patterns"

TRACE::2024-08-13.16:53:02::SCWBDomain::'Finished building libraries sequentially.'

TRACE::2024-08-13.16:53:02::SCWBDomain::make -j 6 --no-print-directory par_libs

TRACE::2024-08-13.16:53:02::SCWBDomain::"Running Make include in ps7_cortexa9_0/libsrc/clk_wiz_v1_6/src"

TRACE::2024-08-13.16:53:02::SCWBDomain::make -C ps7_cortexa9_0/libsrc/clk_wiz_v1_6/src -s include  "SHELL=CMD" "COMPILER=arm-none-eabi-gcc" "ASSEMBLER=arm-none-eabi-as
TRACE::2024-08-13.16:53:02::SCWBDomain::" "ARCHIVER=arm-none-eabi-ar" "COMPILER_FLAGS=  -O2 -c" "EXTRA_COMPILER_FLAGS=-mcpu=cortex-a9 -mfpu=vfpv3 -mfloat-abi=hard -nos
TRACE::2024-08-13.16:53:02::SCWBDomain::tartfiles -g -Wall -Wextra -fno-tree-loop-distribute-patterns"

TRACE::2024-08-13.16:53:02::SCWBDomain::"Running Make include in ps7_cortexa9_0/libsrc/coresightps_dcc_v1_9/src"

TRACE::2024-08-13.16:53:02::SCWBDomain::make -C ps7_cortexa9_0/libsrc/coresightps_dcc_v1_9/src -s include  "SHELL=CMD" "COMPILER=arm-none-eabi-gcc" "ASSEMBLER=arm-none
TRACE::2024-08-13.16:53:02::SCWBDomain::-eabi-as" "ARCHIVER=arm-none-eabi-ar" "COMPILER_FLAGS=  -O2 -c" "EXTRA_COMPILER_FLAGS=-mcpu=cortex-a9 -mfpu=vfpv3 -mfloat-abi=h
TRACE::2024-08-13.16:53:02::SCWBDomain::ard -nostartfiles -g -Wall -Wextra -fno-tree-loop-distribute-patterns"

TRACE::2024-08-13.16:53:02::SCWBDomain::"Running Make include in ps7_cortexa9_0/libsrc/cpu_cortexa9_v2_12/src"

TRACE::2024-08-13.16:53:02::SCWBDomain::make -C ps7_cortexa9_0/libsrc/cpu_cortexa9_v2_12/src -s include  "SHELL=CMD" "COMPILER=arm-none-eabi-gcc" "ASSEMBLER=arm-none-e
TRACE::2024-08-13.16:53:02::SCWBDomain::abi-as" "ARCHIVER=arm-none-eabi-ar" "COMPILER_FLAGS=  -O2 -c" "EXTRA_COMPILER_FLAGS=-mcpu=cortex-a9 -mfpu=vfpv3 -mfloat-abi=har
TRACE::2024-08-13.16:53:02::SCWBDomain::d -nostartfiles -g -Wall -Wextra -fno-tree-loop-distribute-patterns"

TRACE::2024-08-13.16:53:02::SCWBDomain::"Running Make include in ps7_cortexa9_0/libsrc/ddrps_v1_2/src"

TRACE::2024-08-13.16:53:02::SCWBDomain::make -C ps7_cortexa9_0/libsrc/ddrps_v1_2/src -s include  "SHELL=CMD" "COMPILER=arm-none-eabi-gcc" "ASSEMBLER=arm-none-eabi-as" 
TRACE::2024-08-13.16:53:02::SCWBDomain::"ARCHIVER=arm-none-eabi-ar" "COMPILER_FLAGS=  -O2 -c" "EXTRA_COMPILER_FLAGS=-mcpu=cortex-a9 -mfpu=vfpv3 -mfloat-abi=hard -nosta
TRACE::2024-08-13.16:53:02::SCWBDomain::rtfiles -g -Wall -Wextra -fno-tree-loop-distribute-patterns"

TRACE::2024-08-13.16:53:02::SCWBDomain::"Running Make include in ps7_cortexa9_0/libsrc/devcfg_v3_8/src"

TRACE::2024-08-13.16:53:02::SCWBDomain::make -C ps7_cortexa9_0/libsrc/devcfg_v3_8/src -s include  "SHELL=CMD" "COMPILER=arm-none-eabi-gcc" "ASSEMBLER=arm-none-eabi-as"
TRACE::2024-08-13.16:53:02::SCWBDomain:: "ARCHIVER=arm-none-eabi-ar" "COMPILER_FLAGS=  -O2 -c" "EXTRA_COMPILER_FLAGS=-mcpu=cortex-a9 -mfpu=vfpv3 -mfloat-abi=hard -nost
TRACE::2024-08-13.16:53:02::SCWBDomain::artfiles -g -Wall -Wextra -fno-tree-loop-distribute-patterns"

TRACE::2024-08-13.16:53:02::SCWBDomain::"Running Make include in ps7_cortexa9_0/libsrc/dmaps_v2_9/src"

TRACE::2024-08-13.16:53:02::SCWBDomain::make -C ps7_cortexa9_0/libsrc/dmaps_v2_9/src -s include  "SHELL=CMD" "COMPILER=arm-none-eabi-gcc" "ASSEMBLER=arm-none-eabi-as" 
TRACE::2024-08-13.16:53:02::SCWBDomain::"ARCHIVER=arm-none-eabi-ar" "COMPILER_FLAGS=  -O2 -c" "EXTRA_COMPILER_FLAGS=-mcpu=cortex-a9 -mfpu=vfpv3 -mfloat-abi=hard -nosta
TRACE::2024-08-13.16:53:02::SCWBDomain::rtfiles -g -Wall -Wextra -fno-tree-loop-distribute-patterns"

TRACE::2024-08-13.16:53:02::SCWBDomain::"Running Make include in ps7_cortexa9_0/libsrc/emacps_v3_19/src"

TRACE::2024-08-13.16:53:02::SCWBDomain::make -C ps7_cortexa9_0/libsrc/emacps_v3_19/src -s include  "SHELL=CMD" "COMPILER=arm-none-eabi-gcc" "ASSEMBLER=arm-none-eabi-as
TRACE::2024-08-13.16:53:02::SCWBDomain::" "ARCHIVER=arm-none-eabi-ar" "COMPILER_FLAGS=  -O2 -c" "EXTRA_COMPILER_FLAGS=-mcpu=cortex-a9 -mfpu=vfpv3 -mfloat-abi=hard -nos
TRACE::2024-08-13.16:53:02::SCWBDomain::tartfiles -g -Wall -Wextra -fno-tree-loop-distribute-patterns"

TRACE::2024-08-13.16:53:02::SCWBDomain::"Running Make include in ps7_cortexa9_0/libsrc/gpiops_v3_12/src"

TRACE::2024-08-13.16:53:02::SCWBDomain::make -C ps7_cortexa9_0/libsrc/gpiops_v3_12/src -s include  "SHELL=CMD" "COMPILER=arm-none-eabi-gcc" "ASSEMBLER=arm-none-eabi-as
TRACE::2024-08-13.16:53:02::SCWBDomain::" "ARCHIVER=arm-none-eabi-ar" "COMPILER_FLAGS=  -O2 -c" "EXTRA_COMPILER_FLAGS=-mcpu=cortex-a9 -mfpu=vfpv3 -mfloat-abi=hard -nos
TRACE::2024-08-13.16:53:02::SCWBDomain::tartfiles -g -Wall -Wextra -fno-tree-loop-distribute-patterns"

TRACE::2024-08-13.16:53:02::SCWBDomain::"Running Make include in ps7_cortexa9_0/libsrc/PS_to_Regs_v1_0/src"

TRACE::2024-08-13.16:53:02::SCWBDomain::make -C ps7_cortexa9_0/libsrc/PS_to_Regs_v1_0/src -s include  "SHELL=CMD" "COMPILER=arm-none-eabi-gcc" "ASSEMBLER=arm-none-eabi
TRACE::2024-08-13.16:53:02::SCWBDomain::-as" "ARCHIVER=arm-none-eabi-ar" "COMPILER_FLAGS=  -O2 -c" "EXTRA_COMPILER_FLAGS=-mcpu=cortex-a9 -mfpu=vfpv3 -mfloat-abi=hard -
TRACE::2024-08-13.16:53:02::SCWBDomain::nostartfiles -g -Wall -Wextra -fno-tree-loop-distribute-patterns"

TRACE::2024-08-13.16:53:02::SCWBDomain::"Running Make include in ps7_cortexa9_0/libsrc/qspips_v3_11/src"

TRACE::2024-08-13.16:53:02::SCWBDomain::make -C ps7_cortexa9_0/libsrc/qspips_v3_11/src -s include  "SHELL=CMD" "COMPILER=arm-none-eabi-gcc" "ASSEMBLER=arm-none-eabi-as
TRACE::2024-08-13.16:53:02::SCWBDomain::" "ARCHIVER=arm-none-eabi-ar" "COMPILER_FLAGS=  -O2 -c" "EXTRA_COMPILER_FLAGS=-mcpu=cortex-a9 -mfpu=vfpv3 -mfloat-abi=hard -nos
TRACE::2024-08-13.16:53:02::SCWBDomain::tartfiles -g -Wall -Wextra -fno-tree-loop-distribute-patterns"

TRACE::2024-08-13.16:53:02::SCWBDomain::"Running Make include in ps7_cortexa9_0/libsrc/scugic_v5_2/src"

TRACE::2024-08-13.16:53:02::SCWBDomain::make -C ps7_cortexa9_0/libsrc/scugic_v5_2/src -s include  "SHELL=CMD" "COMPILER=arm-none-eabi-gcc" "ASSEMBLER=arm-none-eabi-as"
TRACE::2024-08-13.16:53:02::SCWBDomain:: "ARCHIVER=arm-none-eabi-ar" "COMPILER_FLAGS=  -O2 -c" "EXTRA_COMPILER_FLAGS=-mcpu=cortex-a9 -mfpu=vfpv3 -mfloat-abi=hard -nost
TRACE::2024-08-13.16:53:02::SCWBDomain::artfiles -g -Wall -Wextra -fno-tree-loop-distribute-patterns"

TRACE::2024-08-13.16:53:02::SCWBDomain::"Running Make include in ps7_cortexa9_0/libsrc/scutimer_v2_5/src"

TRACE::2024-08-13.16:53:02::SCWBDomain::make -C ps7_cortexa9_0/libsrc/scutimer_v2_5/src -s include  "SHELL=CMD" "COMPILER=arm-none-eabi-gcc" "ASSEMBLER=arm-none-eabi-a
TRACE::2024-08-13.16:53:02::SCWBDomain::s" "ARCHIVER=arm-none-eabi-ar" "COMPILER_FLAGS=  -O2 -c" "EXTRA_COMPILER_FLAGS=-mcpu=cortex-a9 -mfpu=vfpv3 -mfloat-abi=hard -no
TRACE::2024-08-13.16:53:02::SCWBDomain::startfiles -g -Wall -Wextra -fno-tree-loop-distribute-patterns"

TRACE::2024-08-13.16:53:02::SCWBDomain::"Running Make include in ps7_cortexa9_0/libsrc/scuwdt_v2_5/src"

TRACE::2024-08-13.16:53:02::SCWBDomain::make -C ps7_cortexa9_0/libsrc/scuwdt_v2_5/src -s include  "SHELL=CMD" "COMPILER=arm-none-eabi-gcc" "ASSEMBLER=arm-none-eabi-as"
TRACE::2024-08-13.16:53:02::SCWBDomain:: "ARCHIVER=arm-none-eabi-ar" "COMPILER_FLAGS=  -O2 -c" "EXTRA_COMPILER_FLAGS=-mcpu=cortex-a9 -mfpu=vfpv3 -mfloat-abi=hard -nost
TRACE::2024-08-13.16:53:02::SCWBDomain::artfiles -g -Wall -Wextra -fno-tree-loop-distribute-patterns"

TRACE::2024-08-13.16:53:02::SCWBDomain::"Running Make include in ps7_cortexa9_0/libsrc/sdps_v4_2/src"

TRACE::2024-08-13.16:53:02::SCWBDomain::make -C ps7_cortexa9_0/libsrc/sdps_v4_2/src -s include  "SHELL=CMD" "COMPILER=arm-none-eabi-gcc" "ASSEMBLER=arm-none-eabi-as" "
TRACE::2024-08-13.16:53:02::SCWBDomain::ARCHIVER=arm-none-eabi-ar" "COMPILER_FLAGS=  -O2 -c" "EXTRA_COMPILER_FLAGS=-mcpu=cortex-a9 -mfpu=vfpv3 -mfloat-abi=hard -nostar
TRACE::2024-08-13.16:53:02::SCWBDomain::tfiles -g -Wall -Wextra -fno-tree-loop-distribute-patterns"

TRACE::2024-08-13.16:53:02::SCWBDomain::"Running Make include in ps7_cortexa9_0/libsrc/standalone_v9_0/src"

TRACE::2024-08-13.16:53:02::SCWBDomain::make -C ps7_cortexa9_0/libsrc/standalone_v9_0/src -s include  "SHELL=CMD" "COMPILER=arm-none-eabi-gcc" "ASSEMBLER=arm-none-eabi
TRACE::2024-08-13.16:53:02::SCWBDomain::-as" "ARCHIVER=arm-none-eabi-ar" "COMPILER_FLAGS=  -O2 -c" "EXTRA_COMPILER_FLAGS=-mcpu=cortex-a9 -mfpu=vfpv3 -mfloat-abi=hard -
TRACE::2024-08-13.16:53:02::SCWBDomain::nostartfiles -g -Wall -Wextra -fno-tree-loop-distribute-patterns"

TRACE::2024-08-13.16:53:02::SCWBDomain::"Running Make include in ps7_cortexa9_0/libsrc/sysmon_v7_8/src"

TRACE::2024-08-13.16:53:02::SCWBDomain::make -C ps7_cortexa9_0/libsrc/sysmon_v7_8/src -s include  "SHELL=CMD" "COMPILER=arm-none-eabi-gcc" "ASSEMBLER=arm-none-eabi-as"
TRACE::2024-08-13.16:53:02::SCWBDomain:: "ARCHIVER=arm-none-eabi-ar" "COMPILER_FLAGS=  -O2 -c" "EXTRA_COMPILER_FLAGS=-mcpu=cortex-a9 -mfpu=vfpv3 -mfloat-abi=hard -nost
TRACE::2024-08-13.16:53:02::SCWBDomain::artfiles -g -Wall -Wextra -fno-tree-loop-distribute-patterns"

TRACE::2024-08-13.16:53:03::SCWBDomain::"Running Make include in ps7_cortexa9_0/libsrc/ttcps_v3_18/src"

TRACE::2024-08-13.16:53:03::SCWBDomain::make -C ps7_cortexa9_0/libsrc/ttcps_v3_18/src -s include  "SHELL=CMD" "COMPILER=arm-none-eabi-gcc" "ASSEMBLER=arm-none-eabi-as"
TRACE::2024-08-13.16:53:03::SCWBDomain:: "ARCHIVER=arm-none-eabi-ar" "COMPILER_FLAGS=  -O2 -c" "EXTRA_COMPILER_FLAGS=-mcpu=cortex-a9 -mfpu=vfpv3 -mfloat-abi=hard -nost
TRACE::2024-08-13.16:53:03::SCWBDomain::artfiles -g -Wall -Wextra -fno-tree-loop-distribute-patterns"

TRACE::2024-08-13.16:53:03::SCWBDomain::"Running Make include in ps7_cortexa9_0/libsrc/uartps_v3_13/src"

TRACE::2024-08-13.16:53:03::SCWBDomain::make -C ps7_cortexa9_0/libsrc/uartps_v3_13/src -s include  "SHELL=CMD" "COMPILER=arm-none-eabi-gcc" "ASSEMBLER=arm-none-eabi-as
TRACE::2024-08-13.16:53:03::SCWBDomain::" "ARCHIVER=arm-none-eabi-ar" "COMPILER_FLAGS=  -O2 -c" "EXTRA_COMPILER_FLAGS=-mcpu=cortex-a9 -mfpu=vfpv3 -mfloat-abi=hard -nos
TRACE::2024-08-13.16:53:03::SCWBDomain::tartfiles -g -Wall -Wextra -fno-tree-loop-distribute-patterns"

TRACE::2024-08-13.16:53:03::SCWBDomain::"Running Make include in ps7_cortexa9_0/libsrc/usbps_v2_8/src"

TRACE::2024-08-13.16:53:03::SCWBDomain::make -C ps7_cortexa9_0/libsrc/usbps_v2_8/src -s include  "SHELL=CMD" "COMPILER=arm-none-eabi-gcc" "ASSEMBLER=arm-none-eabi-as" 
TRACE::2024-08-13.16:53:03::SCWBDomain::"ARCHIVER=arm-none-eabi-ar" "COMPILER_FLAGS=  -O2 -c" "EXTRA_COMPILER_FLAGS=-mcpu=cortex-a9 -mfpu=vfpv3 -mfloat-abi=hard -nosta
TRACE::2024-08-13.16:53:03::SCWBDomain::rtfiles -g -Wall -Wextra -fno-tree-loop-distribute-patterns"

TRACE::2024-08-13.16:53:03::SCWBDomain::"Running Make include in ps7_cortexa9_0/libsrc/xadcps_v2_7/src"

TRACE::2024-08-13.16:53:03::SCWBDomain::make -C ps7_cortexa9_0/libsrc/xadcps_v2_7/src -s include  "SHELL=CMD" "COMPILER=arm-none-eabi-gcc" "ASSEMBLER=arm-none-eabi-as"
TRACE::2024-08-13.16:53:03::SCWBDomain:: "ARCHIVER=arm-none-eabi-ar" "COMPILER_FLAGS=  -O2 -c" "EXTRA_COMPILER_FLAGS=-mcpu=cortex-a9 -mfpu=vfpv3 -mfloat-abi=hard -nost
TRACE::2024-08-13.16:53:03::SCWBDomain::artfiles -g -Wall -Wextra -fno-tree-loop-distribute-patterns"

TRACE::2024-08-13.16:53:03::SCWBDomain::"Running Make include in ps7_cortexa9_0/libsrc/xilffs_v5_1/src"

TRACE::2024-08-13.16:53:03::SCWBDomain::make -C ps7_cortexa9_0/libsrc/xilffs_v5_1/src -s include  "SHELL=CMD" "COMPILER=arm-none-eabi-gcc" "ASSEMBLER=arm-none-eabi-as"
TRACE::2024-08-13.16:53:03::SCWBDomain:: "ARCHIVER=arm-none-eabi-ar" "COMPILER_FLAGS=  -O2 -c" "EXTRA_COMPILER_FLAGS=-mcpu=cortex-a9 -mfpu=vfpv3 -mfloat-abi=hard -nost
TRACE::2024-08-13.16:53:03::SCWBDomain::artfiles -g -Wall -Wextra -fno-tree-loop-distribute-patterns"

TRACE::2024-08-13.16:53:03::SCWBDomain::"Running Make include in ps7_cortexa9_0/libsrc/xilrsa_v1_7/src"

TRACE::2024-08-13.16:53:03::SCWBDomain::make -C ps7_cortexa9_0/libsrc/xilrsa_v1_7/src -s include  "SHELL=CMD" "COMPILER=arm-none-eabi-gcc" "ASSEMBLER=arm-none-eabi-as"
TRACE::2024-08-13.16:53:03::SCWBDomain:: "ARCHIVER=arm-none-eabi-ar" "COMPILER_FLAGS=  -O2 -c" "EXTRA_COMPILER_FLAGS=-mcpu=cortex-a9 -mfpu=vfpv3 -mfloat-abi=hard -nost
TRACE::2024-08-13.16:53:03::SCWBDomain::artfiles -g -Wall -Wextra -fno-tree-loop-distribute-patterns"

TRACE::2024-08-13.16:53:03::SCWBDomain::"Running Make libs in ps7_cortexa9_0/libsrc/clk_wiz_v1_6/src"

TRACE::2024-08-13.16:53:03::SCWBDomain::make -C ps7_cortexa9_0/libsrc/clk_wiz_v1_6/src -s libs  "SHELL=CMD" "COMPILER=arm-none-eabi-gcc" "ASSEMBLER=arm-none-eabi-as" "
TRACE::2024-08-13.16:53:03::SCWBDomain::ARCHIVER=arm-none-eabi-ar" "COMPILER_FLAGS=  -O2 -c" "EXTRA_COMPILER_FLAGS=-mcpu=cortex-a9 -mfpu=vfpv3 -mfloat-abi=hard -nostar
TRACE::2024-08-13.16:53:03::SCWBDomain::tfiles -g -Wall -Wextra -fno-tree-loop-distribute-patterns"

TRACE::2024-08-13.16:53:03::SCWBDomain::"Running Make libs in ps7_cortexa9_0/libsrc/coresightps_dcc_v1_9/src"

TRACE::2024-08-13.16:53:03::SCWBDomain::make -C ps7_cortexa9_0/libsrc/coresightps_dcc_v1_9/src -s libs  "SHELL=CMD" "COMPILER=arm-none-eabi-gcc" "ASSEMBLER=arm-none-ea
TRACE::2024-08-13.16:53:03::SCWBDomain::bi-as" "ARCHIVER=arm-none-eabi-ar" "COMPILER_FLAGS=  -O2 -c" "EXTRA_COMPILER_FLAGS=-mcpu=cortex-a9 -mfpu=vfpv3 -mfloat-abi=hard
TRACE::2024-08-13.16:53:03::SCWBDomain:: -nostartfiles -g -Wall -Wextra -fno-tree-loop-distribute-patterns"

TRACE::2024-08-13.16:53:03::SCWBDomain::"Running Make libs in ps7_cortexa9_0/libsrc/cpu_cortexa9_v2_12/src"

TRACE::2024-08-13.16:53:03::SCWBDomain::make -C ps7_cortexa9_0/libsrc/cpu_cortexa9_v2_12/src -s libs  "SHELL=CMD" "COMPILER=arm-none-eabi-gcc" "ASSEMBLER=arm-none-eabi
TRACE::2024-08-13.16:53:03::SCWBDomain::-as" "ARCHIVER=arm-none-eabi-ar" "COMPILER_FLAGS=  -O2 -c" "EXTRA_COMPILER_FLAGS=-mcpu=cortex-a9 -mfpu=vfpv3 -mfloat-abi=hard -
TRACE::2024-08-13.16:53:03::SCWBDomain::nostartfiles -g -Wall -Wextra -fno-tree-loop-distribute-patterns"

TRACE::2024-08-13.16:53:03::SCWBDomain::"Running Make libs in ps7_cortexa9_0/libsrc/ddrps_v1_2/src"

TRACE::2024-08-13.16:53:03::SCWBDomain::make -C ps7_cortexa9_0/libsrc/ddrps_v1_2/src -s libs  "SHELL=CMD" "COMPILER=arm-none-eabi-gcc" "ASSEMBLER=arm-none-eabi-as" "AR
TRACE::2024-08-13.16:53:03::SCWBDomain::CHIVER=arm-none-eabi-ar" "COMPILER_FLAGS=  -O2 -c" "EXTRA_COMPILER_FLAGS=-mcpu=cortex-a9 -mfpu=vfpv3 -mfloat-abi=hard -nostartf
TRACE::2024-08-13.16:53:03::SCWBDomain::iles -g -Wall -Wextra -fno-tree-loop-distribute-patterns"

TRACE::2024-08-13.16:53:03::SCWBDomain::"Running Make libs in ps7_cortexa9_0/libsrc/devcfg_v3_8/src"

TRACE::2024-08-13.16:53:03::SCWBDomain::make -C ps7_cortexa9_0/libsrc/devcfg_v3_8/src -s libs  "SHELL=CMD" "COMPILER=arm-none-eabi-gcc" "ASSEMBLER=arm-none-eabi-as" "A
TRACE::2024-08-13.16:53:03::SCWBDomain::RCHIVER=arm-none-eabi-ar" "COMPILER_FLAGS=  -O2 -c" "EXTRA_COMPILER_FLAGS=-mcpu=cortex-a9 -mfpu=vfpv3 -mfloat-abi=hard -nostart
TRACE::2024-08-13.16:53:03::SCWBDomain::files -g -Wall -Wextra -fno-tree-loop-distribute-patterns"

TRACE::2024-08-13.16:53:03::SCWBDomain::"Running Make libs in ps7_cortexa9_0/libsrc/dmaps_v2_9/src"

TRACE::2024-08-13.16:53:03::SCWBDomain::make -C ps7_cortexa9_0/libsrc/dmaps_v2_9/src -s libs  "SHELL=CMD" "COMPILER=arm-none-eabi-gcc" "ASSEMBLER=arm-none-eabi-as" "AR
TRACE::2024-08-13.16:53:03::SCWBDomain::CHIVER=arm-none-eabi-ar" "COMPILER_FLAGS=  -O2 -c" "EXTRA_COMPILER_FLAGS=-mcpu=cortex-a9 -mfpu=vfpv3 -mfloat-abi=hard -nostartf
TRACE::2024-08-13.16:53:03::SCWBDomain::iles -g -Wall -Wextra -fno-tree-loop-distribute-patterns"

TRACE::2024-08-13.16:53:04::SCWBDomain::"Running Make libs in ps7_cortexa9_0/libsrc/emacps_v3_19/src"

TRACE::2024-08-13.16:53:04::SCWBDomain::make -C ps7_cortexa9_0/libsrc/emacps_v3_19/src -s libs  "SHELL=CMD" "COMPILER=arm-none-eabi-gcc" "ASSEMBLER=arm-none-eabi-as" "
TRACE::2024-08-13.16:53:04::SCWBDomain::ARCHIVER=arm-none-eabi-ar" "COMPILER_FLAGS=  -O2 -c" "EXTRA_COMPILER_FLAGS=-mcpu=cortex-a9 -mfpu=vfpv3 -mfloat-abi=hard -nostar
TRACE::2024-08-13.16:53:04::SCWBDomain::tfiles -g -Wall -Wextra -fno-tree-loop-distribute-patterns"

TRACE::2024-08-13.16:53:04::SCWBDomain::"Running Make libs in ps7_cortexa9_0/libsrc/gpiops_v3_12/src"

TRACE::2024-08-13.16:53:04::SCWBDomain::make -C ps7_cortexa9_0/libsrc/gpiops_v3_12/src -s libs  "SHELL=CMD" "COMPILER=arm-none-eabi-gcc" "ASSEMBLER=arm-none-eabi-as" "
TRACE::2024-08-13.16:53:04::SCWBDomain::ARCHIVER=arm-none-eabi-ar" "COMPILER_FLAGS=  -O2 -c" "EXTRA_COMPILER_FLAGS=-mcpu=cortex-a9 -mfpu=vfpv3 -mfloat-abi=hard -nostar
TRACE::2024-08-13.16:53:04::SCWBDomain::tfiles -g -Wall -Wextra -fno-tree-loop-distribute-patterns"

TRACE::2024-08-13.16:53:04::SCWBDomain::"Running Make libs in ps7_cortexa9_0/libsrc/qspips_v3_11/src"

TRACE::2024-08-13.16:53:04::SCWBDomain::make -C ps7_cortexa9_0/libsrc/qspips_v3_11/src -s libs  "SHELL=CMD" "COMPILER=arm-none-eabi-gcc" "ASSEMBLER=arm-none-eabi-as" "
TRACE::2024-08-13.16:53:04::SCWBDomain::ARCHIVER=arm-none-eabi-ar" "COMPILER_FLAGS=  -O2 -c" "EXTRA_COMPILER_FLAGS=-mcpu=cortex-a9 -mfpu=vfpv3 -mfloat-abi=hard -nostar
TRACE::2024-08-13.16:53:04::SCWBDomain::tfiles -g -Wall -Wextra -fno-tree-loop-distribute-patterns"

TRACE::2024-08-13.16:53:05::SCWBDomain::"Running Make libs in ps7_cortexa9_0/libsrc/scugic_v5_2/src"

TRACE::2024-08-13.16:53:05::SCWBDomain::make -C ps7_cortexa9_0/libsrc/scugic_v5_2/src -s libs  "SHELL=CMD" "COMPILER=arm-none-eabi-gcc" "ASSEMBLER=arm-none-eabi-as" "A
TRACE::2024-08-13.16:53:05::SCWBDomain::RCHIVER=arm-none-eabi-ar" "COMPILER_FLAGS=  -O2 -c" "EXTRA_COMPILER_FLAGS=-mcpu=cortex-a9 -mfpu=vfpv3 -mfloat-abi=hard -nostart
TRACE::2024-08-13.16:53:05::SCWBDomain::files -g -Wall -Wextra -fno-tree-loop-distribute-patterns"

TRACE::2024-08-13.16:53:05::SCWBDomain::"Running Make libs in ps7_cortexa9_0/libsrc/scutimer_v2_5/src"

TRACE::2024-08-13.16:53:05::SCWBDomain::make -C ps7_cortexa9_0/libsrc/scutimer_v2_5/src -s libs  "SHELL=CMD" "COMPILER=arm-none-eabi-gcc" "ASSEMBLER=arm-none-eabi-as" 
TRACE::2024-08-13.16:53:05::SCWBDomain::"ARCHIVER=arm-none-eabi-ar" "COMPILER_FLAGS=  -O2 -c" "EXTRA_COMPILER_FLAGS=-mcpu=cortex-a9 -mfpu=vfpv3 -mfloat-abi=hard -nosta
TRACE::2024-08-13.16:53:05::SCWBDomain::rtfiles -g -Wall -Wextra -fno-tree-loop-distribute-patterns"

TRACE::2024-08-13.16:53:06::SCWBDomain::"Running Make libs in ps7_cortexa9_0/libsrc/scuwdt_v2_5/src"

TRACE::2024-08-13.16:53:06::SCWBDomain::make -C ps7_cortexa9_0/libsrc/scuwdt_v2_5/src -s libs  "SHELL=CMD" "COMPILER=arm-none-eabi-gcc" "ASSEMBLER=arm-none-eabi-as" "A
TRACE::2024-08-13.16:53:06::SCWBDomain::RCHIVER=arm-none-eabi-ar" "COMPILER_FLAGS=  -O2 -c" "EXTRA_COMPILER_FLAGS=-mcpu=cortex-a9 -mfpu=vfpv3 -mfloat-abi=hard -nostart
TRACE::2024-08-13.16:53:06::SCWBDomain::files -g -Wall -Wextra -fno-tree-loop-distribute-patterns"

TRACE::2024-08-13.16:53:07::SCWBDomain::"Running Make libs in ps7_cortexa9_0/libsrc/sdps_v4_2/src"

TRACE::2024-08-13.16:53:07::SCWBDomain::make -C ps7_cortexa9_0/libsrc/sdps_v4_2/src -s libs  "SHELL=CMD" "COMPILER=arm-none-eabi-gcc" "ASSEMBLER=arm-none-eabi-as" "ARC
TRACE::2024-08-13.16:53:07::SCWBDomain::HIVER=arm-none-eabi-ar" "COMPILER_FLAGS=  -O2 -c" "EXTRA_COMPILER_FLAGS=-mcpu=cortex-a9 -mfpu=vfpv3 -mfloat-abi=hard -nostartfi
TRACE::2024-08-13.16:53:07::SCWBDomain::les -g -Wall -Wextra -fno-tree-loop-distribute-patterns"

TRACE::2024-08-13.16:53:07::SCWBDomain::"Running Make libs in ps7_cortexa9_0/libsrc/standalone_v9_0/src"

TRACE::2024-08-13.16:53:07::SCWBDomain::make -C ps7_cortexa9_0/libsrc/standalone_v9_0/src -s libs  "SHELL=CMD" "COMPILER=arm-none-eabi-gcc" "ASSEMBLER=arm-none-eabi-as
TRACE::2024-08-13.16:53:07::SCWBDomain::" "ARCHIVER=arm-none-eabi-ar" "COMPILER_FLAGS=  -O2 -c" "EXTRA_COMPILER_FLAGS=-mcpu=cortex-a9 -mfpu=vfpv3 -mfloat-abi=hard -nos
TRACE::2024-08-13.16:53:07::SCWBDomain::tartfiles -g -Wall -Wextra -fno-tree-loop-distribute-patterns"

TRACE::2024-08-13.16:53:07::SCWBDomain::"Running Make libs in ps7_cortexa9_0/libsrc/sysmon_v7_8/src"

TRACE::2024-08-13.16:53:07::SCWBDomain::make -C ps7_cortexa9_0/libsrc/sysmon_v7_8/src -s libs  "SHELL=CMD" "COMPILER=arm-none-eabi-gcc" "ASSEMBLER=arm-none-eabi-as" "A
TRACE::2024-08-13.16:53:07::SCWBDomain::RCHIVER=arm-none-eabi-ar" "COMPILER_FLAGS=  -O2 -c" "EXTRA_COMPILER_FLAGS=-mcpu=cortex-a9 -mfpu=vfpv3 -mfloat-abi=hard -nostart
TRACE::2024-08-13.16:53:07::SCWBDomain::files -g -Wall -Wextra -fno-tree-loop-distribute-patterns"

TRACE::2024-08-13.16:53:07::SCWBDomain::"Running Make libs in ps7_cortexa9_0/libsrc/ttcps_v3_18/src"

TRACE::2024-08-13.16:53:07::SCWBDomain::make -C ps7_cortexa9_0/libsrc/ttcps_v3_18/src -s libs  "SHELL=CMD" "COMPILER=arm-none-eabi-gcc" "ASSEMBLER=arm-none-eabi-as" "A
TRACE::2024-08-13.16:53:07::SCWBDomain::RCHIVER=arm-none-eabi-ar" "COMPILER_FLAGS=  -O2 -c" "EXTRA_COMPILER_FLAGS=-mcpu=cortex-a9 -mfpu=vfpv3 -mfloat-abi=hard -nostart
TRACE::2024-08-13.16:53:07::SCWBDomain::files -g -Wall -Wextra -fno-tree-loop-distribute-patterns"

TRACE::2024-08-13.16:53:07::SCWBDomain::"Running Make libs in ps7_cortexa9_0/libsrc/uartps_v3_13/src"

TRACE::2024-08-13.16:53:07::SCWBDomain::make -C ps7_cortexa9_0/libsrc/uartps_v3_13/src -s libs  "SHELL=CMD" "COMPILER=arm-none-eabi-gcc" "ASSEMBLER=arm-none-eabi-as" "
TRACE::2024-08-13.16:53:07::SCWBDomain::ARCHIVER=arm-none-eabi-ar" "COMPILER_FLAGS=  -O2 -c" "EXTRA_COMPILER_FLAGS=-mcpu=cortex-a9 -mfpu=vfpv3 -mfloat-abi=hard -nostar
TRACE::2024-08-13.16:53:07::SCWBDomain::tfiles -g -Wall -Wextra -fno-tree-loop-distribute-patterns"

TRACE::2024-08-13.16:53:08::SCWBDomain::"Running Make libs in ps7_cortexa9_0/libsrc/usbps_v2_8/src"

TRACE::2024-08-13.16:53:08::SCWBDomain::make -C ps7_cortexa9_0/libsrc/usbps_v2_8/src -s libs  "SHELL=CMD" "COMPILER=arm-none-eabi-gcc" "ASSEMBLER=arm-none-eabi-as" "AR
TRACE::2024-08-13.16:53:08::SCWBDomain::CHIVER=arm-none-eabi-ar" "COMPILER_FLAGS=  -O2 -c" "EXTRA_COMPILER_FLAGS=-mcpu=cortex-a9 -mfpu=vfpv3 -mfloat-abi=hard -nostartf
TRACE::2024-08-13.16:53:08::SCWBDomain::iles -g -Wall -Wextra -fno-tree-loop-distribute-patterns"

TRACE::2024-08-13.16:53:08::SCWBDomain::"Running Make libs in ps7_cortexa9_0/libsrc/xadcps_v2_7/src"

TRACE::2024-08-13.16:53:08::SCWBDomain::make -C ps7_cortexa9_0/libsrc/xadcps_v2_7/src -s libs  "SHELL=CMD" "COMPILER=arm-none-eabi-gcc" "ASSEMBLER=arm-none-eabi-as" "A
TRACE::2024-08-13.16:53:08::SCWBDomain::RCHIVER=arm-none-eabi-ar" "COMPILER_FLAGS=  -O2 -c" "EXTRA_COMPILER_FLAGS=-mcpu=cortex-a9 -mfpu=vfpv3 -mfloat-abi=hard -nostart
TRACE::2024-08-13.16:53:08::SCWBDomain::files -g -Wall -Wextra -fno-tree-loop-distribute-patterns"

TRACE::2024-08-13.16:53:09::SCWBDomain::"Running Make libs in ps7_cortexa9_0/libsrc/xilffs_v5_1/src"

TRACE::2024-08-13.16:53:09::SCWBDomain::make -C ps7_cortexa9_0/libsrc/xilffs_v5_1/src -s libs  "SHELL=CMD" "COMPILER=arm-none-eabi-gcc" "ASSEMBLER=arm-none-eabi-as" "A
TRACE::2024-08-13.16:53:09::SCWBDomain::RCHIVER=arm-none-eabi-ar" "COMPILER_FLAGS=  -O2 -c" "EXTRA_COMPILER_FLAGS=-mcpu=cortex-a9 -mfpu=vfpv3 -mfloat-abi=hard -nostart
TRACE::2024-08-13.16:53:09::SCWBDomain::files -g -Wall -Wextra -fno-tree-loop-distribute-patterns"

TRACE::2024-08-13.16:53:12::SCWBDomain::'Finished building libraries parallelly.'

TRACE::2024-08-13.16:53:12::SCWBDomain::make --no-print-directory archive

TRACE::2024-08-13.16:53:12::SCWBDomain::arm-none-eabi-ar -r  ps7_cortexa9_0/lib/libxil.a ps7_cortexa9_0/lib/_exit.o ps7_cortexa9_0/lib/_open.o ps7_cortexa9_0/lib/_sbrk
TRACE::2024-08-13.16:53:12::SCWBDomain::.o ps7_cortexa9_0/lib/abort.o ps7_cortexa9_0/lib/asm_vectors.o ps7_cortexa9_0/lib/boot.o ps7_cortexa9_0/lib/close.o ps7_cortexa
TRACE::2024-08-13.16:53:12::SCWBDomain::9_0/lib/cpputest_time.o ps7_cortexa9_0/lib/cpu_init.o ps7_cortexa9_0/lib/errno.o ps7_cortexa9_0/lib/fcntl.o ps7_cortexa9_0/lib/
TRACE::2024-08-13.16:53:12::SCWBDomain::fstat.o ps7_cortexa9_0/lib/getentropy.o ps7_cortexa9_0/lib/getpid.o ps7_cortexa9_0/lib/inbyte.o ps7_cortexa9_0/lib/isatty.o ps7
TRACE::2024-08-13.16:53:12::SCWBDomain::_cortexa9_0/lib/kill.o ps7_cortexa9_0/lib/lseek.o ps7_cortexa9_0/lib/open.o ps7_cortexa9_0/lib/outbyte.o ps7_cortexa9_0/lib/pri
TRACE::2024-08-13.16:53:12::SCWBDomain::nt.o ps7_cortexa9_0/lib/putnum.o ps7_cortexa9_0/lib/read.o ps7_cortexa9_0/lib/sbrk.o ps7_cortexa9_0/lib/sleep.o ps7_cortexa9_0/
TRACE::2024-08-13.16:53:12::SCWBDomain::lib/time.o ps7_cortexa9_0/lib/translation_table.o ps7_cortexa9_0/lib/unlink.o ps7_cortexa9_0/lib/usleep.o ps7_cortexa9_0/lib/ve
TRACE::2024-08-13.16:53:12::SCWBDomain::ctors.o ps7_cortexa9_0/lib/write.o ps7_cortexa9_0/lib/xadcps.o ps7_cortexa9_0/lib/xadcps_g.o ps7_cortexa9_0/lib/xadcps_intr.o p
TRACE::2024-08-13.16:53:12::SCWBDomain::s7_cortexa9_0/lib/xadcps_selftest.o ps7_cortexa9_0/lib/xadcps_sinit.o ps7_cortexa9_0/lib/xclk_wiz.o ps7_cortexa9_0/lib/xclk_wiz
TRACE::2024-08-13.16:53:12::SCWBDomain::_g.o ps7_cortexa9_0/lib/xclk_wiz_intr.o ps7_cortexa9_0/lib/xclk_wiz_sinit.o ps7_cortexa9_0/lib/xcoresightpsdcc.o ps7_cortexa9_0
TRACE::2024-08-13.16:53:12::SCWBDomain::/lib/xdevcfg.o ps7_cortexa9_0/lib/xdevcfg_g.o ps7_cortexa9_0/lib/xdevcfg_hw.o ps7_cortexa9_0/lib/xdevcfg_intr.o ps7_cortexa9_0/
TRACE::2024-08-13.16:53:12::SCWBDomain::lib/xdevcfg_selftest.o ps7_cortexa9_0/lib/xdevcfg_sinit.o ps7_cortexa9_0/lib/xdmaps.o ps7_cortexa9_0/lib/xdmaps_g.o ps7_cortexa
TRACE::2024-08-13.16:53:12::SCWBDomain::9_0/lib/xdmaps_hw.o ps7_cortexa9_0/lib/xdmaps_selftest.o ps7_cortexa9_0/lib/xdmaps_sinit.o ps7_cortexa9_0/lib/xemacps.o ps7_cor
TRACE::2024-08-13.16:53:12::SCWBDomain::texa9_0/lib/xemacps_bdring.o ps7_cortexa9_0/lib/xemacps_control.o ps7_cortexa9_0/lib/xemacps_g.o ps7_cortexa9_0/lib/xemacps_hw.
TRACE::2024-08-13.16:53:12::SCWBDomain::o ps7_cortexa9_0/lib/xemacps_intr.o ps7_cortexa9_0/lib/xemacps_sinit.o ps7_cortexa9_0/lib/xgpiops.o ps7_cortexa9_0/lib/xgpiops_
TRACE::2024-08-13.16:53:12::SCWBDomain::g.o ps7_cortexa9_0/lib/xgpiops_hw.o ps7_cortexa9_0/lib/xgpiops_intr.o ps7_cortexa9_0/lib/xgpiops_selftest.o ps7_cortexa9_0/lib/
TRACE::2024-08-13.16:53:12::SCWBDomain::xgpiops_sinit.o ps7_cortexa9_0/lib/xil-crt0.o ps7_cortexa9_0/lib/xil_assert.o ps7_cortexa9_0/lib/xil_cache.o ps7_cortexa9_0/lib
TRACE::2024-08-13.16:53:12::SCWBDomain::/xil_clocking.o ps7_cortexa9_0/lib/xil_exception.o ps7_cortexa9_0/lib/xil_mem.o ps7_cortexa9_0/lib/xil_misc_psreset_api.o ps7_c
TRACE::2024-08-13.16:53:12::SCWBDomain::ortexa9_0/lib/xil_mmu.o ps7_cortexa9_0/lib/xil_printf.o ps7_cortexa9_0/lib/xil_sleepcommon.o ps7_cortexa9_0/lib/xil_sleeptimer.
TRACE::2024-08-13.16:53:12::SCWBDomain::o ps7_cortexa9_0/lib/xil_spinlock.o ps7_cortexa9_0/lib/xil_testcache.o ps7_cortexa9_0/lib/xil_testio.o ps7_cortexa9_0/lib/xil_t
TRACE::2024-08-13.16:53:12::SCWBDomain::estmem.o ps7_cortexa9_0/lib/xil_util.o ps7_cortexa9_0/lib/xinterrupt_wrap.o ps7_cortexa9_0/lib/xl2cc_counter.o ps7_cortexa9_0/l
TRACE::2024-08-13.16:53:12::SCWBDomain::ib/xplatform_info.o ps7_cortexa9_0/lib/xpm_counter.o ps7_cortexa9_0/lib/xpm_init.o ps7_cortexa9_0/lib/xqspips.o ps7_cortexa9_0/
TRACE::2024-08-13.16:53:12::SCWBDomain::lib/xqspips_g.o ps7_cortexa9_0/lib/xqspips_hw.o ps7_cortexa9_0/lib/xqspips_options.o ps7_cortexa9_0/lib/xqspips_selftest.o ps7_
TRACE::2024-08-13.16:53:12::SCWBDomain::cortexa9_0/lib/xqspips_sinit.o ps7_cortexa9_0/lib/xscugic.o ps7_cortexa9_0/lib/xscugic_g.o ps7_cortexa9_0/lib/xscugic_hw.o ps7_
TRACE::2024-08-13.16:53:12::SCWBDomain::cortexa9_0/lib/xscugic_intr.o ps7_cortexa9_0/lib/xscugic_selftest.o ps7_cortexa9_0/lib/xscugic_sinit.o ps7_cortexa9_0/lib/xscut
TRACE::2024-08-13.16:53:12::SCWBDomain::imer.o ps7_cortexa9_0/lib/xscutimer_g.o ps7_cortexa9_0/lib/xscutimer_selftest.o ps7_cortexa9_0/lib/xscutimer_sinit.o ps7_cortex
TRACE::2024-08-13.16:53:12::SCWBDomain::a9_0/lib/xscuwdt.o ps7_cortexa9_0/lib/xscuwdt_g.o ps7_cortexa9_0/lib/xscuwdt_selftest.o ps7_cortexa9_0/lib/xscuwdt_sinit.o ps7_
TRACE::2024-08-13.16:53:12::SCWBDomain::cortexa9_0/lib/xsdps.o ps7_cortexa9_0/lib/xsdps_card.o ps7_cortexa9_0/lib/xsdps_g.o ps7_cortexa9_0/lib/xsdps_host.o ps7_cortexa
TRACE::2024-08-13.16:53:12::SCWBDomain::9_0/lib/xsdps_options.o ps7_cortexa9_0/lib/xsdps_sinit.o ps7_cortexa9_0/lib/xsysmon.o ps7_cortexa9_0/lib/xsysmon_g.o ps7_cortex
TRACE::2024-08-13.16:53:12::SCWBDomain::a9_0/lib/xsysmon_intr.o ps7_cortexa9_0/lib/xsysmon_selftest.o ps7_cortexa9_0/lib/xsysmon_sinit.o ps7_cortexa9_0/lib/xtime_l.o p
TRACE::2024-08-13.16:53:12::SCWBDomain::s7_cortexa9_0/lib/xttcps.o ps7_cortexa9_0/lib/xttcps_g.o ps7_cortexa9_0/lib/xttcps_options.o ps7_cortexa9_0/lib/xttcps_selftest
TRACE::2024-08-13.16:53:12::SCWBDomain::.o ps7_cortexa9_0/lib/xttcps_sinit.o ps7_cortexa9_0/lib/xuartps.o ps7_cortexa9_0/lib/xuartps_g.o ps7_cortexa9_0/lib/xuartps_hw.
TRACE::2024-08-13.16:53:12::SCWBDomain::o ps7_cortexa9_0/lib/xuartps_intr.o ps7_cortexa9_0/lib/xuartps_options.o ps7_cortexa9_0/lib/xuartps_selftest.o ps7_cortexa9_0/l
TRACE::2024-08-13.16:53:12::SCWBDomain::ib/xuartps_sinit.o ps7_cortexa9_0/lib/xusbps.o ps7_cortexa9_0/lib/xusbps_endpoint.o ps7_cortexa9_0/lib/xusbps_g.o ps7_cortexa9_
TRACE::2024-08-13.16:53:12::SCWBDomain::0/lib/xusbps_hw.o ps7_cortexa9_0/lib/xusbps_intr.o ps7_cortexa9_0/lib/xusbps_sinit.o

TRACE::2024-08-13.16:53:13::SCWBDomain::'Finished building libraries'

TRACE::2024-08-13.16:53:13::SCWBDomain::make: Leaving directory 'D:/Programs/Proyecto_3LFCC_Zybo/Vitis_3adc/3LFCC_3adc_platform/zynq_fsbl/zynq_fsbl_bsp'

TRACE::2024-08-13.16:53:13::SCWBDomain::arm-none-eabi-gcc  -O2 -c -MMD -MP       -mcpu=cortex-a9 -mfpu=vfpv3 -mfloat-abi=hard  -c sd.c -o sd.o -Izynq_fsbl_bsp/ps7_cort
TRACE::2024-08-13.16:53:13::SCWBDomain::exa9_0/include -I.

TRACE::2024-08-13.16:53:13::SCWBDomain::arm-none-eabi-gcc  -O2 -c -MMD -MP       -mcpu=cortex-a9 -mfpu=vfpv3 -mfloat-abi=hard  -c nand.c -o nand.o -Izynq_fsbl_bsp/ps7_
TRACE::2024-08-13.16:53:13::SCWBDomain::cortexa9_0/include -I.

TRACE::2024-08-13.16:53:13::SCWBDomain::arm-none-eabi-gcc  -O2 -c -MMD -MP       -mcpu=cortex-a9 -mfpu=vfpv3 -mfloat-abi=hard  -c image_mover.c -o image_mover.o -Izynq
TRACE::2024-08-13.16:53:13::SCWBDomain::_fsbl_bsp/ps7_cortexa9_0/include -I.

TRACE::2024-08-13.16:53:13::SCWBDomain::arm-none-eabi-gcc  -O2 -c -MMD -MP       -mcpu=cortex-a9 -mfpu=vfpv3 -mfloat-abi=hard  -c md5.c -o md5.o -Izynq_fsbl_bsp/ps7_co
TRACE::2024-08-13.16:53:13::SCWBDomain::rtexa9_0/include -I.

TRACE::2024-08-13.16:53:14::SCWBDomain::arm-none-eabi-gcc  -O2 -c -MMD -MP       -mcpu=cortex-a9 -mfpu=vfpv3 -mfloat-abi=hard  -c fsbl_hooks.c -o fsbl_hooks.o -Izynq_f
TRACE::2024-08-13.16:53:14::SCWBDomain::sbl_bsp/ps7_cortexa9_0/include -I.

TRACE::2024-08-13.16:53:14::SCWBDomain::arm-none-eabi-gcc  -O2 -c -MMD -MP       -mcpu=cortex-a9 -mfpu=vfpv3 -mfloat-abi=hard  -c main.c -o main.o -Izynq_fsbl_bsp/ps7_
TRACE::2024-08-13.16:53:14::SCWBDomain::cortexa9_0/include -I.

TRACE::2024-08-13.16:53:14::SCWBDomain::arm-none-eabi-gcc  -O2 -c -MMD -MP       -mcpu=cortex-a9 -mfpu=vfpv3 -mfloat-abi=hard  -c rsa.c -o rsa.o -Izynq_fsbl_bsp/ps7_co
TRACE::2024-08-13.16:53:14::SCWBDomain::rtexa9_0/include -I.

TRACE::2024-08-13.16:53:14::SCWBDomain::arm-none-eabi-gcc  -O2 -c -MMD -MP       -mcpu=cortex-a9 -mfpu=vfpv3 -mfloat-abi=hard  -c nor.c -o nor.o -Izynq_fsbl_bsp/ps7_co
TRACE::2024-08-13.16:53:14::SCWBDomain::rtexa9_0/include -I.

TRACE::2024-08-13.16:53:14::SCWBDomain::arm-none-eabi-gcc  -O2 -c -MMD -MP       -mcpu=cortex-a9 -mfpu=vfpv3 -mfloat-abi=hard  -c qspi.c -o qspi.o -Izynq_fsbl_bsp/ps7_
TRACE::2024-08-13.16:53:14::SCWBDomain::cortexa9_0/include -I.

TRACE::2024-08-13.16:53:14::SCWBDomain::arm-none-eabi-gcc  -O2 -c -MMD -MP       -mcpu=cortex-a9 -mfpu=vfpv3 -mfloat-abi=hard  -c ps7_init.c -o ps7_init.o -Izynq_fsbl_
TRACE::2024-08-13.16:53:14::SCWBDomain::bsp/ps7_cortexa9_0/include -I.

TRACE::2024-08-13.16:53:15::SCWBDomain::arm-none-eabi-gcc  -O2 -c -MMD -MP       -mcpu=cortex-a9 -mfpu=vfpv3 -mfloat-abi=hard  -c pcap.c -o pcap.o -Izynq_fsbl_bsp/ps7_
TRACE::2024-08-13.16:53:15::SCWBDomain::cortexa9_0/include -I.

TRACE::2024-08-13.16:53:15::SCWBDomain::arm-none-eabi-gcc  -O2 -c -MMD -MP       -mcpu=cortex-a9 -mfpu=vfpv3 -mfloat-abi=hard  -c fsbl_handoff.S -o fsbl_handoff.o -Izy
TRACE::2024-08-13.16:53:15::SCWBDomain::nq_fsbl_bsp/ps7_cortexa9_0/include -I.

TRACE::2024-08-13.16:53:15::SCWBDomain::arm-none-eabi-gcc -o fsbl.elf fsbl_handoff.o fsbl_hooks.o image_mover.o main.o md5.o nand.o nor.o pcap.o ps7_init.o qspi.o rsa.
TRACE::2024-08-13.16:53:15::SCWBDomain::o sd.o -MMD -MP       -mcpu=cortex-a9 -mfpu=vfpv3 -mfloat-abi=hard   -mcpu=cortex-a9 -mfpu=vfpv3 -mfloat-abi=hard -Wl,-build-id
TRACE::2024-08-13.16:53:15::SCWBDomain::=none -specs=Xilinx.spec  -lrsa -Wl,--start-group,-lxil,-lgcc,-lc,--end-group -Wl,--start-group,-lxilffs,-lxil,-lgcc,-lc,--end-
TRACE::2024-08-13.16:53:15::SCWBDomain::group -Wl,--start-group,-lrsa,-lxil,-lgcc,-lc,--end-group                                       -Wl,--gc-sections -Lzynq_fsbl_b
TRACE::2024-08-13.16:53:15::SCWBDomain::sp/ps7_cortexa9_0/lib -L./ -Tlscript.ld

LOG::2024-08-13.16:53:15::SCWSystem::Checking the domain standalone_domain
LOG::2024-08-13.16:53:15::SCWSystem::Not a boot domain 
LOG::2024-08-13.16:53:15::SCWSystem::Started Processing the domain standalone_domain
TRACE::2024-08-13.16:53:15::SCWDomain::Generating domain artifcats
TRACE::2024-08-13.16:53:15::SCWMssOS::Generating standalone artifcats
TRACE::2024-08-13.16:53:15::SCWMssOS::Copying the qemu file from  D:/Programs/Proyecto_3LFCC_Zybo/Vitis_3adc/3LFCC_3adc_platform/resources/3LFCC_3adc_platform/standalone_domain/qemu_args.txt To D:/Programs/Proyecto_3LFCC_Zybo/Vitis_3adc/3LFCC_3adc_platform/export/3LFCC_3adc_platform/sw/3LFCC_3adc_platform/qemu/
TRACE::2024-08-13.16:53:15::SCWMssOS::Copying the qemu file from  D:/Programs/Proyecto_3LFCC_Zybo/Vitis_3adc/3LFCC_3adc_platform/resources/3LFCC_3adc_platform/standalone_domain/qemu_args.txt To D:/Programs/Proyecto_3LFCC_Zybo/Vitis_3adc/3LFCC_3adc_platform/export/3LFCC_3adc_platform/sw/3LFCC_3adc_platform/standalone_domain/qemu/
TRACE::2024-08-13.16:53:15::SCWMssOS:: Copying the user libraries. 
TRACE::2024-08-13.16:53:15::SCWPlatform::Trying to open the hw design at D:/Programs/Proyecto_3LFCC_Zybo/Vitis_3adc/3LFCC_3adc_platform/hw/Design_Closed_Loop_3adc.xsa
TRACE::2024-08-13.16:53:15::SCWPlatform::DSA given D:/Programs/Proyecto_3LFCC_Zybo/Vitis_3adc/3LFCC_3adc_platform/hw/Design_Closed_Loop_3adc.xsa
TRACE::2024-08-13.16:53:15::SCWPlatform::DSA absoulate path D:/Programs/Proyecto_3LFCC_Zybo/Vitis_3adc/3LFCC_3adc_platform/hw/Design_Closed_Loop_3adc.xsa
TRACE::2024-08-13.16:53:15::SCWPlatform::DSA directory D:/Programs/Proyecto_3LFCC_Zybo/Vitis_3adc/3LFCC_3adc_platform/hw
TRACE::2024-08-13.16:53:15::SCWPlatform:: Platform Path D:/Programs/Proyecto_3LFCC_Zybo/Vitis_3adc/3LFCC_3adc_platform/hw/Design_Closed_Loop_3adc.xsa
TRACE::2024-08-13.16:53:15::SCWPlatform:: Unique name xilinx:zybo::0.0
TRACE::2024-08-13.16:53:15::SCWPlatform::Trying to set the existing hwdb with name Design_Closed_Loop_wrapper
TRACE::2024-08-13.16:53:15::SCWPlatform::Opened existing hwdb Design_Closed_Loop_wrapper
TRACE::2024-08-13.16:53:15::SCWPlatform::Found the Hw Db part of the input DSA
TRACE::2024-08-13.16:53:15::SCWMssOS::Checking the sw design at  D:/Programs/Proyecto_3LFCC_Zybo/Vitis_3adc/3LFCC_3adc_platform/ps7_cortexa9_0/standalone_domain/bsp/system.mss
TRACE::2024-08-13.16:53:15::SCWMssOS::DEBUG:  swdes dump  D:/Programs/Proyecto_3LFCC_Zybo/Vitis_3adc/3LFCC_3adc_platform/ps7_cortexa9_0/standalone_domain/bsp/system.mss|system_0||
D:/Programs/Proyecto_3LFCC_Zybo/Vitis_3adc/3LFCC_3adc_platform/zynq_fsbl/zynq_fsbl_bsp/system.mss|system||

TRACE::2024-08-13.16:53:15::SCWMssOS::Sw design exists and opened at  D:/Programs/Proyecto_3LFCC_Zybo/Vitis_3adc/3LFCC_3adc_platform/ps7_cortexa9_0/standalone_domain/bsp/system.mss
TRACE::2024-08-13.16:53:15::SCWMssOS::Completed writing the mss file at D:/Programs/Proyecto_3LFCC_Zybo/Vitis_3adc/3LFCC_3adc_platform/ps7_cortexa9_0/standalone_domain/bsp
TRACE::2024-08-13.16:53:15::SCWMssOS::Mss edits present, copying mssfile into export location D:/Programs/Proyecto_3LFCC_Zybo/Vitis_3adc/3LFCC_3adc_platform/ps7_cortexa9_0/standalone_domain/bsp/system.mss
TRACE::2024-08-13.16:53:15::SCWMssOS::bsp generated is upto date with the mss file. Skipping bsp generation.
TRACE::2024-08-13.16:53:15::SCWMssOS::BSP is already built. skipping the bsp build ... 
TRACE::2024-08-13.16:53:15::SCWDomain::Building the domain as part of full build :  standalone_domain
TRACE::2024-08-13.16:53:15::SCWMssOS::doing bsp build ... 
TRACE::2024-08-13.16:53:15::SCWMssOS::System Command Ran  D: & cd  D:/Programs/Proyecto_3LFCC_Zybo/Vitis_3adc/3LFCC_3adc_platform/ps7_cortexa9_0/standalone_domain/bsp & make 
TRACE::2024-08-13.16:53:15::SCWMssOS::make --no-print-directory seq_libs

TRACE::2024-08-13.16:53:15::SCWMssOS::"Running Make include in ps7_cortexa9_0/libsrc/clk_wiz_v1_6/src"

TRACE::2024-08-13.16:53:15::SCWMssOS::make -C ps7_cortexa9_0/libsrc/clk_wiz_v1_6/src -s include  "SHELL=CMD" "COMPILER=arm-none-eabi-gcc" "ASSEMBLER=arm-none-eabi-as
TRACE::2024-08-13.16:53:15::SCWMssOS::" "ARCHIVER=arm-none-eabi-ar" "COMPILER_FLAGS=  -O2 -c" "EXTRA_COMPILER_FLAGS=-mcpu=cortex-a9 -mfpu=vfpv3 -mfloat-abi=hard -nos
TRACE::2024-08-13.16:53:15::SCWMssOS::tartfiles -g -Wall -Wextra -fno-tree-loop-distribute-patterns"

TRACE::2024-08-13.16:53:15::SCWMssOS::"Running Make include in ps7_cortexa9_0/libsrc/coresightps_dcc_v1_9/src"

TRACE::2024-08-13.16:53:15::SCWMssOS::make -C ps7_cortexa9_0/libsrc/coresightps_dcc_v1_9/src -s include  "SHELL=CMD" "COMPILER=arm-none-eabi-gcc" "ASSEMBLER=arm-none
TRACE::2024-08-13.16:53:15::SCWMssOS::-eabi-as" "ARCHIVER=arm-none-eabi-ar" "COMPILER_FLAGS=  -O2 -c" "EXTRA_COMPILER_FLAGS=-mcpu=cortex-a9 -mfpu=vfpv3 -mfloat-abi=h
TRACE::2024-08-13.16:53:15::SCWMssOS::ard -nostartfiles -g -Wall -Wextra -fno-tree-loop-distribute-patterns"

TRACE::2024-08-13.16:53:15::SCWMssOS::"Running Make include in ps7_cortexa9_0/libsrc/cpu_cortexa9_v2_12/src"

TRACE::2024-08-13.16:53:15::SCWMssOS::make -C ps7_cortexa9_0/libsrc/cpu_cortexa9_v2_12/src -s include  "SHELL=CMD" "COMPILER=arm-none-eabi-gcc" "ASSEMBLER=arm-none-e
TRACE::2024-08-13.16:53:15::SCWMssOS::abi-as" "ARCHIVER=arm-none-eabi-ar" "COMPILER_FLAGS=  -O2 -c" "EXTRA_COMPILER_FLAGS=-mcpu=cortex-a9 -mfpu=vfpv3 -mfloat-abi=har
TRACE::2024-08-13.16:53:15::SCWMssOS::d -nostartfiles -g -Wall -Wextra -fno-tree-loop-distribute-patterns"

TRACE::2024-08-13.16:53:15::SCWMssOS::"Running Make include in ps7_cortexa9_0/libsrc/ddrps_v1_2/src"

TRACE::2024-08-13.16:53:15::SCWMssOS::make -C ps7_cortexa9_0/libsrc/ddrps_v1_2/src -s include  "SHELL=CMD" "COMPILER=arm-none-eabi-gcc" "ASSEMBLER=arm-none-eabi-as" 
TRACE::2024-08-13.16:53:15::SCWMssOS::"ARCHIVER=arm-none-eabi-ar" "COMPILER_FLAGS=  -O2 -c" "EXTRA_COMPILER_FLAGS=-mcpu=cortex-a9 -mfpu=vfpv3 -mfloat-abi=hard -nosta
TRACE::2024-08-13.16:53:15::SCWMssOS::rtfiles -g -Wall -Wextra -fno-tree-loop-distribute-patterns"

TRACE::2024-08-13.16:53:15::SCWMssOS::"Running Make include in ps7_cortexa9_0/libsrc/devcfg_v3_8/src"

TRACE::2024-08-13.16:53:15::SCWMssOS::make -C ps7_cortexa9_0/libsrc/devcfg_v3_8/src -s include  "SHELL=CMD" "COMPILER=arm-none-eabi-gcc" "ASSEMBLER=arm-none-eabi-as"
TRACE::2024-08-13.16:53:15::SCWMssOS:: "ARCHIVER=arm-none-eabi-ar" "COMPILER_FLAGS=  -O2 -c" "EXTRA_COMPILER_FLAGS=-mcpu=cortex-a9 -mfpu=vfpv3 -mfloat-abi=hard -nost
TRACE::2024-08-13.16:53:15::SCWMssOS::artfiles -g -Wall -Wextra -fno-tree-loop-distribute-patterns"

TRACE::2024-08-13.16:53:15::SCWMssOS::"Running Make include in ps7_cortexa9_0/libsrc/dmaps_v2_9/src"

TRACE::2024-08-13.16:53:15::SCWMssOS::make -C ps7_cortexa9_0/libsrc/dmaps_v2_9/src -s include  "SHELL=CMD" "COMPILER=arm-none-eabi-gcc" "ASSEMBLER=arm-none-eabi-as" 
TRACE::2024-08-13.16:53:15::SCWMssOS::"ARCHIVER=arm-none-eabi-ar" "COMPILER_FLAGS=  -O2 -c" "EXTRA_COMPILER_FLAGS=-mcpu=cortex-a9 -mfpu=vfpv3 -mfloat-abi=hard -nosta
TRACE::2024-08-13.16:53:15::SCWMssOS::rtfiles -g -Wall -Wextra -fno-tree-loop-distribute-patterns"

TRACE::2024-08-13.16:53:15::SCWMssOS::"Running Make include in ps7_cortexa9_0/libsrc/emacps_v3_19/src"

TRACE::2024-08-13.16:53:16::SCWMssOS::make -C ps7_cortexa9_0/libsrc/emacps_v3_19/src -s include  "SHELL=CMD" "COMPILER=arm-none-eabi-gcc" "ASSEMBLER=arm-none-eabi-as
TRACE::2024-08-13.16:53:16::SCWMssOS::" "ARCHIVER=arm-none-eabi-ar" "COMPILER_FLAGS=  -O2 -c" "EXTRA_COMPILER_FLAGS=-mcpu=cortex-a9 -mfpu=vfpv3 -mfloat-abi=hard -nos
TRACE::2024-08-13.16:53:16::SCWMssOS::tartfiles -g -Wall -Wextra -fno-tree-loop-distribute-patterns"

TRACE::2024-08-13.16:53:16::SCWMssOS::"Running Make include in ps7_cortexa9_0/libsrc/gpiops_v3_12/src"

TRACE::2024-08-13.16:53:16::SCWMssOS::make -C ps7_cortexa9_0/libsrc/gpiops_v3_12/src -s include  "SHELL=CMD" "COMPILER=arm-none-eabi-gcc" "ASSEMBLER=arm-none-eabi-as
TRACE::2024-08-13.16:53:16::SCWMssOS::" "ARCHIVER=arm-none-eabi-ar" "COMPILER_FLAGS=  -O2 -c" "EXTRA_COMPILER_FLAGS=-mcpu=cortex-a9 -mfpu=vfpv3 -mfloat-abi=hard -nos
TRACE::2024-08-13.16:53:16::SCWMssOS::tartfiles -g -Wall -Wextra -fno-tree-loop-distribute-patterns"

TRACE::2024-08-13.16:53:16::SCWMssOS::"Running Make include in ps7_cortexa9_0/libsrc/PS_to_Regs_v1_0/src"

TRACE::2024-08-13.16:53:16::SCWMssOS::make -C ps7_cortexa9_0/libsrc/PS_to_Regs_v1_0/src -s include  "SHELL=CMD" "COMPILER=arm-none-eabi-gcc" "ASSEMBLER=arm-none-eabi
TRACE::2024-08-13.16:53:16::SCWMssOS::-as" "ARCHIVER=arm-none-eabi-ar" "COMPILER_FLAGS=  -O2 -c" "EXTRA_COMPILER_FLAGS=-mcpu=cortex-a9 -mfpu=vfpv3 -mfloat-abi=hard -
TRACE::2024-08-13.16:53:16::SCWMssOS::nostartfiles -g -Wall -Wextra -fno-tree-loop-distribute-patterns"

TRACE::2024-08-13.16:53:16::SCWMssOS::"Running Make include in ps7_cortexa9_0/libsrc/qspips_v3_11/src"

TRACE::2024-08-13.16:53:16::SCWMssOS::make -C ps7_cortexa9_0/libsrc/qspips_v3_11/src -s include  "SHELL=CMD" "COMPILER=arm-none-eabi-gcc" "ASSEMBLER=arm-none-eabi-as
TRACE::2024-08-13.16:53:16::SCWMssOS::" "ARCHIVER=arm-none-eabi-ar" "COMPILER_FLAGS=  -O2 -c" "EXTRA_COMPILER_FLAGS=-mcpu=cortex-a9 -mfpu=vfpv3 -mfloat-abi=hard -nos
TRACE::2024-08-13.16:53:16::SCWMssOS::tartfiles -g -Wall -Wextra -fno-tree-loop-distribute-patterns"

TRACE::2024-08-13.16:53:16::SCWMssOS::"Running Make include in ps7_cortexa9_0/libsrc/scugic_v5_2/src"

TRACE::2024-08-13.16:53:16::SCWMssOS::make -C ps7_cortexa9_0/libsrc/scugic_v5_2/src -s include  "SHELL=CMD" "COMPILER=arm-none-eabi-gcc" "ASSEMBLER=arm-none-eabi-as"
TRACE::2024-08-13.16:53:16::SCWMssOS:: "ARCHIVER=arm-none-eabi-ar" "COMPILER_FLAGS=  -O2 -c" "EXTRA_COMPILER_FLAGS=-mcpu=cortex-a9 -mfpu=vfpv3 -mfloat-abi=hard -nost
TRACE::2024-08-13.16:53:16::SCWMssOS::artfiles -g -Wall -Wextra -fno-tree-loop-distribute-patterns"

TRACE::2024-08-13.16:53:16::SCWMssOS::"Running Make include in ps7_cortexa9_0/libsrc/scutimer_v2_5/src"

TRACE::2024-08-13.16:53:16::SCWMssOS::make -C ps7_cortexa9_0/libsrc/scutimer_v2_5/src -s include  "SHELL=CMD" "COMPILER=arm-none-eabi-gcc" "ASSEMBLER=arm-none-eabi-a
TRACE::2024-08-13.16:53:16::SCWMssOS::s" "ARCHIVER=arm-none-eabi-ar" "COMPILER_FLAGS=  -O2 -c" "EXTRA_COMPILER_FLAGS=-mcpu=cortex-a9 -mfpu=vfpv3 -mfloat-abi=hard -no
TRACE::2024-08-13.16:53:16::SCWMssOS::startfiles -g -Wall -Wextra -fno-tree-loop-distribute-patterns"

TRACE::2024-08-13.16:53:16::SCWMssOS::"Running Make include in ps7_cortexa9_0/libsrc/scuwdt_v2_5/src"

TRACE::2024-08-13.16:53:16::SCWMssOS::make -C ps7_cortexa9_0/libsrc/scuwdt_v2_5/src -s include  "SHELL=CMD" "COMPILER=arm-none-eabi-gcc" "ASSEMBLER=arm-none-eabi-as"
TRACE::2024-08-13.16:53:16::SCWMssOS:: "ARCHIVER=arm-none-eabi-ar" "COMPILER_FLAGS=  -O2 -c" "EXTRA_COMPILER_FLAGS=-mcpu=cortex-a9 -mfpu=vfpv3 -mfloat-abi=hard -nost
TRACE::2024-08-13.16:53:16::SCWMssOS::artfiles -g -Wall -Wextra -fno-tree-loop-distribute-patterns"

TRACE::2024-08-13.16:53:16::SCWMssOS::"Running Make include in ps7_cortexa9_0/libsrc/sdps_v4_2/src"

TRACE::2024-08-13.16:53:16::SCWMssOS::make -C ps7_cortexa9_0/libsrc/sdps_v4_2/src -s include  "SHELL=CMD" "COMPILER=arm-none-eabi-gcc" "ASSEMBLER=arm-none-eabi-as" "
TRACE::2024-08-13.16:53:16::SCWMssOS::ARCHIVER=arm-none-eabi-ar" "COMPILER_FLAGS=  -O2 -c" "EXTRA_COMPILER_FLAGS=-mcpu=cortex-a9 -mfpu=vfpv3 -mfloat-abi=hard -nostar
TRACE::2024-08-13.16:53:16::SCWMssOS::tfiles -g -Wall -Wextra -fno-tree-loop-distribute-patterns"

TRACE::2024-08-13.16:53:16::SCWMssOS::"Running Make include in ps7_cortexa9_0/libsrc/standalone_v9_0/src"

TRACE::2024-08-13.16:53:16::SCWMssOS::make -C ps7_cortexa9_0/libsrc/standalone_v9_0/src -s include  "SHELL=CMD" "COMPILER=arm-none-eabi-gcc" "ASSEMBLER=arm-none-eabi
TRACE::2024-08-13.16:53:16::SCWMssOS::-as" "ARCHIVER=arm-none-eabi-ar" "COMPILER_FLAGS=  -O2 -c" "EXTRA_COMPILER_FLAGS=-mcpu=cortex-a9 -mfpu=vfpv3 -mfloat-abi=hard -
TRACE::2024-08-13.16:53:16::SCWMssOS::nostartfiles -g -Wall -Wextra -fno-tree-loop-distribute-patterns"

TRACE::2024-08-13.16:53:16::SCWMssOS::"Running Make include in ps7_cortexa9_0/libsrc/sysmon_v7_8/src"

TRACE::2024-08-13.16:53:16::SCWMssOS::make -C ps7_cortexa9_0/libsrc/sysmon_v7_8/src -s include  "SHELL=CMD" "COMPILER=arm-none-eabi-gcc" "ASSEMBLER=arm-none-eabi-as"
TRACE::2024-08-13.16:53:16::SCWMssOS:: "ARCHIVER=arm-none-eabi-ar" "COMPILER_FLAGS=  -O2 -c" "EXTRA_COMPILER_FLAGS=-mcpu=cortex-a9 -mfpu=vfpv3 -mfloat-abi=hard -nost
TRACE::2024-08-13.16:53:16::SCWMssOS::artfiles -g -Wall -Wextra -fno-tree-loop-distribute-patterns"

TRACE::2024-08-13.16:53:16::SCWMssOS::"Running Make include in ps7_cortexa9_0/libsrc/ttcps_v3_18/src"

TRACE::2024-08-13.16:53:16::SCWMssOS::make -C ps7_cortexa9_0/libsrc/ttcps_v3_18/src -s include  "SHELL=CMD" "COMPILER=arm-none-eabi-gcc" "ASSEMBLER=arm-none-eabi-as"
TRACE::2024-08-13.16:53:16::SCWMssOS:: "ARCHIVER=arm-none-eabi-ar" "COMPILER_FLAGS=  -O2 -c" "EXTRA_COMPILER_FLAGS=-mcpu=cortex-a9 -mfpu=vfpv3 -mfloat-abi=hard -nost
TRACE::2024-08-13.16:53:16::SCWMssOS::artfiles -g -Wall -Wextra -fno-tree-loop-distribute-patterns"

TRACE::2024-08-13.16:53:16::SCWMssOS::"Running Make include in ps7_cortexa9_0/libsrc/uartps_v3_13/src"

TRACE::2024-08-13.16:53:16::SCWMssOS::make -C ps7_cortexa9_0/libsrc/uartps_v3_13/src -s include  "SHELL=CMD" "COMPILER=arm-none-eabi-gcc" "ASSEMBLER=arm-none-eabi-as
TRACE::2024-08-13.16:53:16::SCWMssOS::" "ARCHIVER=arm-none-eabi-ar" "COMPILER_FLAGS=  -O2 -c" "EXTRA_COMPILER_FLAGS=-mcpu=cortex-a9 -mfpu=vfpv3 -mfloat-abi=hard -nos
TRACE::2024-08-13.16:53:16::SCWMssOS::tartfiles -g -Wall -Wextra -fno-tree-loop-distribute-patterns"

TRACE::2024-08-13.16:53:16::SCWMssOS::"Running Make include in ps7_cortexa9_0/libsrc/usbps_v2_8/src"

TRACE::2024-08-13.16:53:16::SCWMssOS::make -C ps7_cortexa9_0/libsrc/usbps_v2_8/src -s include  "SHELL=CMD" "COMPILER=arm-none-eabi-gcc" "ASSEMBLER=arm-none-eabi-as" 
TRACE::2024-08-13.16:53:16::SCWMssOS::"ARCHIVER=arm-none-eabi-ar" "COMPILER_FLAGS=  -O2 -c" "EXTRA_COMPILER_FLAGS=-mcpu=cortex-a9 -mfpu=vfpv3 -mfloat-abi=hard -nosta
TRACE::2024-08-13.16:53:16::SCWMssOS::rtfiles -g -Wall -Wextra -fno-tree-loop-distribute-patterns"

TRACE::2024-08-13.16:53:16::SCWMssOS::"Running Make include in ps7_cortexa9_0/libsrc/xadcps_v2_7/src"

TRACE::2024-08-13.16:53:16::SCWMssOS::make -C ps7_cortexa9_0/libsrc/xadcps_v2_7/src -s include  "SHELL=CMD" "COMPILER=arm-none-eabi-gcc" "ASSEMBLER=arm-none-eabi-as"
TRACE::2024-08-13.16:53:16::SCWMssOS:: "ARCHIVER=arm-none-eabi-ar" "COMPILER_FLAGS=  -O2 -c" "EXTRA_COMPILER_FLAGS=-mcpu=cortex-a9 -mfpu=vfpv3 -mfloat-abi=hard -nost
TRACE::2024-08-13.16:53:16::SCWMssOS::artfiles -g -Wall -Wextra -fno-tree-loop-distribute-patterns"

TRACE::2024-08-13.16:53:16::SCWMssOS::"Running Make libs in ps7_cortexa9_0/libsrc/PS_to_Regs_v1_0/src"

TRACE::2024-08-13.16:53:16::SCWMssOS::make -C ps7_cortexa9_0/libsrc/PS_to_Regs_v1_0/src -s libs  "SHELL=CMD" "COMPILER=arm-none-eabi-gcc" "ASSEMBLER=arm-none-eabi-as
TRACE::2024-08-13.16:53:16::SCWMssOS::" "ARCHIVER=arm-none-eabi-ar" "COMPILER_FLAGS=  -O2 -c" "EXTRA_COMPILER_FLAGS=-mcpu=cortex-a9 -mfpu=vfpv3 -mfloat-abi=hard -nos
TRACE::2024-08-13.16:53:16::SCWMssOS::tartfiles -g -Wall -Wextra -fno-tree-loop-distribute-patterns"

TRACE::2024-08-13.16:53:17::SCWMssOS::"Compiling Test_AXI..."

TRACE::2024-08-13.16:53:17::SCWMssOS::'Finished building libraries sequentially.'

TRACE::2024-08-13.16:53:17::SCWMssOS::make -j 6 --no-print-directory par_libs

TRACE::2024-08-13.16:53:17::SCWMssOS::"Running Make include in ps7_cortexa9_0/libsrc/clk_wiz_v1_6/src"

TRACE::2024-08-13.16:53:17::SCWMssOS::make -C ps7_cortexa9_0/libsrc/clk_wiz_v1_6/src -s include  "SHELL=CMD" "COMPILER=arm-none-eabi-gcc" "ASSEMBLER=arm-none-eabi-as
TRACE::2024-08-13.16:53:17::SCWMssOS::" "ARCHIVER=arm-none-eabi-ar" "COMPILER_FLAGS=  -O2 -c" "EXTRA_COMPILER_FLAGS=-mcpu=cortex-a9 -mfpu=vfpv3 -mfloat-abi=hard -nos
TRACE::2024-08-13.16:53:17::SCWMssOS::tartfiles -g -Wall -Wextra -fno-tree-loop-distribute-patterns"

TRACE::2024-08-13.16:53:17::SCWMssOS::"Running Make include in ps7_cortexa9_0/libsrc/coresightps_dcc_v1_9/src"

TRACE::2024-08-13.16:53:17::SCWMssOS::make -C ps7_cortexa9_0/libsrc/coresightps_dcc_v1_9/src -s include  "SHELL=CMD" "COMPILER=arm-none-eabi-gcc" "ASSEMBLER=arm-none
TRACE::2024-08-13.16:53:17::SCWMssOS::-eabi-as" "ARCHIVER=arm-none-eabi-ar" "COMPILER_FLAGS=  -O2 -c" "EXTRA_COMPILER_FLAGS=-mcpu=cortex-a9 -mfpu=vfpv3 -mfloat-abi=h
TRACE::2024-08-13.16:53:17::SCWMssOS::ard -nostartfiles -g -Wall -Wextra -fno-tree-loop-distribute-patterns"

TRACE::2024-08-13.16:53:17::SCWMssOS::"Running Make include in ps7_cortexa9_0/libsrc/cpu_cortexa9_v2_12/src"

TRACE::2024-08-13.16:53:17::SCWMssOS::make -C ps7_cortexa9_0/libsrc/cpu_cortexa9_v2_12/src -s include  "SHELL=CMD" "COMPILER=arm-none-eabi-gcc" "ASSEMBLER=arm-none-e
TRACE::2024-08-13.16:53:17::SCWMssOS::abi-as" "ARCHIVER=arm-none-eabi-ar" "COMPILER_FLAGS=  -O2 -c" "EXTRA_COMPILER_FLAGS=-mcpu=cortex-a9 -mfpu=vfpv3 -mfloat-abi=har
TRACE::2024-08-13.16:53:17::SCWMssOS::d -nostartfiles -g -Wall -Wextra -fno-tree-loop-distribute-patterns"

TRACE::2024-08-13.16:53:17::SCWMssOS::"Running Make include in ps7_cortexa9_0/libsrc/ddrps_v1_2/src"

TRACE::2024-08-13.16:53:17::SCWMssOS::make -C ps7_cortexa9_0/libsrc/ddrps_v1_2/src -s include  "SHELL=CMD" "COMPILER=arm-none-eabi-gcc" "ASSEMBLER=arm-none-eabi-as" 
TRACE::2024-08-13.16:53:17::SCWMssOS::"ARCHIVER=arm-none-eabi-ar" "COMPILER_FLAGS=  -O2 -c" "EXTRA_COMPILER_FLAGS=-mcpu=cortex-a9 -mfpu=vfpv3 -mfloat-abi=hard -nosta
TRACE::2024-08-13.16:53:17::SCWMssOS::rtfiles -g -Wall -Wextra -fno-tree-loop-distribute-patterns"

TRACE::2024-08-13.16:53:17::SCWMssOS::"Running Make include in ps7_cortexa9_0/libsrc/devcfg_v3_8/src"

TRACE::2024-08-13.16:53:17::SCWMssOS::make -C ps7_cortexa9_0/libsrc/devcfg_v3_8/src -s include  "SHELL=CMD" "COMPILER=arm-none-eabi-gcc" "ASSEMBLER=arm-none-eabi-as"
TRACE::2024-08-13.16:53:17::SCWMssOS:: "ARCHIVER=arm-none-eabi-ar" "COMPILER_FLAGS=  -O2 -c" "EXTRA_COMPILER_FLAGS=-mcpu=cortex-a9 -mfpu=vfpv3 -mfloat-abi=hard -nost
TRACE::2024-08-13.16:53:17::SCWMssOS::artfiles -g -Wall -Wextra -fno-tree-loop-distribute-patterns"

TRACE::2024-08-13.16:53:17::SCWMssOS::"Running Make include in ps7_cortexa9_0/libsrc/dmaps_v2_9/src"

TRACE::2024-08-13.16:53:17::SCWMssOS::make -C ps7_cortexa9_0/libsrc/dmaps_v2_9/src -s include  "SHELL=CMD" "COMPILER=arm-none-eabi-gcc" "ASSEMBLER=arm-none-eabi-as" 
TRACE::2024-08-13.16:53:17::SCWMssOS::"ARCHIVER=arm-none-eabi-ar" "COMPILER_FLAGS=  -O2 -c" "EXTRA_COMPILER_FLAGS=-mcpu=cortex-a9 -mfpu=vfpv3 -mfloat-abi=hard -nosta
TRACE::2024-08-13.16:53:17::SCWMssOS::rtfiles -g -Wall -Wextra -fno-tree-loop-distribute-patterns"

TRACE::2024-08-13.16:53:17::SCWMssOS::"Running Make include in ps7_cortexa9_0/libsrc/emacps_v3_19/src"

TRACE::2024-08-13.16:53:17::SCWMssOS::make -C ps7_cortexa9_0/libsrc/emacps_v3_19/src -s include  "SHELL=CMD" "COMPILER=arm-none-eabi-gcc" "ASSEMBLER=arm-none-eabi-as
TRACE::2024-08-13.16:53:17::SCWMssOS::" "ARCHIVER=arm-none-eabi-ar" "COMPILER_FLAGS=  -O2 -c" "EXTRA_COMPILER_FLAGS=-mcpu=cortex-a9 -mfpu=vfpv3 -mfloat-abi=hard -nos
TRACE::2024-08-13.16:53:17::SCWMssOS::tartfiles -g -Wall -Wextra -fno-tree-loop-distribute-patterns"

TRACE::2024-08-13.16:53:17::SCWMssOS::"Running Make include in ps7_cortexa9_0/libsrc/gpiops_v3_12/src"

TRACE::2024-08-13.16:53:17::SCWMssOS::make -C ps7_cortexa9_0/libsrc/gpiops_v3_12/src -s include  "SHELL=CMD" "COMPILER=arm-none-eabi-gcc" "ASSEMBLER=arm-none-eabi-as
TRACE::2024-08-13.16:53:17::SCWMssOS::" "ARCHIVER=arm-none-eabi-ar" "COMPILER_FLAGS=  -O2 -c" "EXTRA_COMPILER_FLAGS=-mcpu=cortex-a9 -mfpu=vfpv3 -mfloat-abi=hard -nos
TRACE::2024-08-13.16:53:17::SCWMssOS::tartfiles -g -Wall -Wextra -fno-tree-loop-distribute-patterns"

TRACE::2024-08-13.16:53:17::SCWMssOS::"Running Make include in ps7_cortexa9_0/libsrc/PS_to_Regs_v1_0/src"

TRACE::2024-08-13.16:53:17::SCWMssOS::make -C ps7_cortexa9_0/libsrc/PS_to_Regs_v1_0/src -s include  "SHELL=CMD" "COMPILER=arm-none-eabi-gcc" "ASSEMBLER=arm-none-eabi
TRACE::2024-08-13.16:53:17::SCWMssOS::-as" "ARCHIVER=arm-none-eabi-ar" "COMPILER_FLAGS=  -O2 -c" "EXTRA_COMPILER_FLAGS=-mcpu=cortex-a9 -mfpu=vfpv3 -mfloat-abi=hard -
TRACE::2024-08-13.16:53:17::SCWMssOS::nostartfiles -g -Wall -Wextra -fno-tree-loop-distribute-patterns"

TRACE::2024-08-13.16:53:17::SCWMssOS::"Running Make include in ps7_cortexa9_0/libsrc/qspips_v3_11/src"

TRACE::2024-08-13.16:53:17::SCWMssOS::make -C ps7_cortexa9_0/libsrc/qspips_v3_11/src -s include  "SHELL=CMD" "COMPILER=arm-none-eabi-gcc" "ASSEMBLER=arm-none-eabi-as
TRACE::2024-08-13.16:53:17::SCWMssOS::" "ARCHIVER=arm-none-eabi-ar" "COMPILER_FLAGS=  -O2 -c" "EXTRA_COMPILER_FLAGS=-mcpu=cortex-a9 -mfpu=vfpv3 -mfloat-abi=hard -nos
TRACE::2024-08-13.16:53:17::SCWMssOS::tartfiles -g -Wall -Wextra -fno-tree-loop-distribute-patterns"

TRACE::2024-08-13.16:53:17::SCWMssOS::"Running Make include in ps7_cortexa9_0/libsrc/scugic_v5_2/src"

TRACE::2024-08-13.16:53:17::SCWMssOS::make -C ps7_cortexa9_0/libsrc/scugic_v5_2/src -s include  "SHELL=CMD" "COMPILER=arm-none-eabi-gcc" "ASSEMBLER=arm-none-eabi-as"
TRACE::2024-08-13.16:53:17::SCWMssOS:: "ARCHIVER=arm-none-eabi-ar" "COMPILER_FLAGS=  -O2 -c" "EXTRA_COMPILER_FLAGS=-mcpu=cortex-a9 -mfpu=vfpv3 -mfloat-abi=hard -nost
TRACE::2024-08-13.16:53:17::SCWMssOS::artfiles -g -Wall -Wextra -fno-tree-loop-distribute-patterns"

TRACE::2024-08-13.16:53:17::SCWMssOS::"Running Make include in ps7_cortexa9_0/libsrc/scutimer_v2_5/src"

TRACE::2024-08-13.16:53:17::SCWMssOS::make -C ps7_cortexa9_0/libsrc/scutimer_v2_5/src -s include  "SHELL=CMD" "COMPILER=arm-none-eabi-gcc" "ASSEMBLER=arm-none-eabi-a
TRACE::2024-08-13.16:53:17::SCWMssOS::s" "ARCHIVER=arm-none-eabi-ar" "COMPILER_FLAGS=  -O2 -c" "EXTRA_COMPILER_FLAGS=-mcpu=cortex-a9 -mfpu=vfpv3 -mfloat-abi=hard -no
TRACE::2024-08-13.16:53:17::SCWMssOS::startfiles -g -Wall -Wextra -fno-tree-loop-distribute-patterns"

TRACE::2024-08-13.16:53:17::SCWMssOS::"Running Make include in ps7_cortexa9_0/libsrc/scuwdt_v2_5/src"

TRACE::2024-08-13.16:53:17::SCWMssOS::make -C ps7_cortexa9_0/libsrc/scuwdt_v2_5/src -s include  "SHELL=CMD" "COMPILER=arm-none-eabi-gcc" "ASSEMBLER=arm-none-eabi-as"
TRACE::2024-08-13.16:53:17::SCWMssOS:: "ARCHIVER=arm-none-eabi-ar" "COMPILER_FLAGS=  -O2 -c" "EXTRA_COMPILER_FLAGS=-mcpu=cortex-a9 -mfpu=vfpv3 -mfloat-abi=hard -nost
TRACE::2024-08-13.16:53:17::SCWMssOS::artfiles -g -Wall -Wextra -fno-tree-loop-distribute-patterns"

TRACE::2024-08-13.16:53:17::SCWMssOS::"Running Make include in ps7_cortexa9_0/libsrc/sdps_v4_2/src"

TRACE::2024-08-13.16:53:17::SCWMssOS::make -C ps7_cortexa9_0/libsrc/sdps_v4_2/src -s include  "SHELL=CMD" "COMPILER=arm-none-eabi-gcc" "ASSEMBLER=arm-none-eabi-as" "
TRACE::2024-08-13.16:53:17::SCWMssOS::ARCHIVER=arm-none-eabi-ar" "COMPILER_FLAGS=  -O2 -c" "EXTRA_COMPILER_FLAGS=-mcpu=cortex-a9 -mfpu=vfpv3 -mfloat-abi=hard -nostar
TRACE::2024-08-13.16:53:17::SCWMssOS::tfiles -g -Wall -Wextra -fno-tree-loop-distribute-patterns"

TRACE::2024-08-13.16:53:17::SCWMssOS::"Running Make include in ps7_cortexa9_0/libsrc/standalone_v9_0/src"

TRACE::2024-08-13.16:53:17::SCWMssOS::make -C ps7_cortexa9_0/libsrc/standalone_v9_0/src -s include  "SHELL=CMD" "COMPILER=arm-none-eabi-gcc" "ASSEMBLER=arm-none-eabi
TRACE::2024-08-13.16:53:17::SCWMssOS::-as" "ARCHIVER=arm-none-eabi-ar" "COMPILER_FLAGS=  -O2 -c" "EXTRA_COMPILER_FLAGS=-mcpu=cortex-a9 -mfpu=vfpv3 -mfloat-abi=hard -
TRACE::2024-08-13.16:53:17::SCWMssOS::nostartfiles -g -Wall -Wextra -fno-tree-loop-distribute-patterns"

TRACE::2024-08-13.16:53:17::SCWMssOS::"Running Make include in ps7_cortexa9_0/libsrc/sysmon_v7_8/src"

TRACE::2024-08-13.16:53:17::SCWMssOS::make -C ps7_cortexa9_0/libsrc/sysmon_v7_8/src -s include  "SHELL=CMD" "COMPILER=arm-none-eabi-gcc" "ASSEMBLER=arm-none-eabi-as"
TRACE::2024-08-13.16:53:17::SCWMssOS:: "ARCHIVER=arm-none-eabi-ar" "COMPILER_FLAGS=  -O2 -c" "EXTRA_COMPILER_FLAGS=-mcpu=cortex-a9 -mfpu=vfpv3 -mfloat-abi=hard -nost
TRACE::2024-08-13.16:53:17::SCWMssOS::artfiles -g -Wall -Wextra -fno-tree-loop-distribute-patterns"

TRACE::2024-08-13.16:53:17::SCWMssOS::"Running Make include in ps7_cortexa9_0/libsrc/ttcps_v3_18/src"

TRACE::2024-08-13.16:53:17::SCWMssOS::make -C ps7_cortexa9_0/libsrc/ttcps_v3_18/src -s include  "SHELL=CMD" "COMPILER=arm-none-eabi-gcc" "ASSEMBLER=arm-none-eabi-as"
TRACE::2024-08-13.16:53:17::SCWMssOS:: "ARCHIVER=arm-none-eabi-ar" "COMPILER_FLAGS=  -O2 -c" "EXTRA_COMPILER_FLAGS=-mcpu=cortex-a9 -mfpu=vfpv3 -mfloat-abi=hard -nost
TRACE::2024-08-13.16:53:17::SCWMssOS::artfiles -g -Wall -Wextra -fno-tree-loop-distribute-patterns"

TRACE::2024-08-13.16:53:17::SCWMssOS::"Running Make include in ps7_cortexa9_0/libsrc/uartps_v3_13/src"

TRACE::2024-08-13.16:53:17::SCWMssOS::make -C ps7_cortexa9_0/libsrc/uartps_v3_13/src -s include  "SHELL=CMD" "COMPILER=arm-none-eabi-gcc" "ASSEMBLER=arm-none-eabi-as
TRACE::2024-08-13.16:53:17::SCWMssOS::" "ARCHIVER=arm-none-eabi-ar" "COMPILER_FLAGS=  -O2 -c" "EXTRA_COMPILER_FLAGS=-mcpu=cortex-a9 -mfpu=vfpv3 -mfloat-abi=hard -nos
TRACE::2024-08-13.16:53:17::SCWMssOS::tartfiles -g -Wall -Wextra -fno-tree-loop-distribute-patterns"

TRACE::2024-08-13.16:53:17::SCWMssOS::"Running Make include in ps7_cortexa9_0/libsrc/usbps_v2_8/src"

TRACE::2024-08-13.16:53:17::SCWMssOS::make -C ps7_cortexa9_0/libsrc/usbps_v2_8/src -s include  "SHELL=CMD" "COMPILER=arm-none-eabi-gcc" "ASSEMBLER=arm-none-eabi-as" 
TRACE::2024-08-13.16:53:17::SCWMssOS::"ARCHIVER=arm-none-eabi-ar" "COMPILER_FLAGS=  -O2 -c" "EXTRA_COMPILER_FLAGS=-mcpu=cortex-a9 -mfpu=vfpv3 -mfloat-abi=hard -nosta
TRACE::2024-08-13.16:53:17::SCWMssOS::rtfiles -g -Wall -Wextra -fno-tree-loop-distribute-patterns"

TRACE::2024-08-13.16:53:17::SCWMssOS::"Running Make include in ps7_cortexa9_0/libsrc/xadcps_v2_7/src"

TRACE::2024-08-13.16:53:17::SCWMssOS::make -C ps7_cortexa9_0/libsrc/xadcps_v2_7/src -s include  "SHELL=CMD" "COMPILER=arm-none-eabi-gcc" "ASSEMBLER=arm-none-eabi-as"
TRACE::2024-08-13.16:53:17::SCWMssOS:: "ARCHIVER=arm-none-eabi-ar" "COMPILER_FLAGS=  -O2 -c" "EXTRA_COMPILER_FLAGS=-mcpu=cortex-a9 -mfpu=vfpv3 -mfloat-abi=hard -nost
TRACE::2024-08-13.16:53:17::SCWMssOS::artfiles -g -Wall -Wextra -fno-tree-loop-distribute-patterns"

TRACE::2024-08-13.16:53:18::SCWMssOS::"Running Make libs in ps7_cortexa9_0/libsrc/clk_wiz_v1_6/src"

TRACE::2024-08-13.16:53:18::SCWMssOS::make -C ps7_cortexa9_0/libsrc/clk_wiz_v1_6/src -s libs  "SHELL=CMD" "COMPILER=arm-none-eabi-gcc" "ASSEMBLER=arm-none-eabi-as" "
TRACE::2024-08-13.16:53:18::SCWMssOS::ARCHIVER=arm-none-eabi-ar" "COMPILER_FLAGS=  -O2 -c" "EXTRA_COMPILER_FLAGS=-mcpu=cortex-a9 -mfpu=vfpv3 -mfloat-abi=hard -nostar
TRACE::2024-08-13.16:53:18::SCWMssOS::tfiles -g -Wall -Wextra -fno-tree-loop-distribute-patterns"

TRACE::2024-08-13.16:53:18::SCWMssOS::"Running Make libs in ps7_cortexa9_0/libsrc/coresightps_dcc_v1_9/src"

TRACE::2024-08-13.16:53:18::SCWMssOS::make -C ps7_cortexa9_0/libsrc/coresightps_dcc_v1_9/src -s libs  "SHELL=CMD" "COMPILER=arm-none-eabi-gcc" "ASSEMBLER=arm-none-ea
TRACE::2024-08-13.16:53:18::SCWMssOS::bi-as" "ARCHIVER=arm-none-eabi-ar" "COMPILER_FLAGS=  -O2 -c" "EXTRA_COMPILER_FLAGS=-mcpu=cortex-a9 -mfpu=vfpv3 -mfloat-abi=hard
TRACE::2024-08-13.16:53:18::SCWMssOS:: -nostartfiles -g -Wall -Wextra -fno-tree-loop-distribute-patterns"

TRACE::2024-08-13.16:53:18::SCWMssOS::"Running Make libs in ps7_cortexa9_0/libsrc/cpu_cortexa9_v2_12/src"

TRACE::2024-08-13.16:53:18::SCWMssOS::make -C ps7_cortexa9_0/libsrc/cpu_cortexa9_v2_12/src -s libs  "SHELL=CMD" "COMPILER=arm-none-eabi-gcc" "ASSEMBLER=arm-none-eabi
TRACE::2024-08-13.16:53:18::SCWMssOS::-as" "ARCHIVER=arm-none-eabi-ar" "COMPILER_FLAGS=  -O2 -c" "EXTRA_COMPILER_FLAGS=-mcpu=cortex-a9 -mfpu=vfpv3 -mfloat-abi=hard -
TRACE::2024-08-13.16:53:18::SCWMssOS::nostartfiles -g -Wall -Wextra -fno-tree-loop-distribute-patterns"

TRACE::2024-08-13.16:53:18::SCWMssOS::"Running Make libs in ps7_cortexa9_0/libsrc/ddrps_v1_2/src"

TRACE::2024-08-13.16:53:18::SCWMssOS::make -C ps7_cortexa9_0/libsrc/ddrps_v1_2/src -s libs  "SHELL=CMD" "COMPILER=arm-none-eabi-gcc" "ASSEMBLER=arm-none-eabi-as" "AR
TRACE::2024-08-13.16:53:18::SCWMssOS::CHIVER=arm-none-eabi-ar" "COMPILER_FLAGS=  -O2 -c" "EXTRA_COMPILER_FLAGS=-mcpu=cortex-a9 -mfpu=vfpv3 -mfloat-abi=hard -nostartf
TRACE::2024-08-13.16:53:18::SCWMssOS::iles -g -Wall -Wextra -fno-tree-loop-distribute-patterns"

TRACE::2024-08-13.16:53:18::SCWMssOS::"Running Make libs in ps7_cortexa9_0/libsrc/devcfg_v3_8/src"

TRACE::2024-08-13.16:53:18::SCWMssOS::make -C ps7_cortexa9_0/libsrc/devcfg_v3_8/src -s libs  "SHELL=CMD" "COMPILER=arm-none-eabi-gcc" "ASSEMBLER=arm-none-eabi-as" "A
TRACE::2024-08-13.16:53:18::SCWMssOS::RCHIVER=arm-none-eabi-ar" "COMPILER_FLAGS=  -O2 -c" "EXTRA_COMPILER_FLAGS=-mcpu=cortex-a9 -mfpu=vfpv3 -mfloat-abi=hard -nostart
TRACE::2024-08-13.16:53:18::SCWMssOS::files -g -Wall -Wextra -fno-tree-loop-distribute-patterns"

TRACE::2024-08-13.16:53:18::SCWMssOS::"Running Make libs in ps7_cortexa9_0/libsrc/dmaps_v2_9/src"

TRACE::2024-08-13.16:53:18::SCWMssOS::make -C ps7_cortexa9_0/libsrc/dmaps_v2_9/src -s libs  "SHELL=CMD" "COMPILER=arm-none-eabi-gcc" "ASSEMBLER=arm-none-eabi-as" "AR
TRACE::2024-08-13.16:53:18::SCWMssOS::CHIVER=arm-none-eabi-ar" "COMPILER_FLAGS=  -O2 -c" "EXTRA_COMPILER_FLAGS=-mcpu=cortex-a9 -mfpu=vfpv3 -mfloat-abi=hard -nostartf
TRACE::2024-08-13.16:53:18::SCWMssOS::iles -g -Wall -Wextra -fno-tree-loop-distribute-patterns"

TRACE::2024-08-13.16:53:18::SCWMssOS::"Running Make libs in ps7_cortexa9_0/libsrc/emacps_v3_19/src"

TRACE::2024-08-13.16:53:18::SCWMssOS::make -C ps7_cortexa9_0/libsrc/emacps_v3_19/src -s libs  "SHELL=CMD" "COMPILER=arm-none-eabi-gcc" "ASSEMBLER=arm-none-eabi-as" "
TRACE::2024-08-13.16:53:18::SCWMssOS::ARCHIVER=arm-none-eabi-ar" "COMPILER_FLAGS=  -O2 -c" "EXTRA_COMPILER_FLAGS=-mcpu=cortex-a9 -mfpu=vfpv3 -mfloat-abi=hard -nostar
TRACE::2024-08-13.16:53:18::SCWMssOS::tfiles -g -Wall -Wextra -fno-tree-loop-distribute-patterns"

TRACE::2024-08-13.16:53:18::SCWMssOS::"Running Make libs in ps7_cortexa9_0/libsrc/gpiops_v3_12/src"

TRACE::2024-08-13.16:53:18::SCWMssOS::make -C ps7_cortexa9_0/libsrc/gpiops_v3_12/src -s libs  "SHELL=CMD" "COMPILER=arm-none-eabi-gcc" "ASSEMBLER=arm-none-eabi-as" "
TRACE::2024-08-13.16:53:18::SCWMssOS::ARCHIVER=arm-none-eabi-ar" "COMPILER_FLAGS=  -O2 -c" "EXTRA_COMPILER_FLAGS=-mcpu=cortex-a9 -mfpu=vfpv3 -mfloat-abi=hard -nostar
TRACE::2024-08-13.16:53:18::SCWMssOS::tfiles -g -Wall -Wextra -fno-tree-loop-distribute-patterns"

TRACE::2024-08-13.16:53:19::SCWMssOS::"Running Make libs in ps7_cortexa9_0/libsrc/qspips_v3_11/src"

TRACE::2024-08-13.16:53:19::SCWMssOS::make -C ps7_cortexa9_0/libsrc/qspips_v3_11/src -s libs  "SHELL=CMD" "COMPILER=arm-none-eabi-gcc" "ASSEMBLER=arm-none-eabi-as" "
TRACE::2024-08-13.16:53:19::SCWMssOS::ARCHIVER=arm-none-eabi-ar" "COMPILER_FLAGS=  -O2 -c" "EXTRA_COMPILER_FLAGS=-mcpu=cortex-a9 -mfpu=vfpv3 -mfloat-abi=hard -nostar
TRACE::2024-08-13.16:53:19::SCWMssOS::tfiles -g -Wall -Wextra -fno-tree-loop-distribute-patterns"

TRACE::2024-08-13.16:53:19::SCWMssOS::"Running Make libs in ps7_cortexa9_0/libsrc/scugic_v5_2/src"

TRACE::2024-08-13.16:53:19::SCWMssOS::make -C ps7_cortexa9_0/libsrc/scugic_v5_2/src -s libs  "SHELL=CMD" "COMPILER=arm-none-eabi-gcc" "ASSEMBLER=arm-none-eabi-as" "A
TRACE::2024-08-13.16:53:19::SCWMssOS::RCHIVER=arm-none-eabi-ar" "COMPILER_FLAGS=  -O2 -c" "EXTRA_COMPILER_FLAGS=-mcpu=cortex-a9 -mfpu=vfpv3 -mfloat-abi=hard -nostart
TRACE::2024-08-13.16:53:19::SCWMssOS::files -g -Wall -Wextra -fno-tree-loop-distribute-patterns"

TRACE::2024-08-13.16:53:20::SCWMssOS::"Running Make libs in ps7_cortexa9_0/libsrc/scutimer_v2_5/src"

TRACE::2024-08-13.16:53:20::SCWMssOS::make -C ps7_cortexa9_0/libsrc/scutimer_v2_5/src -s libs  "SHELL=CMD" "COMPILER=arm-none-eabi-gcc" "ASSEMBLER=arm-none-eabi-as" 
TRACE::2024-08-13.16:53:20::SCWMssOS::"ARCHIVER=arm-none-eabi-ar" "COMPILER_FLAGS=  -O2 -c" "EXTRA_COMPILER_FLAGS=-mcpu=cortex-a9 -mfpu=vfpv3 -mfloat-abi=hard -nosta
TRACE::2024-08-13.16:53:20::SCWMssOS::rtfiles -g -Wall -Wextra -fno-tree-loop-distribute-patterns"

TRACE::2024-08-13.16:53:20::SCWMssOS::"Running Make libs in ps7_cortexa9_0/libsrc/scuwdt_v2_5/src"

TRACE::2024-08-13.16:53:20::SCWMssOS::make -C ps7_cortexa9_0/libsrc/scuwdt_v2_5/src -s libs  "SHELL=CMD" "COMPILER=arm-none-eabi-gcc" "ASSEMBLER=arm-none-eabi-as" "A
TRACE::2024-08-13.16:53:20::SCWMssOS::RCHIVER=arm-none-eabi-ar" "COMPILER_FLAGS=  -O2 -c" "EXTRA_COMPILER_FLAGS=-mcpu=cortex-a9 -mfpu=vfpv3 -mfloat-abi=hard -nostart
TRACE::2024-08-13.16:53:20::SCWMssOS::files -g -Wall -Wextra -fno-tree-loop-distribute-patterns"

TRACE::2024-08-13.16:53:21::SCWMssOS::"Running Make libs in ps7_cortexa9_0/libsrc/sdps_v4_2/src"

TRACE::2024-08-13.16:53:21::SCWMssOS::make -C ps7_cortexa9_0/libsrc/sdps_v4_2/src -s libs  "SHELL=CMD" "COMPILER=arm-none-eabi-gcc" "ASSEMBLER=arm-none-eabi-as" "ARC
TRACE::2024-08-13.16:53:21::SCWMssOS::HIVER=arm-none-eabi-ar" "COMPILER_FLAGS=  -O2 -c" "EXTRA_COMPILER_FLAGS=-mcpu=cortex-a9 -mfpu=vfpv3 -mfloat-abi=hard -nostartfi
TRACE::2024-08-13.16:53:21::SCWMssOS::les -g -Wall -Wextra -fno-tree-loop-distribute-patterns"

TRACE::2024-08-13.16:53:21::SCWMssOS::"Running Make libs in ps7_cortexa9_0/libsrc/standalone_v9_0/src"

TRACE::2024-08-13.16:53:21::SCWMssOS::make -C ps7_cortexa9_0/libsrc/standalone_v9_0/src -s libs  "SHELL=CMD" "COMPILER=arm-none-eabi-gcc" "ASSEMBLER=arm-none-eabi-as
TRACE::2024-08-13.16:53:21::SCWMssOS::" "ARCHIVER=arm-none-eabi-ar" "COMPILER_FLAGS=  -O2 -c" "EXTRA_COMPILER_FLAGS=-mcpu=cortex-a9 -mfpu=vfpv3 -mfloat-abi=hard -nos
TRACE::2024-08-13.16:53:21::SCWMssOS::tartfiles -g -Wall -Wextra -fno-tree-loop-distribute-patterns"

TRACE::2024-08-13.16:53:21::SCWMssOS::"Running Make libs in ps7_cortexa9_0/libsrc/sysmon_v7_8/src"

TRACE::2024-08-13.16:53:21::SCWMssOS::make -C ps7_cortexa9_0/libsrc/sysmon_v7_8/src -s libs  "SHELL=CMD" "COMPILER=arm-none-eabi-gcc" "ASSEMBLER=arm-none-eabi-as" "A
TRACE::2024-08-13.16:53:21::SCWMssOS::RCHIVER=arm-none-eabi-ar" "COMPILER_FLAGS=  -O2 -c" "EXTRA_COMPILER_FLAGS=-mcpu=cortex-a9 -mfpu=vfpv3 -mfloat-abi=hard -nostart
TRACE::2024-08-13.16:53:21::SCWMssOS::files -g -Wall -Wextra -fno-tree-loop-distribute-patterns"

TRACE::2024-08-13.16:53:21::SCWMssOS::"Running Make libs in ps7_cortexa9_0/libsrc/ttcps_v3_18/src"

TRACE::2024-08-13.16:53:21::SCWMssOS::make -C ps7_cortexa9_0/libsrc/ttcps_v3_18/src -s libs  "SHELL=CMD" "COMPILER=arm-none-eabi-gcc" "ASSEMBLER=arm-none-eabi-as" "A
TRACE::2024-08-13.16:53:21::SCWMssOS::RCHIVER=arm-none-eabi-ar" "COMPILER_FLAGS=  -O2 -c" "EXTRA_COMPILER_FLAGS=-mcpu=cortex-a9 -mfpu=vfpv3 -mfloat-abi=hard -nostart
TRACE::2024-08-13.16:53:21::SCWMssOS::files -g -Wall -Wextra -fno-tree-loop-distribute-patterns"

TRACE::2024-08-13.16:53:22::SCWMssOS::"Running Make libs in ps7_cortexa9_0/libsrc/uartps_v3_13/src"

TRACE::2024-08-13.16:53:22::SCWMssOS::make -C ps7_cortexa9_0/libsrc/uartps_v3_13/src -s libs  "SHELL=CMD" "COMPILER=arm-none-eabi-gcc" "ASSEMBLER=arm-none-eabi-as" "
TRACE::2024-08-13.16:53:22::SCWMssOS::ARCHIVER=arm-none-eabi-ar" "COMPILER_FLAGS=  -O2 -c" "EXTRA_COMPILER_FLAGS=-mcpu=cortex-a9 -mfpu=vfpv3 -mfloat-abi=hard -nostar
TRACE::2024-08-13.16:53:22::SCWMssOS::tfiles -g -Wall -Wextra -fno-tree-loop-distribute-patterns"

TRACE::2024-08-13.16:53:22::SCWMssOS::"Running Make libs in ps7_cortexa9_0/libsrc/usbps_v2_8/src"

TRACE::2024-08-13.16:53:22::SCWMssOS::make -C ps7_cortexa9_0/libsrc/usbps_v2_8/src -s libs  "SHELL=CMD" "COMPILER=arm-none-eabi-gcc" "ASSEMBLER=arm-none-eabi-as" "AR
TRACE::2024-08-13.16:53:22::SCWMssOS::CHIVER=arm-none-eabi-ar" "COMPILER_FLAGS=  -O2 -c" "EXTRA_COMPILER_FLAGS=-mcpu=cortex-a9 -mfpu=vfpv3 -mfloat-abi=hard -nostartf
TRACE::2024-08-13.16:53:22::SCWMssOS::iles -g -Wall -Wextra -fno-tree-loop-distribute-patterns"

TRACE::2024-08-13.16:53:23::SCWMssOS::"Running Make libs in ps7_cortexa9_0/libsrc/xadcps_v2_7/src"

TRACE::2024-08-13.16:53:23::SCWMssOS::make -C ps7_cortexa9_0/libsrc/xadcps_v2_7/src -s libs  "SHELL=CMD" "COMPILER=arm-none-eabi-gcc" "ASSEMBLER=arm-none-eabi-as" "A
TRACE::2024-08-13.16:53:23::SCWMssOS::RCHIVER=arm-none-eabi-ar" "COMPILER_FLAGS=  -O2 -c" "EXTRA_COMPILER_FLAGS=-mcpu=cortex-a9 -mfpu=vfpv3 -mfloat-abi=hard -nostart
TRACE::2024-08-13.16:53:23::SCWMssOS::files -g -Wall -Wextra -fno-tree-loop-distribute-patterns"

TRACE::2024-08-13.16:53:26::SCWMssOS::'Finished building libraries parallelly.'

TRACE::2024-08-13.16:53:26::SCWMssOS::make --no-print-directory archive

TRACE::2024-08-13.16:53:26::SCWMssOS::arm-none-eabi-ar -r  ps7_cortexa9_0/lib/libxil.a ps7_cortexa9_0/lib/_exit.o ps7_cortexa9_0/lib/_open.o ps7_cortexa9_0/lib/_sbrk
TRACE::2024-08-13.16:53:26::SCWMssOS::.o ps7_cortexa9_0/lib/abort.o ps7_cortexa9_0/lib/asm_vectors.o ps7_cortexa9_0/lib/boot.o ps7_cortexa9_0/lib/close.o ps7_cortexa
TRACE::2024-08-13.16:53:26::SCWMssOS::9_0/lib/cpputest_time.o ps7_cortexa9_0/lib/cpu_init.o ps7_cortexa9_0/lib/errno.o ps7_cortexa9_0/lib/fcntl.o ps7_cortexa9_0/lib/
TRACE::2024-08-13.16:53:26::SCWMssOS::fstat.o ps7_cortexa9_0/lib/getentropy.o ps7_cortexa9_0/lib/getpid.o ps7_cortexa9_0/lib/inbyte.o ps7_cortexa9_0/lib/isatty.o ps7
TRACE::2024-08-13.16:53:26::SCWMssOS::_cortexa9_0/lib/kill.o ps7_cortexa9_0/lib/lseek.o ps7_cortexa9_0/lib/open.o ps7_cortexa9_0/lib/outbyte.o ps7_cortexa9_0/lib/pri
TRACE::2024-08-13.16:53:26::SCWMssOS::nt.o ps7_cortexa9_0/lib/putnum.o ps7_cortexa9_0/lib/read.o ps7_cortexa9_0/lib/sbrk.o ps7_cortexa9_0/lib/sleep.o ps7_cortexa9_0/
TRACE::2024-08-13.16:53:26::SCWMssOS::lib/time.o ps7_cortexa9_0/lib/translation_table.o ps7_cortexa9_0/lib/unlink.o ps7_cortexa9_0/lib/usleep.o ps7_cortexa9_0/lib/ve
TRACE::2024-08-13.16:53:26::SCWMssOS::ctors.o ps7_cortexa9_0/lib/write.o ps7_cortexa9_0/lib/xadcps.o ps7_cortexa9_0/lib/xadcps_g.o ps7_cortexa9_0/lib/xadcps_intr.o p
TRACE::2024-08-13.16:53:26::SCWMssOS::s7_cortexa9_0/lib/xadcps_selftest.o ps7_cortexa9_0/lib/xadcps_sinit.o ps7_cortexa9_0/lib/xclk_wiz.o ps7_cortexa9_0/lib/xclk_wiz
TRACE::2024-08-13.16:53:26::SCWMssOS::_g.o ps7_cortexa9_0/lib/xclk_wiz_intr.o ps7_cortexa9_0/lib/xclk_wiz_sinit.o ps7_cortexa9_0/lib/xcoresightpsdcc.o ps7_cortexa9_0
TRACE::2024-08-13.16:53:26::SCWMssOS::/lib/xdevcfg.o ps7_cortexa9_0/lib/xdevcfg_g.o ps7_cortexa9_0/lib/xdevcfg_hw.o ps7_cortexa9_0/lib/xdevcfg_intr.o ps7_cortexa9_0/
TRACE::2024-08-13.16:53:26::SCWMssOS::lib/xdevcfg_selftest.o ps7_cortexa9_0/lib/xdevcfg_sinit.o ps7_cortexa9_0/lib/xdmaps.o ps7_cortexa9_0/lib/xdmaps_g.o ps7_cortexa
TRACE::2024-08-13.16:53:26::SCWMssOS::9_0/lib/xdmaps_hw.o ps7_cortexa9_0/lib/xdmaps_selftest.o ps7_cortexa9_0/lib/xdmaps_sinit.o ps7_cortexa9_0/lib/xemacps.o ps7_cor
TRACE::2024-08-13.16:53:26::SCWMssOS::texa9_0/lib/xemacps_bdring.o ps7_cortexa9_0/lib/xemacps_control.o ps7_cortexa9_0/lib/xemacps_g.o ps7_cortexa9_0/lib/xemacps_hw.
TRACE::2024-08-13.16:53:26::SCWMssOS::o ps7_cortexa9_0/lib/xemacps_intr.o ps7_cortexa9_0/lib/xemacps_sinit.o ps7_cortexa9_0/lib/xgpiops.o ps7_cortexa9_0/lib/xgpiops_
TRACE::2024-08-13.16:53:26::SCWMssOS::g.o ps7_cortexa9_0/lib/xgpiops_hw.o ps7_cortexa9_0/lib/xgpiops_intr.o ps7_cortexa9_0/lib/xgpiops_selftest.o ps7_cortexa9_0/lib/
TRACE::2024-08-13.16:53:26::SCWMssOS::xgpiops_sinit.o ps7_cortexa9_0/lib/xil-crt0.o ps7_cortexa9_0/lib/xil_assert.o ps7_cortexa9_0/lib/xil_cache.o ps7_cortexa9_0/lib
TRACE::2024-08-13.16:53:26::SCWMssOS::/xil_clocking.o ps7_cortexa9_0/lib/xil_exception.o ps7_cortexa9_0/lib/xil_mem.o ps7_cortexa9_0/lib/xil_misc_psreset_api.o ps7_c
TRACE::2024-08-13.16:53:26::SCWMssOS::ortexa9_0/lib/xil_mmu.o ps7_cortexa9_0/lib/xil_printf.o ps7_cortexa9_0/lib/xil_sleepcommon.o ps7_cortexa9_0/lib/xil_sleeptimer.
TRACE::2024-08-13.16:53:26::SCWMssOS::o ps7_cortexa9_0/lib/xil_spinlock.o ps7_cortexa9_0/lib/xil_testcache.o ps7_cortexa9_0/lib/xil_testio.o ps7_cortexa9_0/lib/xil_t
TRACE::2024-08-13.16:53:26::SCWMssOS::estmem.o ps7_cortexa9_0/lib/xil_util.o ps7_cortexa9_0/lib/xinterrupt_wrap.o ps7_cortexa9_0/lib/xl2cc_counter.o ps7_cortexa9_0/l
TRACE::2024-08-13.16:53:26::SCWMssOS::ib/xplatform_info.o ps7_cortexa9_0/lib/xpm_counter.o ps7_cortexa9_0/lib/xpm_init.o ps7_cortexa9_0/lib/xqspips.o ps7_cortexa9_0/
TRACE::2024-08-13.16:53:26::SCWMssOS::lib/xqspips_g.o ps7_cortexa9_0/lib/xqspips_hw.o ps7_cortexa9_0/lib/xqspips_options.o ps7_cortexa9_0/lib/xqspips_selftest.o ps7_
TRACE::2024-08-13.16:53:26::SCWMssOS::cortexa9_0/lib/xqspips_sinit.o ps7_cortexa9_0/lib/xscugic.o ps7_cortexa9_0/lib/xscugic_g.o ps7_cortexa9_0/lib/xscugic_hw.o ps7_
TRACE::2024-08-13.16:53:26::SCWMssOS::cortexa9_0/lib/xscugic_intr.o ps7_cortexa9_0/lib/xscugic_selftest.o ps7_cortexa9_0/lib/xscugic_sinit.o ps7_cortexa9_0/lib/xscut
TRACE::2024-08-13.16:53:26::SCWMssOS::imer.o ps7_cortexa9_0/lib/xscutimer_g.o ps7_cortexa9_0/lib/xscutimer_selftest.o ps7_cortexa9_0/lib/xscutimer_sinit.o ps7_cortex
TRACE::2024-08-13.16:53:26::SCWMssOS::a9_0/lib/xscuwdt.o ps7_cortexa9_0/lib/xscuwdt_g.o ps7_cortexa9_0/lib/xscuwdt_selftest.o ps7_cortexa9_0/lib/xscuwdt_sinit.o ps7_
TRACE::2024-08-13.16:53:26::SCWMssOS::cortexa9_0/lib/xsdps.o ps7_cortexa9_0/lib/xsdps_card.o ps7_cortexa9_0/lib/xsdps_g.o ps7_cortexa9_0/lib/xsdps_host.o ps7_cortexa
TRACE::2024-08-13.16:53:26::SCWMssOS::9_0/lib/xsdps_options.o ps7_cortexa9_0/lib/xsdps_sinit.o ps7_cortexa9_0/lib/xsysmon.o ps7_cortexa9_0/lib/xsysmon_g.o ps7_cortex
TRACE::2024-08-13.16:53:26::SCWMssOS::a9_0/lib/xsysmon_intr.o ps7_cortexa9_0/lib/xsysmon_selftest.o ps7_cortexa9_0/lib/xsysmon_sinit.o ps7_cortexa9_0/lib/xtime_l.o p
TRACE::2024-08-13.16:53:26::SCWMssOS::s7_cortexa9_0/lib/xttcps.o ps7_cortexa9_0/lib/xttcps_g.o ps7_cortexa9_0/lib/xttcps_options.o ps7_cortexa9_0/lib/xttcps_selftest
TRACE::2024-08-13.16:53:26::SCWMssOS::.o ps7_cortexa9_0/lib/xttcps_sinit.o ps7_cortexa9_0/lib/xuartps.o ps7_cortexa9_0/lib/xuartps_g.o ps7_cortexa9_0/lib/xuartps_hw.
TRACE::2024-08-13.16:53:26::SCWMssOS::o ps7_cortexa9_0/lib/xuartps_intr.o ps7_cortexa9_0/lib/xuartps_options.o ps7_cortexa9_0/lib/xuartps_selftest.o ps7_cortexa9_0/l
TRACE::2024-08-13.16:53:26::SCWMssOS::ib/xuartps_sinit.o ps7_cortexa9_0/lib/xusbps.o ps7_cortexa9_0/lib/xusbps_endpoint.o ps7_cortexa9_0/lib/xusbps_g.o ps7_cortexa9_
TRACE::2024-08-13.16:53:26::SCWMssOS::0/lib/xusbps_hw.o ps7_cortexa9_0/lib/xusbps_intr.o ps7_cortexa9_0/lib/xusbps_sinit.o

TRACE::2024-08-13.16:53:26::SCWMssOS::'Finished building libraries'

TRACE::2024-08-13.16:53:27::SCWMssOS::Copying to export directory.
TRACE::2024-08-13.16:53:27::SCWMssOS:: Checking if to create the Supporting Applications
TRACE::2024-08-13.16:53:27::SCWMssOS:: No Linux domain exists, trying to generate FSBL 
LOG::2024-08-13.16:53:27::SCWSystem::Completed Processing the domain standalone_domain
LOG::2024-08-13.16:53:27::SCWSystem::Completed Processing the sysconfig 3LFCC_3adc_platform
LOG::2024-08-13.16:53:27::SCWPlatform::Completed generating the artifacts for system configuration 3LFCC_3adc_platform
TRACE::2024-08-13.16:53:27::SCWPlatform::Started preparing the platform 
TRACE::2024-08-13.16:53:27::SCWSystem::Writing the bif file for system config 3LFCC_3adc_platform
TRACE::2024-08-13.16:53:27::SCWSystem::dir created 
TRACE::2024-08-13.16:53:27::SCWSystem::Writing the bif 
TRACE::2024-08-13.16:53:27::SCWPlatform::Started writing the spfm file 
TRACE::2024-08-13.16:53:27::SCWPlatform::Started writing the xpfm file 
TRACE::2024-08-13.16:53:27::SCWPlatform::Completed generating the platform
TRACE::2024-08-13.16:53:27::SCWMssOS::Saving the mss changes D:/Programs/Proyecto_3LFCC_Zybo/Vitis_3adc/3LFCC_3adc_platform/zynq_fsbl/zynq_fsbl_bsp/system.mss
TRACE::2024-08-13.16:53:27::SCWMssOS::Found a swdesign opened with the mssfile.
TRACE::2024-08-13.16:53:27::SCWMssOS::Completed writemss as part of save.
TRACE::2024-08-13.16:53:27::SCWMssOS::Commit changes completed.
TRACE::2024-08-13.16:53:27::SCWMssOS::Saving the mss changes D:/Programs/Proyecto_3LFCC_Zybo/Vitis_3adc/3LFCC_3adc_platform/ps7_cortexa9_0/standalone_domain/bsp/system.mss
TRACE::2024-08-13.16:53:27::SCWMssOS::Found a swdesign opened with the mssfile.
TRACE::2024-08-13.16:53:27::SCWMssOS::Completed writemss as part of save.
TRACE::2024-08-13.16:53:27::SCWMssOS::Commit changes completed.
TRACE::2024-08-13.16:53:27::SCWPlatform::Trying to open the hw design at D:/Programs/Proyecto_3LFCC_Zybo/Vitis_3adc/3LFCC_3adc_platform/hw/Design_Closed_Loop_3adc.xsa
TRACE::2024-08-13.16:53:27::SCWPlatform::DSA given D:/Programs/Proyecto_3LFCC_Zybo/Vitis_3adc/3LFCC_3adc_platform/hw/Design_Closed_Loop_3adc.xsa
TRACE::2024-08-13.16:53:27::SCWPlatform::DSA absoulate path D:/Programs/Proyecto_3LFCC_Zybo/Vitis_3adc/3LFCC_3adc_platform/hw/Design_Closed_Loop_3adc.xsa
TRACE::2024-08-13.16:53:27::SCWPlatform::DSA directory D:/Programs/Proyecto_3LFCC_Zybo/Vitis_3adc/3LFCC_3adc_platform/hw
TRACE::2024-08-13.16:53:27::SCWPlatform:: Platform Path D:/Programs/Proyecto_3LFCC_Zybo/Vitis_3adc/3LFCC_3adc_platform/hw/Design_Closed_Loop_3adc.xsa
TRACE::2024-08-13.16:53:27::SCWPlatform:: Unique name xilinx:zybo::0.0
TRACE::2024-08-13.16:53:27::SCWPlatform::Trying to set the existing hwdb with name Design_Closed_Loop_wrapper
TRACE::2024-08-13.16:53:27::SCWPlatform::Opened existing hwdb Design_Closed_Loop_wrapper
TRACE::2024-08-13.16:53:27::SCWPlatform::Found the Hw Db part of the input DSA
TRACE::2024-08-13.16:53:27::SCWMssOS::Checking the sw design at  D:/Programs/Proyecto_3LFCC_Zybo/Vitis_3adc/3LFCC_3adc_platform/zynq_fsbl/zynq_fsbl_bsp/system.mss
TRACE::2024-08-13.16:53:27::SCWMssOS::DEBUG:  swdes dump  D:/Programs/Proyecto_3LFCC_Zybo/Vitis_3adc/3LFCC_3adc_platform/ps7_cortexa9_0/standalone_domain/bsp/system.mss|system_0||
D:/Programs/Proyecto_3LFCC_Zybo/Vitis_3adc/3LFCC_3adc_platform/zynq_fsbl/zynq_fsbl_bsp/system.mss|system||

TRACE::2024-08-13.16:53:27::SCWMssOS::Sw design exists and opened at  D:/Programs/Proyecto_3LFCC_Zybo/Vitis_3adc/3LFCC_3adc_platform/zynq_fsbl/zynq_fsbl_bsp/system.mss
TRACE::2024-08-13.16:53:27::SCWPlatform::Trying to open the hw design at D:/Programs/Proyecto_3LFCC_Zybo/Vitis_3adc/3LFCC_3adc_platform/hw/Design_Closed_Loop_3adc.xsa
TRACE::2024-08-13.16:53:27::SCWPlatform::DSA given D:/Programs/Proyecto_3LFCC_Zybo/Vitis_3adc/3LFCC_3adc_platform/hw/Design_Closed_Loop_3adc.xsa
TRACE::2024-08-13.16:53:27::SCWPlatform::DSA absoulate path D:/Programs/Proyecto_3LFCC_Zybo/Vitis_3adc/3LFCC_3adc_platform/hw/Design_Closed_Loop_3adc.xsa
TRACE::2024-08-13.16:53:27::SCWPlatform::DSA directory D:/Programs/Proyecto_3LFCC_Zybo/Vitis_3adc/3LFCC_3adc_platform/hw
TRACE::2024-08-13.16:53:27::SCWPlatform:: Platform Path D:/Programs/Proyecto_3LFCC_Zybo/Vitis_3adc/3LFCC_3adc_platform/hw/Design_Closed_Loop_3adc.xsa
TRACE::2024-08-13.16:53:27::SCWPlatform:: Unique name xilinx:zybo::0.0
TRACE::2024-08-13.16:53:27::SCWPlatform::Trying to set the existing hwdb with name Design_Closed_Loop_wrapper
TRACE::2024-08-13.16:53:27::SCWPlatform::Opened existing hwdb Design_Closed_Loop_wrapper
TRACE::2024-08-13.16:53:27::SCWPlatform::Found the Hw Db part of the input DSA
TRACE::2024-08-13.16:53:27::SCWMssOS::Checking the sw design at  D:/Programs/Proyecto_3LFCC_Zybo/Vitis_3adc/3LFCC_3adc_platform/ps7_cortexa9_0/standalone_domain/bsp/system.mss
TRACE::2024-08-13.16:53:27::SCWMssOS::DEBUG:  swdes dump  D:/Programs/Proyecto_3LFCC_Zybo/Vitis_3adc/3LFCC_3adc_platform/ps7_cortexa9_0/standalone_domain/bsp/system.mss|system_0||
D:/Programs/Proyecto_3LFCC_Zybo/Vitis_3adc/3LFCC_3adc_platform/zynq_fsbl/zynq_fsbl_bsp/system.mss|system||

TRACE::2024-08-13.16:53:27::SCWMssOS::Sw design exists and opened at  D:/Programs/Proyecto_3LFCC_Zybo/Vitis_3adc/3LFCC_3adc_platform/ps7_cortexa9_0/standalone_domain/bsp/system.mss
TRACE::2024-08-13.16:53:27::SCWWriter::formatted JSON is {
	"platformName":	"3LFCC_3adc_platform",
	"sprVersion":	"2.0",
	"mode":	"gui",
	"dsaType":	"Fixed",
	"platformDesc":	"3LFCC_3adc_platform",
	"platHandOff":	"D:/Projects_Embedded/Closed_Loop/Vivado/Design_Closed_Loop_3adc.xsa",
	"platIntHandOff":	"<platformDir>/hw/Design_Closed_Loop_3adc.xsa",
	"deviceType":	"zynq",
	"platIsPrebuiltAutogen":	"false",
	"platIsNoBootBsp":	"false",
	"hasFsblMakeHasChanges":	"false",
	"hasPmufwMakeHasChanges":	"false",
	"fsblExtraCompilerFlags":	"-MMD -MP       -mcpu=cortex-a9 -mfpu=vfpv3 -mfloat-abi=hard ",
	"platPreBuiltFlag":	false,
	"platformSamplesDir":	"",
	"platActiveSys":	"3LFCC_3adc_platform",
	"systems":	[{
			"systemName":	"3LFCC_3adc_platform",
			"systemDesc":	"3LFCC_3adc_platform",
			"sysIsBootAutoGen":	"true",
			"systemDispName":	"3LFCC_3adc_platform",
			"sysActiveDom":	"standalone_domain",
			"sysDefaultDom":	"standalone_domain",
			"domains":	[{
					"domainName":	"zynq_fsbl",
					"domainDispName":	"zynq_fsbl",
					"domainDesc":	"FSBL Application BSP - Auto Generated.",
					"processors":	"ps7_cortexa9_0",
					"os":	"standalone",
					"sdxOs":	"standalone",
					"debugEnable":	"",
					"domRuntimes":	["cpp"],
					"swRepo":	"",
					"mssOsVer":	"9.0",
					"mssFile":	"",
					"md5Digest":	"ace6a4eb4a18a3154354155bb949edb7",
					"compatibleApp":	"zynq_fsbl",
					"domType":	"bootDomain",
					"arch":	"32-bit",
					"appSettings":	{
						"appCompilerFlags":	"",
						"appLinkerFlags":	""
					},
					"addedLibs":	["xilffs:5.1", "xilrsa:1.7"],
					"libOptions":	{
						"libsContainingOptions":	[]
					},
					"prebuiltLibs":	{
						"prebuiltIncPath":	[],
						"prebuiltLibPath":	[]
					},
					"isolation":	{
					}
				}, {
					"domainName":	"standalone_domain",
					"domainDispName":	"standalone on ps7_cortexa9_0",
					"domainDesc":	"standalone_domain",
					"processors":	"ps7_cortexa9_0",
					"os":	"standalone",
					"sdxOs":	"standalone",
					"qemuArgs":	"<platformDir>/resources/3LFCC_3adc_platform/standalone_domain/qemu_args.txt",
					"qemuData":	"<platformDir>/resources/3LFCC_3adc_platform/standalone_domain/qemu",
					"debugEnable":	"False",
					"domRuntimes":	["cpp"],
					"swRepo":	"",
					"mssOsVer":	"9.0",
					"mssFile":	"",
					"md5Digest":	"e42d5fb8e1321f34bbe9f9b7aa0fb81a",
					"compatibleApp":	"",
					"domType":	"mssDomain",
					"appSettings":	{
						"appCompilerFlags":	"",
						"appLinkerFlags":	""
					},
					"addedLibs":	[],
					"libOptions":	{
						"libsContainingOptions":	[]
					},
					"prebuiltLibs":	{
						"prebuiltIncPath":	[],
						"prebuiltLibPath":	[]
					},
					"isolation":	{
					}
				}]
		}]
}
KEYINFO::2024-08-13.16:53:27::SCWPlatform::updated the xpfm file.
TRACE::2024-08-13.16:53:29::SCWPlatform::Trying to open the hw design at D:/Programs/Proyecto_3LFCC_Zybo/Vitis_3adc/3LFCC_3adc_platform/hw/Design_Closed_Loop_3adc.xsa
TRACE::2024-08-13.16:53:29::SCWPlatform::DSA given D:/Programs/Proyecto_3LFCC_Zybo/Vitis_3adc/3LFCC_3adc_platform/hw/Design_Closed_Loop_3adc.xsa
TRACE::2024-08-13.16:53:29::SCWPlatform::DSA absoulate path D:/Programs/Proyecto_3LFCC_Zybo/Vitis_3adc/3LFCC_3adc_platform/hw/Design_Closed_Loop_3adc.xsa
TRACE::2024-08-13.16:53:29::SCWPlatform::DSA directory D:/Programs/Proyecto_3LFCC_Zybo/Vitis_3adc/3LFCC_3adc_platform/hw
TRACE::2024-08-13.16:53:29::SCWPlatform:: Platform Path D:/Programs/Proyecto_3LFCC_Zybo/Vitis_3adc/3LFCC_3adc_platform/hw/Design_Closed_Loop_3adc.xsa
TRACE::2024-08-13.16:53:29::SCWPlatform:: Unique name xilinx:zybo::0.0
TRACE::2024-08-13.16:53:29::SCWPlatform::Trying to set the existing hwdb with name Design_Closed_Loop_wrapper
TRACE::2024-08-13.16:53:29::SCWPlatform::Opened existing hwdb Design_Closed_Loop_wrapper
TRACE::2024-08-13.16:53:29::SCWPlatform::Found the Hw Db part of the input DSA
TRACE::2024-08-13.16:53:29::SCWMssOS::Checking the sw design at  D:/Programs/Proyecto_3LFCC_Zybo/Vitis_3adc/3LFCC_3adc_platform/ps7_cortexa9_0/standalone_domain/bsp/system.mss
TRACE::2024-08-13.16:53:29::SCWMssOS::DEBUG:  swdes dump  D:/Programs/Proyecto_3LFCC_Zybo/Vitis_3adc/3LFCC_3adc_platform/ps7_cortexa9_0/standalone_domain/bsp/system.mss|system_0||
D:/Programs/Proyecto_3LFCC_Zybo/Vitis_3adc/3LFCC_3adc_platform/zynq_fsbl/zynq_fsbl_bsp/system.mss|system||

TRACE::2024-08-13.16:53:29::SCWMssOS::Sw design exists and opened at  D:/Programs/Proyecto_3LFCC_Zybo/Vitis_3adc/3LFCC_3adc_platform/ps7_cortexa9_0/standalone_domain/bsp/system.mss
