TRACE::2024-08-09.15:04:54::SCWBifWriter::Found the complete platform D:/Projects_Embedded/Closed_Loop/Vitis_3adc/3LFCC_3adc_platform/export/3LFCC_3adc_platform/3LFCC_3adc_platform.xpfm
TRACE::2024-08-09.15:04:54::SCWBifWriter::hardware databse : Design_Closed_Loop_wrapper_3
TRACE::2024-08-09.15:04:54::SCWBifWriter::bitstream found in the design
TRACE::2024-08-09.15:04:54::SCWBifWriter::Found a baremetal domain, proc: ps7_cortexa9_0
TRACE::2024-08-09.15:04:54::SCWBifWriter::proc type : 
TRACE::2024-08-09.15:04:54::SCWBifWriter::proc[0] : ps7_cortexa9_0
TRACE::2024-08-09.15:04:54::SCWBifWriter::Device type is : zynq
TRACE::2024-08-09.15:04:54::SCWBifWriter::Writing BIF to file : D:/Projects_Embedded/Closed_Loop/Vitis_3adc/CLC_3adc_system/Debug/system.bif
TRACE::2024-08-09.15:04:54::SCWBifWriter::Writing the Zynq Baremetal bif 
TRACE::2024-08-09.15:12:41::SCWBifWriter::Found the complete platform D:/Projects_Embedded/Closed_Loop/Vitis_3adc/3LFCC_3adc_platform/export/3LFCC_3adc_platform/3LFCC_3adc_platform.xpfm
TRACE::2024-08-09.15:12:41::SCWBifWriter::hardware databse : Design_Closed_Loop_wrapper_3
TRACE::2024-08-09.15:12:41::SCWBifWriter::bitstream found in the design
TRACE::2024-08-09.15:12:41::SCWBifWriter::Found a baremetal domain, proc: ps7_cortexa9_0
TRACE::2024-08-09.15:12:41::SCWBifWriter::proc type : 
TRACE::2024-08-09.15:12:41::SCWBifWriter::proc[0] : ps7_cortexa9_0
TRACE::2024-08-09.15:12:41::SCWBifWriter::Device type is : zynq
TRACE::2024-08-09.15:12:41::SCWBifWriter::Writing BIF to file : D:/Projects_Embedded/Closed_Loop/Vitis_3adc/CLC_3adc_system/Debug/system.bif
TRACE::2024-08-09.15:12:41::SCWBifWriter::Writing the Zynq Baremetal bif 
TRACE::2024-08-09.15:24:07::SCWBifWriter::Found the complete platform D:/Projects_Embedded/Closed_Loop/Vitis_3adc/3LFCC_3adc_platform/export/3LFCC_3adc_platform/3LFCC_3adc_platform.xpfm
TRACE::2024-08-09.15:24:07::SCWBifWriter::hardware databse : Design_Closed_Loop_wrapper_3
TRACE::2024-08-09.15:24:07::SCWBifWriter::bitstream found in the design
TRACE::2024-08-09.15:24:07::SCWBifWriter::Found a baremetal domain, proc: ps7_cortexa9_0
TRACE::2024-08-09.15:24:07::SCWBifWriter::proc type : 
TRACE::2024-08-09.15:24:07::SCWBifWriter::proc[0] : ps7_cortexa9_0
TRACE::2024-08-09.15:24:07::SCWBifWriter::Device type is : zynq
TRACE::2024-08-09.15:24:07::SCWBifWriter::Writing BIF to file : D:/Projects_Embedded/Closed_Loop/Vitis_3adc/CLC_3adc_system/Debug/system.bif
TRACE::2024-08-09.15:24:07::SCWBifWriter::Writing the Zynq Baremetal bif 
TRACE::2024-08-09.15:28:05::SCWBifWriter::Found the complete platform D:/Projects_Embedded/Closed_Loop/Vitis_3adc/3LFCC_3adc_platform/export/3LFCC_3adc_platform/3LFCC_3adc_platform.xpfm
TRACE::2024-08-09.15:28:05::SCWBifWriter::hardware databse : Design_Closed_Loop_wrapper_3
TRACE::2024-08-09.15:28:05::SCWBifWriter::bitstream found in the design
TRACE::2024-08-09.15:28:05::SCWBifWriter::Found a baremetal domain, proc: ps7_cortexa9_0
TRACE::2024-08-09.15:28:05::SCWBifWriter::proc type : 
TRACE::2024-08-09.15:28:05::SCWBifWriter::proc[0] : ps7_cortexa9_0
TRACE::2024-08-09.15:28:05::SCWBifWriter::Device type is : zynq
TRACE::2024-08-09.15:28:05::SCWBifWriter::Writing BIF to file : D:/Projects_Embedded/Closed_Loop/Vitis_3adc/CLC_3adc_system/Debug/system.bif
TRACE::2024-08-09.15:28:05::SCWBifWriter::Writing the Zynq Baremetal bif 
TRACE::2024-08-09.15:33:32::SCWBifWriter::Found the complete platform D:/Projects_Embedded/Closed_Loop/Vitis_3adc/3LFCC_3adc_platform/export/3LFCC_3adc_platform/3LFCC_3adc_platform.xpfm
TRACE::2024-08-09.15:33:32::SCWBifWriter::hardware databse : Design_Closed_Loop_wrapper_3
TRACE::2024-08-09.15:33:32::SCWBifWriter::bitstream found in the design
TRACE::2024-08-09.15:33:32::SCWBifWriter::Found a baremetal domain, proc: ps7_cortexa9_0
TRACE::2024-08-09.15:33:32::SCWBifWriter::proc type : 
TRACE::2024-08-09.15:33:32::SCWBifWriter::proc[0] : ps7_cortexa9_0
TRACE::2024-08-09.15:33:32::SCWBifWriter::Device type is : zynq
TRACE::2024-08-09.15:33:32::SCWBifWriter::Writing BIF to file : D:/Projects_Embedded/Closed_Loop/Vitis_3adc/CLC_3adc_system/Debug/system.bif
TRACE::2024-08-09.15:33:32::SCWBifWriter::Writing the Zynq Baremetal bif 
TRACE::2024-08-09.17:37:42::SCWBifWriter::Found the complete platform D:/Projects_Embedded/Closed_Loop/Vitis_3adc/3LFCC_3adc_platform/export/3LFCC_3adc_platform/3LFCC_3adc_platform.xpfm
TRACE::2024-08-09.17:37:42::SCWBifWriter::hardware databse : Design_Closed_Loop_wrapper_0
TRACE::2024-08-09.17:37:42::SCWBifWriter::bitstream found in the design
TRACE::2024-08-09.17:37:42::SCWBifWriter::Found a baremetal domain, proc: ps7_cortexa9_0
TRACE::2024-08-09.17:37:42::SCWBifWriter::proc type : 
TRACE::2024-08-09.17:37:42::SCWBifWriter::proc[0] : ps7_cortexa9_0
TRACE::2024-08-09.17:37:42::SCWBifWriter::Device type is : zynq
TRACE::2024-08-09.17:37:42::SCWBifWriter::Writing BIF to file : D:/Projects_Embedded/Closed_Loop/Vitis_3adc/CLC_3adc_system/Debug/system.bif
TRACE::2024-08-09.17:37:42::SCWBifWriter::Writing the Zynq Baremetal bif 
TRACE::2024-08-09.17:54:11::SCWBifWriter::Found the complete platform D:/Projects_Embedded/Closed_Loop/Vitis_3adc/3LFCC_3adc_platform/export/3LFCC_3adc_platform/3LFCC_3adc_platform.xpfm
TRACE::2024-08-09.17:54:11::SCWBifWriter::hardware databse : Design_Closed_Loop_wrapper_0
TRACE::2024-08-09.17:54:11::SCWBifWriter::bitstream found in the design
TRACE::2024-08-09.17:54:11::SCWBifWriter::Found a baremetal domain, proc: ps7_cortexa9_0
TRACE::2024-08-09.17:54:11::SCWBifWriter::proc type : 
TRACE::2024-08-09.17:54:11::SCWBifWriter::proc[0] : ps7_cortexa9_0
TRACE::2024-08-09.17:54:11::SCWBifWriter::Device type is : zynq
TRACE::2024-08-09.17:54:11::SCWBifWriter::Writing BIF to file : D:/Projects_Embedded/Closed_Loop/Vitis_3adc/CLC_3adc_system/Debug/system.bif
TRACE::2024-08-09.17:54:11::SCWBifWriter::Writing the Zynq Baremetal bif 
TRACE::2024-08-09.17:55:26::SCWBifWriter::Found the complete platform D:/Projects_Embedded/Closed_Loop/Vitis_3adc/3LFCC_3adc_platform/export/3LFCC_3adc_platform/3LFCC_3adc_platform.xpfm
TRACE::2024-08-09.17:55:27::SCWBifWriter::hardware databse : Design_Closed_Loop_wrapper_0
TRACE::2024-08-09.17:55:27::SCWBifWriter::bitstream found in the design
TRACE::2024-08-09.17:55:27::SCWBifWriter::Found a baremetal domain, proc: ps7_cortexa9_0
TRACE::2024-08-09.17:55:27::SCWBifWriter::proc type : 
TRACE::2024-08-09.17:55:27::SCWBifWriter::proc[0] : ps7_cortexa9_0
TRACE::2024-08-09.17:55:27::SCWBifWriter::Device type is : zynq
TRACE::2024-08-09.17:55:27::SCWBifWriter::Writing BIF to file : D:/Projects_Embedded/Closed_Loop/Vitis_3adc/CLC_3adc_system/Debug/system.bif
TRACE::2024-08-09.17:55:27::SCWBifWriter::Writing the Zynq Baremetal bif 
TRACE::2024-08-09.17:56:17::SCWBifWriter::Found the complete platform D:/Projects_Embedded/Closed_Loop/Vitis_3adc/3LFCC_3adc_platform/export/3LFCC_3adc_platform/3LFCC_3adc_platform.xpfm
TRACE::2024-08-09.17:56:17::SCWBifWriter::hardware databse : Design_Closed_Loop_wrapper_0
TRACE::2024-08-09.17:56:17::SCWBifWriter::bitstream found in the design
TRACE::2024-08-09.17:56:17::SCWBifWriter::Found a baremetal domain, proc: ps7_cortexa9_0
TRACE::2024-08-09.17:56:17::SCWBifWriter::proc type : 
TRACE::2024-08-09.17:56:17::SCWBifWriter::proc[0] : ps7_cortexa9_0
TRACE::2024-08-09.17:56:17::SCWBifWriter::Device type is : zynq
TRACE::2024-08-09.17:56:17::SCWBifWriter::Writing BIF to file : D:/Projects_Embedded/Closed_Loop/Vitis_3adc/CLC_3adc_system/Debug/system.bif
TRACE::2024-08-09.17:56:17::SCWBifWriter::Writing the Zynq Baremetal bif 
TRACE::2024-08-09.17:57:09::SCWBifWriter::Found the complete platform D:/Projects_Embedded/Closed_Loop/Vitis_3adc/3LFCC_3adc_platform/export/3LFCC_3adc_platform/3LFCC_3adc_platform.xpfm
TRACE::2024-08-09.17:57:09::SCWBifWriter::hardware databse : Design_Closed_Loop_wrapper_0
TRACE::2024-08-09.17:57:09::SCWBifWriter::bitstream found in the design
TRACE::2024-08-09.17:57:09::SCWBifWriter::Found a baremetal domain, proc: ps7_cortexa9_0
TRACE::2024-08-09.17:57:09::SCWBifWriter::proc type : 
TRACE::2024-08-09.17:57:09::SCWBifWriter::proc[0] : ps7_cortexa9_0
TRACE::2024-08-09.17:57:09::SCWBifWriter::Device type is : zynq
TRACE::2024-08-09.17:57:09::SCWBifWriter::Writing BIF to file : D:/Projects_Embedded/Closed_Loop/Vitis_3adc/CLC_3adc_system/Debug/system.bif
TRACE::2024-08-09.17:57:09::SCWBifWriter::Writing the Zynq Baremetal bif 
TRACE::2024-08-09.17:59:01::SCWBifWriter::Found the complete platform D:/Projects_Embedded/Closed_Loop/Vitis_3adc/3LFCC_3adc_platform/export/3LFCC_3adc_platform/3LFCC_3adc_platform.xpfm
TRACE::2024-08-09.17:59:01::SCWBifWriter::hardware databse : Design_Closed_Loop_wrapper_0
TRACE::2024-08-09.17:59:01::SCWBifWriter::bitstream found in the design
TRACE::2024-08-09.17:59:01::SCWBifWriter::Found a baremetal domain, proc: ps7_cortexa9_0
TRACE::2024-08-09.17:59:01::SCWBifWriter::proc type : 
TRACE::2024-08-09.17:59:01::SCWBifWriter::proc[0] : ps7_cortexa9_0
TRACE::2024-08-09.17:59:01::SCWBifWriter::Device type is : zynq
TRACE::2024-08-09.17:59:01::SCWBifWriter::Writing BIF to file : D:/Projects_Embedded/Closed_Loop/Vitis_3adc/CLC_3adc_system/Debug/system.bif
TRACE::2024-08-09.17:59:01::SCWBifWriter::Writing the Zynq Baremetal bif 
TRACE::2024-08-09.17:59:50::SCWBifWriter::Found the complete platform D:/Projects_Embedded/Closed_Loop/Vitis_3adc/3LFCC_3adc_platform/export/3LFCC_3adc_platform/3LFCC_3adc_platform.xpfm
TRACE::2024-08-09.17:59:50::SCWBifWriter::hardware databse : Design_Closed_Loop_wrapper_0
TRACE::2024-08-09.17:59:50::SCWBifWriter::bitstream found in the design
TRACE::2024-08-09.17:59:50::SCWBifWriter::Found a baremetal domain, proc: ps7_cortexa9_0
TRACE::2024-08-09.17:59:50::SCWBifWriter::proc type : 
TRACE::2024-08-09.17:59:50::SCWBifWriter::proc[0] : ps7_cortexa9_0
TRACE::2024-08-09.17:59:50::SCWBifWriter::Device type is : zynq
TRACE::2024-08-09.17:59:50::SCWBifWriter::Writing BIF to file : D:/Projects_Embedded/Closed_Loop/Vitis_3adc/CLC_3adc_system/Debug/system.bif
TRACE::2024-08-09.17:59:50::SCWBifWriter::Writing the Zynq Baremetal bif 
TRACE::2024-08-09.18:01:01::SCWBifWriter::Found the complete platform D:/Projects_Embedded/Closed_Loop/Vitis_3adc/3LFCC_3adc_platform/export/3LFCC_3adc_platform/3LFCC_3adc_platform.xpfm
TRACE::2024-08-09.18:01:01::SCWBifWriter::hardware databse : Design_Closed_Loop_wrapper_0
TRACE::2024-08-09.18:01:01::SCWBifWriter::bitstream found in the design
TRACE::2024-08-09.18:01:01::SCWBifWriter::Found a baremetal domain, proc: ps7_cortexa9_0
TRACE::2024-08-09.18:01:01::SCWBifWriter::proc type : 
TRACE::2024-08-09.18:01:01::SCWBifWriter::proc[0] : ps7_cortexa9_0
TRACE::2024-08-09.18:01:01::SCWBifWriter::Device type is : zynq
TRACE::2024-08-09.18:01:01::SCWBifWriter::Writing BIF to file : D:/Projects_Embedded/Closed_Loop/Vitis_3adc/CLC_3adc_system/Debug/system.bif
TRACE::2024-08-09.18:01:01::SCWBifWriter::Writing the Zynq Baremetal bif 
TRACE::2024-08-12.14:09:50::SCWBifWriter::Found the complete platform D:/Projects_Embedded/Closed_Loop/Vitis_3adc/3LFCC_3adc_platform/export/3LFCC_3adc_platform/3LFCC_3adc_platform.xpfm
TRACE::2024-08-12.14:09:50::SCWBifWriter::hardware databse : Design_Closed_Loop_wrapper
TRACE::2024-08-12.14:09:50::SCWBifWriter::bitstream found in the design
TRACE::2024-08-12.14:09:50::SCWBifWriter::Found a baremetal domain, proc: ps7_cortexa9_0
TRACE::2024-08-12.14:09:50::SCWBifWriter::proc type : 
TRACE::2024-08-12.14:09:50::SCWBifWriter::proc[0] : ps7_cortexa9_0
TRACE::2024-08-12.14:09:50::SCWBifWriter::Device type is : zynq
TRACE::2024-08-12.14:09:50::SCWBifWriter::Writing BIF to file : D:/Projects_Embedded/Closed_Loop/Vitis_3adc/CLC_3adc_system/Debug/system.bif
TRACE::2024-08-12.14:09:50::SCWBifWriter::Writing the Zynq Baremetal bif 
TRACE::2024-08-12.14:56:22::SCWBifWriter::Found the complete platform D:/Projects_Embedded/Closed_Loop/Vitis_3adc/3LFCC_3adc_platform/export/3LFCC_3adc_platform/3LFCC_3adc_platform.xpfm
TRACE::2024-08-12.14:56:22::SCWBifWriter::hardware databse : Design_Closed_Loop_wrapper_4
TRACE::2024-08-12.14:56:22::SCWBifWriter::bitstream found in the design
TRACE::2024-08-12.14:56:22::SCWBifWriter::Found a baremetal domain, proc: ps7_cortexa9_0
TRACE::2024-08-12.14:56:22::SCWBifWriter::proc type : 
TRACE::2024-08-12.14:56:22::SCWBifWriter::proc[0] : ps7_cortexa9_0
TRACE::2024-08-12.14:56:22::SCWBifWriter::Device type is : zynq
TRACE::2024-08-12.14:56:22::SCWBifWriter::Writing BIF to file : D:/Projects_Embedded/Closed_Loop/Vitis_3adc/CLC_3adc_system/Debug/system.bif
TRACE::2024-08-12.14:56:22::SCWBifWriter::Writing the Zynq Baremetal bif 
TRACE::2024-08-12.14:57:37::SCWBifWriter::Found the complete platform D:/Projects_Embedded/Closed_Loop/Vitis_3adc/3LFCC_3adc_platform/export/3LFCC_3adc_platform/3LFCC_3adc_platform.xpfm
TRACE::2024-08-12.14:57:37::SCWBifWriter::hardware databse : Design_Closed_Loop_wrapper_5
TRACE::2024-08-12.14:57:37::SCWBifWriter::bitstream found in the design
TRACE::2024-08-12.14:57:37::SCWBifWriter::Found a baremetal domain, proc: ps7_cortexa9_0
TRACE::2024-08-12.14:57:37::SCWBifWriter::proc type : 
TRACE::2024-08-12.14:57:37::SCWBifWriter::proc[0] : ps7_cortexa9_0
TRACE::2024-08-12.14:57:37::SCWBifWriter::Device type is : zynq
TRACE::2024-08-12.14:57:37::SCWBifWriter::Writing BIF to file : D:/Projects_Embedded/Closed_Loop/Vitis_3adc/CLC_3adc_system/Debug/system.bif
TRACE::2024-08-12.14:57:37::SCWBifWriter::Writing the Zynq Baremetal bif 
TRACE::2024-08-12.14:59:03::SCWBifWriter::Found the complete platform D:/Projects_Embedded/Closed_Loop/Vitis_3adc/3LFCC_3adc_platform/export/3LFCC_3adc_platform/3LFCC_3adc_platform.xpfm
TRACE::2024-08-12.14:59:03::SCWBifWriter::hardware databse : Design_Closed_Loop_wrapper_6
TRACE::2024-08-12.14:59:03::SCWBifWriter::bitstream found in the design
TRACE::2024-08-12.14:59:03::SCWBifWriter::Found a baremetal domain, proc: ps7_cortexa9_0
TRACE::2024-08-12.14:59:03::SCWBifWriter::proc type : 
TRACE::2024-08-12.14:59:03::SCWBifWriter::proc[0] : ps7_cortexa9_0
TRACE::2024-08-12.14:59:03::SCWBifWriter::Device type is : zynq
TRACE::2024-08-12.14:59:03::SCWBifWriter::Writing BIF to file : D:/Projects_Embedded/Closed_Loop/Vitis_3adc/CLC_3adc_system/Debug/system.bif
TRACE::2024-08-12.14:59:03::SCWBifWriter::Writing the Zynq Baremetal bif 
TRACE::2024-08-12.15:01:21::SCWBifWriter::Found the complete platform D:/Projects_Embedded/Closed_Loop/Vitis_3adc/3LFCC_3adc_platform/export/3LFCC_3adc_platform/3LFCC_3adc_platform.xpfm
TRACE::2024-08-12.15:01:21::SCWBifWriter::hardware databse : Design_Closed_Loop_wrapper_7
TRACE::2024-08-12.15:01:21::SCWBifWriter::bitstream found in the design
TRACE::2024-08-12.15:01:21::SCWBifWriter::Found a baremetal domain, proc: ps7_cortexa9_0
TRACE::2024-08-12.15:01:21::SCWBifWriter::proc type : 
TRACE::2024-08-12.15:01:21::SCWBifWriter::proc[0] : ps7_cortexa9_0
TRACE::2024-08-12.15:01:21::SCWBifWriter::Device type is : zynq
TRACE::2024-08-12.15:01:21::SCWBifWriter::Writing BIF to file : D:/Projects_Embedded/Closed_Loop/Vitis_3adc/CLC_3adc_system/Debug/system.bif
TRACE::2024-08-12.15:01:21::SCWBifWriter::Writing the Zynq Baremetal bif 
TRACE::2024-08-12.15:02:23::SCWBifWriter::Found the complete platform D:/Projects_Embedded/Closed_Loop/Vitis_3adc/3LFCC_3adc_platform/export/3LFCC_3adc_platform/3LFCC_3adc_platform.xpfm
TRACE::2024-08-12.15:02:24::SCWBifWriter::hardware databse : Design_Closed_Loop_wrapper_8
TRACE::2024-08-12.15:02:24::SCWBifWriter::bitstream found in the design
TRACE::2024-08-12.15:02:24::SCWBifWriter::Found a baremetal domain, proc: ps7_cortexa9_0
TRACE::2024-08-12.15:02:24::SCWBifWriter::proc type : 
TRACE::2024-08-12.15:02:24::SCWBifWriter::proc[0] : ps7_cortexa9_0
TRACE::2024-08-12.15:02:24::SCWBifWriter::Device type is : zynq
TRACE::2024-08-12.15:02:24::SCWBifWriter::Writing BIF to file : D:/Projects_Embedded/Closed_Loop/Vitis_3adc/CLC_3adc_system/Debug/system.bif
TRACE::2024-08-12.15:02:24::SCWBifWriter::Writing the Zynq Baremetal bif 
TRACE::2024-08-12.16:28:37::SCWBifWriter::Found the complete platform D:/Projects_Embedded/Closed_Loop/Vitis_3adc/3LFCC_3adc_platform/export/3LFCC_3adc_platform/3LFCC_3adc_platform.xpfm
TRACE::2024-08-12.16:28:37::SCWBifWriter::hardware databse : Design_Closed_Loop_wrapper
TRACE::2024-08-12.16:28:37::SCWBifWriter::bitstream found in the design
TRACE::2024-08-12.16:28:37::SCWBifWriter::Found a baremetal domain, proc: ps7_cortexa9_0
TRACE::2024-08-12.16:28:37::SCWBifWriter::proc type : 
TRACE::2024-08-12.16:28:37::SCWBifWriter::proc[0] : ps7_cortexa9_0
TRACE::2024-08-12.16:28:37::SCWBifWriter::Device type is : zynq
TRACE::2024-08-12.16:28:37::SCWBifWriter::Writing BIF to file : D:/Projects_Embedded/Closed_Loop/Vitis_3adc/CLC_3adc_system/Debug/system.bif
TRACE::2024-08-12.16:28:37::SCWBifWriter::Writing the Zynq Baremetal bif 
TRACE::2024-08-13.10:15:06::SCWBifWriter::Found the complete platform D:/Projects_Embedded/Closed_Loop/Vitis_3adc/3LFCC_3adc_platform/export/3LFCC_3adc_platform/3LFCC_3adc_platform.xpfm
TRACE::2024-08-13.10:15:06::SCWBifWriter::hardware databse : Design_Closed_Loop_wrapper
TRACE::2024-08-13.10:15:06::SCWBifWriter::bitstream found in the design
TRACE::2024-08-13.10:15:06::SCWBifWriter::Found a baremetal domain, proc: ps7_cortexa9_0
TRACE::2024-08-13.10:15:06::SCWBifWriter::proc type : 
TRACE::2024-08-13.10:15:06::SCWBifWriter::proc[0] : ps7_cortexa9_0
TRACE::2024-08-13.10:15:06::SCWBifWriter::Device type is : zynq
TRACE::2024-08-13.10:15:06::SCWBifWriter::Writing BIF to file : D:/Projects_Embedded/Closed_Loop/Vitis_3adc/CLC_3adc_system/Debug/system.bif
TRACE::2024-08-13.10:15:06::SCWBifWriter::Writing the Zynq Baremetal bif 
TRACE::2024-08-13.10:15:30::SCWBifWriter::Found the complete platform D:/Projects_Embedded/Closed_Loop/Vitis_3adc/3LFCC_3adc_platform/export/3LFCC_3adc_platform/3LFCC_3adc_platform.xpfm
TRACE::2024-08-13.10:15:30::SCWBifWriter::hardware databse : Design_Closed_Loop_wrapper
TRACE::2024-08-13.10:15:30::SCWBifWriter::bitstream found in the design
TRACE::2024-08-13.10:15:30::SCWBifWriter::Found a baremetal domain, proc: ps7_cortexa9_0
TRACE::2024-08-13.10:15:30::SCWBifWriter::proc type : 
TRACE::2024-08-13.10:15:30::SCWBifWriter::proc[0] : ps7_cortexa9_0
TRACE::2024-08-13.10:15:30::SCWBifWriter::Device type is : zynq
TRACE::2024-08-13.10:15:30::SCWBifWriter::Writing BIF to file : D:/Projects_Embedded/Closed_Loop/Vitis_3adc/CLC_3adc_system/Debug/system.bif
TRACE::2024-08-13.10:15:30::SCWBifWriter::Writing the Zynq Baremetal bif 
TRACE::2024-08-13.10:27:57::SCWBifWriter::Found the complete platform D:/Projects_Embedded/Closed_Loop/Vitis_3adc/3LFCC_3adc_platform/export/3LFCC_3adc_platform/3LFCC_3adc_platform.xpfm
TRACE::2024-08-13.10:27:57::SCWBifWriter::hardware databse : Design_Closed_Loop_wrapper
TRACE::2024-08-13.10:27:57::SCWBifWriter::bitstream found in the design
TRACE::2024-08-13.10:27:57::SCWBifWriter::Found a baremetal domain, proc: ps7_cortexa9_0
TRACE::2024-08-13.10:27:57::SCWBifWriter::proc type : 
TRACE::2024-08-13.10:27:57::SCWBifWriter::proc[0] : ps7_cortexa9_0
TRACE::2024-08-13.10:27:57::SCWBifWriter::Device type is : zynq
TRACE::2024-08-13.10:27:57::SCWBifWriter::Writing BIF to file : D:/Projects_Embedded/Closed_Loop/Vitis_3adc/CLC_3adc_system/Debug/system.bif
TRACE::2024-08-13.10:27:57::SCWBifWriter::Writing the Zynq Baremetal bif 
TRACE::2024-08-13.10:29:05::SCWBifWriter::Found the complete platform D:/Projects_Embedded/Closed_Loop/Vitis_3adc/3LFCC_3adc_platform/export/3LFCC_3adc_platform/3LFCC_3adc_platform.xpfm
TRACE::2024-08-13.10:29:06::SCWBifWriter::hardware databse : Design_Closed_Loop_wrapper_0
TRACE::2024-08-13.10:29:06::SCWBifWriter::bitstream found in the design
TRACE::2024-08-13.10:29:06::SCWBifWriter::Found a baremetal domain, proc: ps7_cortexa9_0
TRACE::2024-08-13.10:29:06::SCWBifWriter::proc type : 
TRACE::2024-08-13.10:29:06::SCWBifWriter::proc[0] : ps7_cortexa9_0
TRACE::2024-08-13.10:29:06::SCWBifWriter::Device type is : zynq
TRACE::2024-08-13.10:29:06::SCWBifWriter::Writing BIF to file : D:/Projects_Embedded/Closed_Loop/Vitis_3adc/CLC_3adc_system/Debug/system.bif
TRACE::2024-08-13.10:29:06::SCWBifWriter::Writing the Zynq Baremetal bif 
TRACE::2024-08-13.10:30:55::SCWBifWriter::Found the complete platform D:/Projects_Embedded/Closed_Loop/Vitis_3adc/3LFCC_3adc_platform/export/3LFCC_3adc_platform/3LFCC_3adc_platform.xpfm
TRACE::2024-08-13.10:30:55::SCWBifWriter::hardware databse : Design_Closed_Loop_wrapper_1
TRACE::2024-08-13.10:30:55::SCWBifWriter::bitstream found in the design
TRACE::2024-08-13.10:30:55::SCWBifWriter::Found a baremetal domain, proc: ps7_cortexa9_0
TRACE::2024-08-13.10:30:55::SCWBifWriter::proc type : 
TRACE::2024-08-13.10:30:55::SCWBifWriter::proc[0] : ps7_cortexa9_0
TRACE::2024-08-13.10:30:55::SCWBifWriter::Device type is : zynq
TRACE::2024-08-13.10:30:55::SCWBifWriter::Writing BIF to file : D:/Projects_Embedded/Closed_Loop/Vitis_3adc/CLC_3adc_system/Debug/system.bif
TRACE::2024-08-13.10:30:55::SCWBifWriter::Writing the Zynq Baremetal bif 
TRACE::2024-08-13.16:17:31::SCWBifWriter::Found the complete platform D:/Projects_Embedded/Closed_Loop/Vitis_3adc/3LFCC_3adc_platform/export/3LFCC_3adc_platform/3LFCC_3adc_platform.xpfm
TRACE::2024-08-13.16:17:31::SCWBifWriter::hardware databse : Design_Closed_Loop_wrapper_2
TRACE::2024-08-13.16:17:31::SCWBifWriter::bitstream found in the design
TRACE::2024-08-13.16:17:31::SCWBifWriter::Found a baremetal domain, proc: ps7_cortexa9_0
TRACE::2024-08-13.16:17:31::SCWBifWriter::proc type : 
TRACE::2024-08-13.16:17:31::SCWBifWriter::proc[0] : ps7_cortexa9_0
TRACE::2024-08-13.16:17:31::SCWBifWriter::Device type is : zynq
TRACE::2024-08-13.16:17:31::SCWBifWriter::Writing BIF to file : D:/Projects_Embedded/Closed_Loop/Vitis_3adc/CLC_3adc_system/Debug/system.bif
TRACE::2024-08-13.16:17:31::SCWBifWriter::Writing the Zynq Baremetal bif 
TRACE::2024-08-13.16:17:48::SCWBifWriter::Found the complete platform D:/Projects_Embedded/Closed_Loop/Vitis_3adc/3LFCC_3adc_platform/export/3LFCC_3adc_platform/3LFCC_3adc_platform.xpfm
TRACE::2024-08-13.16:17:48::SCWBifWriter::hardware databse : Design_Closed_Loop_wrapper_2
TRACE::2024-08-13.16:17:48::SCWBifWriter::bitstream found in the design
TRACE::2024-08-13.16:17:48::SCWBifWriter::Found a baremetal domain, proc: ps7_cortexa9_0
TRACE::2024-08-13.16:17:48::SCWBifWriter::proc type : 
TRACE::2024-08-13.16:17:48::SCWBifWriter::proc[0] : ps7_cortexa9_0
TRACE::2024-08-13.16:17:48::SCWBifWriter::Device type is : zynq
TRACE::2024-08-13.16:17:48::SCWBifWriter::Writing BIF to file : D:/Projects_Embedded/Closed_Loop/Vitis_3adc/CLC_3adc_system/Debug/system.bif
TRACE::2024-08-13.16:17:48::SCWBifWriter::Writing the Zynq Baremetal bif 
TRACE::2024-08-13.16:23:57::SCWBifWriter::Found the complete platform D:/Projects_Embedded/Closed_Loop/Vitis_3adc/3LFCC_3adc_platform/export/3LFCC_3adc_platform/3LFCC_3adc_platform.xpfm
TRACE::2024-08-13.16:23:57::SCWBifWriter::hardware databse : Design_Closed_Loop_wrapper_3
TRACE::2024-08-13.16:23:57::SCWBifWriter::bitstream found in the design
TRACE::2024-08-13.16:23:57::SCWBifWriter::Found a baremetal domain, proc: ps7_cortexa9_0
TRACE::2024-08-13.16:23:57::SCWBifWriter::proc type : 
TRACE::2024-08-13.16:23:57::SCWBifWriter::proc[0] : ps7_cortexa9_0
TRACE::2024-08-13.16:23:57::SCWBifWriter::Device type is : zynq
TRACE::2024-08-13.16:23:57::SCWBifWriter::Writing BIF to file : D:/Projects_Embedded/Closed_Loop/Vitis_3adc/CLC_3adc_system/Debug/system.bif
TRACE::2024-08-13.16:23:57::SCWBifWriter::Writing the Zynq Baremetal bif 
TRACE::2024-08-13.16:53:40::SCWBifWriter::Found the complete platform D:/Programs/Proyecto_3LFCC_Zybo/Vitis_3adc/3LFCC_3adc_platform/export/3LFCC_3adc_platform/3LFCC_3adc_platform.xpfm
TRACE::2024-08-13.16:53:40::SCWBifWriter::hardware databse : Design_Closed_Loop_wrapper_0
TRACE::2024-08-13.16:53:40::SCWBifWriter::bitstream found in the design
TRACE::2024-08-13.16:53:40::SCWBifWriter::Found a baremetal domain, proc: ps7_cortexa9_0
TRACE::2024-08-13.16:53:40::SCWBifWriter::proc type : 
TRACE::2024-08-13.16:53:40::SCWBifWriter::proc[0] : ps7_cortexa9_0
TRACE::2024-08-13.16:53:40::SCWBifWriter::Device type is : zynq
TRACE::2024-08-13.16:53:40::SCWBifWriter::Writing BIF to file : D:/Programs/Proyecto_3LFCC_Zybo/Vitis_3adc/CLC_3adc_system/Debug/system.bif
TRACE::2024-08-13.16:53:40::SCWBifWriter::Writing the Zynq Baremetal bif 
TRACE::2024-08-13.17:16:01::SCWBifWriter::Found the complete platform D:/Programs/Proyecto_3LFCC_Zybo/Vitis_3adc/3LFCC_3adc_platform/export/3LFCC_3adc_platform/3LFCC_3adc_platform.xpfm
TRACE::2024-08-13.17:16:01::SCWBifWriter::hardware databse : Design_Closed_Loop_wrapper_0
TRACE::2024-08-13.17:16:01::SCWBifWriter::bitstream found in the design
TRACE::2024-08-13.17:16:01::SCWBifWriter::Found a baremetal domain, proc: ps7_cortexa9_0
TRACE::2024-08-13.17:16:01::SCWBifWriter::proc type : 
TRACE::2024-08-13.17:16:01::SCWBifWriter::proc[0] : ps7_cortexa9_0
TRACE::2024-08-13.17:16:01::SCWBifWriter::Device type is : zynq
TRACE::2024-08-13.17:16:01::SCWBifWriter::Writing BIF to file : D:/Programs/Proyecto_3LFCC_Zybo/Vitis_3adc/CLC_3adc_system/Debug/system.bif
TRACE::2024-08-13.17:16:01::SCWBifWriter::Writing the Zynq Baremetal bif 
TRACE::2024-08-13.17:17:02::SCWBifWriter::Found the complete platform D:/Programs/Proyecto_3LFCC_Zybo/Vitis_3adc/3LFCC_3adc_platform/export/3LFCC_3adc_platform/3LFCC_3adc_platform.xpfm
TRACE::2024-08-13.17:17:02::SCWBifWriter::hardware databse : Design_Closed_Loop_wrapper_0
TRACE::2024-08-13.17:17:02::SCWBifWriter::bitstream found in the design
TRACE::2024-08-13.17:17:02::SCWBifWriter::Found a baremetal domain, proc: ps7_cortexa9_0
TRACE::2024-08-13.17:17:02::SCWBifWriter::proc type : 
TRACE::2024-08-13.17:17:02::SCWBifWriter::proc[0] : ps7_cortexa9_0
TRACE::2024-08-13.17:17:02::SCWBifWriter::Device type is : zynq
TRACE::2024-08-13.17:17:02::SCWBifWriter::Writing BIF to file : D:/Programs/Proyecto_3LFCC_Zybo/Vitis_3adc/CLC_3adc_system/Debug/system.bif
TRACE::2024-08-13.17:17:02::SCWBifWriter::Writing the Zynq Baremetal bif 
TRACE::2024-08-16.14:35:11::SCWBifWriter::Found the complete platform D:/Programs/Proyecto_3LFCC_Zybo/Vitis_3adc/3LFCC_3adc_platform/export/3LFCC_3adc_platform/3LFCC_3adc_platform.xpfm
TRACE::2024-08-16.14:35:11::SCWBifWriter::hardware databse : Design_Closed_Loop_wrapper
TRACE::2024-08-16.14:35:11::SCWBifWriter::bitstream found in the design
TRACE::2024-08-16.14:35:11::SCWBifWriter::Found a baremetal domain, proc: ps7_cortexa9_0
TRACE::2024-08-16.14:35:11::SCWBifWriter::proc type : 
TRACE::2024-08-16.14:35:11::SCWBifWriter::proc[0] : ps7_cortexa9_0
TRACE::2024-08-16.14:35:11::SCWBifWriter::Device type is : zynq
TRACE::2024-08-16.14:35:11::SCWBifWriter::Writing BIF to file : D:/Programs/Proyecto_3LFCC_Zybo/Vitis_3adc/CLC_3adc_system/Debug/system.bif
TRACE::2024-08-16.14:35:11::SCWBifWriter::Writing the Zynq Baremetal bif 
TRACE::2024-08-16.14:35:35::SCWBifWriter::Found the complete platform D:/Programs/Proyecto_3LFCC_Zybo/Vitis_3adc/3LFCC_3adc_platform/export/3LFCC_3adc_platform/3LFCC_3adc_platform.xpfm
TRACE::2024-08-16.14:35:35::SCWBifWriter::hardware databse : Design_Closed_Loop_wrapper
TRACE::2024-08-16.14:35:35::SCWBifWriter::bitstream found in the design
TRACE::2024-08-16.14:35:35::SCWBifWriter::Found a baremetal domain, proc: ps7_cortexa9_0
TRACE::2024-08-16.14:35:35::SCWBifWriter::proc type : 
TRACE::2024-08-16.14:35:35::SCWBifWriter::proc[0] : ps7_cortexa9_0
TRACE::2024-08-16.14:35:35::SCWBifWriter::Device type is : zynq
TRACE::2024-08-16.14:35:35::SCWBifWriter::Writing BIF to file : D:/Programs/Proyecto_3LFCC_Zybo/Vitis_3adc/CLC_3adc_system/Debug/system.bif
TRACE::2024-08-16.14:35:35::SCWBifWriter::Writing the Zynq Baremetal bif 
TRACE::2024-08-16.14:56:18::SCWBifWriter::Found the complete platform D:/Programs/Proyecto_3LFCC_Zybo/Vitis_3adc/3LFCC_3adc_platform/export/3LFCC_3adc_platform/3LFCC_3adc_platform.xpfm
TRACE::2024-08-16.14:56:18::SCWBifWriter::hardware databse : Design_Closed_Loop_wrapper
TRACE::2024-08-16.14:56:18::SCWBifWriter::bitstream found in the design
TRACE::2024-08-16.14:56:18::SCWBifWriter::Found a baremetal domain, proc: ps7_cortexa9_0
TRACE::2024-08-16.14:56:18::SCWBifWriter::proc type : 
TRACE::2024-08-16.14:56:18::SCWBifWriter::proc[0] : ps7_cortexa9_0
TRACE::2024-08-16.14:56:18::SCWBifWriter::Device type is : zynq
TRACE::2024-08-16.14:56:18::SCWBifWriter::Writing BIF to file : D:/Programs/Proyecto_3LFCC_Zybo/Vitis_3adc/CLC_3adc_system/Debug/system.bif
TRACE::2024-08-16.14:56:18::SCWBifWriter::Writing the Zynq Baremetal bif 
TRACE::2024-08-16.15:45:18::SCWBifWriter::Found the complete platform D:/Programs/Proyecto_3LFCC_Zybo/Vitis_3adc/3LFCC_3adc_platform/export/3LFCC_3adc_platform/3LFCC_3adc_platform.xpfm
TRACE::2024-08-16.15:45:18::SCWBifWriter::hardware databse : Design_Closed_Loop_wrapper
TRACE::2024-08-16.15:45:18::SCWBifWriter::bitstream found in the design
TRACE::2024-08-16.15:45:18::SCWBifWriter::Found a baremetal domain, proc: ps7_cortexa9_0
TRACE::2024-08-16.15:45:18::SCWBifWriter::proc type : 
TRACE::2024-08-16.15:45:18::SCWBifWriter::proc[0] : ps7_cortexa9_0
TRACE::2024-08-16.15:45:18::SCWBifWriter::Device type is : zynq
TRACE::2024-08-16.15:45:18::SCWBifWriter::Writing BIF to file : D:/Programs/Proyecto_3LFCC_Zybo/Vitis_3adc/CLC_3adc_system/Debug/system.bif
TRACE::2024-08-16.15:45:18::SCWBifWriter::Writing the Zynq Baremetal bif 
TRACE::2024-08-16.15:45:34::SCWBifWriter::Found the complete platform D:/Programs/Proyecto_3LFCC_Zybo/Vitis_3adc/3LFCC_3adc_platform/export/3LFCC_3adc_platform/3LFCC_3adc_platform.xpfm
TRACE::2024-08-16.15:45:34::SCWBifWriter::hardware databse : Design_Closed_Loop_wrapper
TRACE::2024-08-16.15:45:34::SCWBifWriter::bitstream found in the design
TRACE::2024-08-16.15:45:34::SCWBifWriter::Found a baremetal domain, proc: ps7_cortexa9_0
TRACE::2024-08-16.15:45:34::SCWBifWriter::proc type : 
TRACE::2024-08-16.15:45:34::SCWBifWriter::proc[0] : ps7_cortexa9_0
TRACE::2024-08-16.15:45:34::SCWBifWriter::Device type is : zynq
TRACE::2024-08-16.15:45:34::SCWBifWriter::Writing BIF to file : D:/Programs/Proyecto_3LFCC_Zybo/Vitis_3adc/CLC_3adc_system/Debug/system.bif
TRACE::2024-08-16.15:45:34::SCWBifWriter::Writing the Zynq Baremetal bif 
TRACE::2024-08-19.12:26:49::SCWBifWriter::Found the complete platform D:/Programs/Proyecto_3LFCC_Zybo/Vitis_3adc/3LFCC_3adc_platform/export/3LFCC_3adc_platform/3LFCC_3adc_platform.xpfm
TRACE::2024-08-19.12:26:49::SCWBifWriter::hardware databse : Design_Closed_Loop_wrapper_0
TRACE::2024-08-19.12:26:49::SCWBifWriter::bitstream found in the design
TRACE::2024-08-19.12:26:49::SCWBifWriter::Found a baremetal domain, proc: ps7_cortexa9_0
TRACE::2024-08-19.12:26:49::SCWBifWriter::proc type : 
TRACE::2024-08-19.12:26:49::SCWBifWriter::proc[0] : ps7_cortexa9_0
TRACE::2024-08-19.12:26:49::SCWBifWriter::Device type is : zynq
TRACE::2024-08-19.12:26:49::SCWBifWriter::Writing BIF to file : D:/Programs/Proyecto_3LFCC_Zybo/Vitis_3adc/CLC_3adc_system/Debug/system.bif
TRACE::2024-08-19.12:26:49::SCWBifWriter::Writing the Zynq Baremetal bif 
TRACE::2024-08-19.14:20:54::SCWBifWriter::Found the complete platform D:/Programs/Proyecto_3LFCC_Zybo/Vitis_3adc/3LFCC_3adc_platform/export/3LFCC_3adc_platform/3LFCC_3adc_platform.xpfm
TRACE::2024-08-19.14:20:54::SCWBifWriter::hardware databse : Design_Closed_Loop_wrapper_4
TRACE::2024-08-19.14:20:54::SCWBifWriter::bitstream found in the design
TRACE::2024-08-19.14:20:54::SCWBifWriter::Found a baremetal domain, proc: ps7_cortexa9_0
TRACE::2024-08-19.14:20:54::SCWBifWriter::proc type : 
TRACE::2024-08-19.14:20:54::SCWBifWriter::proc[0] : ps7_cortexa9_0
TRACE::2024-08-19.14:20:54::SCWBifWriter::Device type is : zynq
TRACE::2024-08-19.14:20:54::SCWBifWriter::Writing BIF to file : D:/Programs/Proyecto_3LFCC_Zybo/Vitis_3adc/CLC_3adc_system/Debug/system.bif
TRACE::2024-08-19.14:20:54::SCWBifWriter::Writing the Zynq Baremetal bif 
TRACE::2024-08-19.14:22:12::SCWBifWriter::Found the complete platform D:/Programs/Proyecto_3LFCC_Zybo/Vitis_3adc/3LFCC_3adc_platform/export/3LFCC_3adc_platform/3LFCC_3adc_platform.xpfm
TRACE::2024-08-19.14:22:12::SCWBifWriter::hardware databse : Design_Closed_Loop_wrapper_4
TRACE::2024-08-19.14:22:12::SCWBifWriter::bitstream found in the design
TRACE::2024-08-19.14:22:12::SCWBifWriter::Found a baremetal domain, proc: ps7_cortexa9_0
TRACE::2024-08-19.14:22:12::SCWBifWriter::proc type : 
TRACE::2024-08-19.14:22:12::SCWBifWriter::proc[0] : ps7_cortexa9_0
TRACE::2024-08-19.14:22:12::SCWBifWriter::Device type is : zynq
TRACE::2024-08-19.14:22:12::SCWBifWriter::Writing BIF to file : D:/Programs/Proyecto_3LFCC_Zybo/Vitis_3adc/CLC_3adc_system/Debug/system.bif
TRACE::2024-08-19.14:22:12::SCWBifWriter::Writing the Zynq Baremetal bif 
TRACE::2024-08-19.14:23:09::SCWBifWriter::Found the complete platform D:/Programs/Proyecto_3LFCC_Zybo/Vitis_3adc/3LFCC_3adc_platform/export/3LFCC_3adc_platform/3LFCC_3adc_platform.xpfm
TRACE::2024-08-19.14:23:10::SCWBifWriter::hardware databse : Design_Closed_Loop_wrapper_4
TRACE::2024-08-19.14:23:10::SCWBifWriter::bitstream found in the design
TRACE::2024-08-19.14:23:10::SCWBifWriter::Found a baremetal domain, proc: ps7_cortexa9_0
TRACE::2024-08-19.14:23:10::SCWBifWriter::proc type : 
TRACE::2024-08-19.14:23:10::SCWBifWriter::proc[0] : ps7_cortexa9_0
TRACE::2024-08-19.14:23:10::SCWBifWriter::Device type is : zynq
TRACE::2024-08-19.14:23:10::SCWBifWriter::Writing BIF to file : D:/Programs/Proyecto_3LFCC_Zybo/Vitis_3adc/CLC_3adc_system/Debug/system.bif
TRACE::2024-08-19.14:23:10::SCWBifWriter::Writing the Zynq Baremetal bif 
TRACE::2024-08-19.14:24:18::SCWBifWriter::Found the complete platform D:/Programs/Proyecto_3LFCC_Zybo/Vitis_3adc/3LFCC_3adc_platform/export/3LFCC_3adc_platform/3LFCC_3adc_platform.xpfm
TRACE::2024-08-19.14:24:18::SCWBifWriter::hardware databse : Design_Closed_Loop_wrapper_4
TRACE::2024-08-19.14:24:18::SCWBifWriter::bitstream found in the design
TRACE::2024-08-19.14:24:18::SCWBifWriter::Found a baremetal domain, proc: ps7_cortexa9_0
TRACE::2024-08-19.14:24:18::SCWBifWriter::proc type : 
TRACE::2024-08-19.14:24:18::SCWBifWriter::proc[0] : ps7_cortexa9_0
TRACE::2024-08-19.14:24:18::SCWBifWriter::Device type is : zynq
TRACE::2024-08-19.14:24:18::SCWBifWriter::Writing BIF to file : D:/Programs/Proyecto_3LFCC_Zybo/Vitis_3adc/CLC_3adc_system/Debug/system.bif
TRACE::2024-08-19.14:24:18::SCWBifWriter::Writing the Zynq Baremetal bif 
TRACE::2024-08-19.14:58:02::SCWBifWriter::Found the complete platform D:/Programs/Proyecto_3LFCC_Zybo/Vitis_3adc/3LFCC_3adc_platform/export/3LFCC_3adc_platform/3LFCC_3adc_platform.xpfm
TRACE::2024-08-19.14:58:02::SCWBifWriter::hardware databse : Design_Closed_Loop_wrapper_11
TRACE::2024-08-19.14:58:02::SCWBifWriter::bitstream found in the design
TRACE::2024-08-19.14:58:02::SCWBifWriter::Found a baremetal domain, proc: ps7_cortexa9_0
TRACE::2024-08-19.14:58:02::SCWBifWriter::proc type : 
TRACE::2024-08-19.14:58:02::SCWBifWriter::proc[0] : ps7_cortexa9_0
TRACE::2024-08-19.14:58:02::SCWBifWriter::Device type is : zynq
TRACE::2024-08-19.14:58:02::SCWBifWriter::Writing BIF to file : D:/Programs/Proyecto_3LFCC_Zybo/Vitis_3adc/CLC_3adc_system/Debug/system.bif
TRACE::2024-08-19.14:58:02::SCWBifWriter::Writing the Zynq Baremetal bif 
TRACE::2024-08-19.14:58:29::SCWBifWriter::Found the complete platform D:/Programs/Proyecto_3LFCC_Zybo/Vitis_3adc/3LFCC_3adc_platform/export/3LFCC_3adc_platform/3LFCC_3adc_platform.xpfm
TRACE::2024-08-19.14:58:30::SCWBifWriter::hardware databse : Design_Closed_Loop_wrapper_11
TRACE::2024-08-19.14:58:30::SCWBifWriter::bitstream found in the design
TRACE::2024-08-19.14:58:30::SCWBifWriter::Found a baremetal domain, proc: ps7_cortexa9_0
TRACE::2024-08-19.14:58:30::SCWBifWriter::proc type : 
TRACE::2024-08-19.14:58:30::SCWBifWriter::proc[0] : ps7_cortexa9_0
TRACE::2024-08-19.14:58:30::SCWBifWriter::Device type is : zynq
TRACE::2024-08-19.14:58:30::SCWBifWriter::Writing BIF to file : D:/Programs/Proyecto_3LFCC_Zybo/Vitis_3adc/CLC_3adc_system/Debug/system.bif
TRACE::2024-08-19.14:58:30::SCWBifWriter::Writing the Zynq Baremetal bif 
TRACE::2024-08-19.15:01:10::SCWBifWriter::Found the complete platform D:/Programs/Proyecto_3LFCC_Zybo/Vitis_3adc/3LFCC_3adc_platform/export/3LFCC_3adc_platform/3LFCC_3adc_platform.xpfm
TRACE::2024-08-19.15:01:10::SCWBifWriter::hardware databse : Design_Closed_Loop_wrapper_11
TRACE::2024-08-19.15:01:10::SCWBifWriter::bitstream found in the design
TRACE::2024-08-19.15:01:10::SCWBifWriter::Found a baremetal domain, proc: ps7_cortexa9_0
TRACE::2024-08-19.15:01:10::SCWBifWriter::proc type : 
TRACE::2024-08-19.15:01:10::SCWBifWriter::proc[0] : ps7_cortexa9_0
TRACE::2024-08-19.15:01:10::SCWBifWriter::Device type is : zynq
TRACE::2024-08-19.15:01:10::SCWBifWriter::Writing BIF to file : D:/Programs/Proyecto_3LFCC_Zybo/Vitis_3adc/CLC_3adc_system/Debug/system.bif
TRACE::2024-08-19.15:01:10::SCWBifWriter::Writing the Zynq Baremetal bif 
TRACE::2024-08-19.15:02:50::SCWBifWriter::Found the complete platform D:/Programs/Proyecto_3LFCC_Zybo/Vitis_3adc/3LFCC_3adc_platform/export/3LFCC_3adc_platform/3LFCC_3adc_platform.xpfm
TRACE::2024-08-19.15:02:50::SCWBifWriter::hardware databse : Design_Closed_Loop_wrapper_12
TRACE::2024-08-19.15:02:50::SCWBifWriter::bitstream found in the design
TRACE::2024-08-19.15:02:50::SCWBifWriter::Found a baremetal domain, proc: ps7_cortexa9_0
TRACE::2024-08-19.15:02:50::SCWBifWriter::proc type : 
TRACE::2024-08-19.15:02:50::SCWBifWriter::proc[0] : ps7_cortexa9_0
TRACE::2024-08-19.15:02:50::SCWBifWriter::Device type is : zynq
TRACE::2024-08-19.15:02:50::SCWBifWriter::Writing BIF to file : D:/Programs/Proyecto_3LFCC_Zybo/Vitis_3adc/CLC_3adc_system/Debug/system.bif
TRACE::2024-08-19.15:02:50::SCWBifWriter::Writing the Zynq Baremetal bif 
TRACE::2024-08-19.15:03:04::SCWBifWriter::Found the complete platform D:/Programs/Proyecto_3LFCC_Zybo/Vitis_3adc/3LFCC_3adc_platform/export/3LFCC_3adc_platform/3LFCC_3adc_platform.xpfm
TRACE::2024-08-19.15:03:04::SCWBifWriter::hardware databse : Design_Closed_Loop_wrapper_12
TRACE::2024-08-19.15:03:04::SCWBifWriter::bitstream found in the design
TRACE::2024-08-19.15:03:04::SCWBifWriter::Found a baremetal domain, proc: ps7_cortexa9_0
TRACE::2024-08-19.15:03:04::SCWBifWriter::proc type : 
TRACE::2024-08-19.15:03:04::SCWBifWriter::proc[0] : ps7_cortexa9_0
TRACE::2024-08-19.15:03:04::SCWBifWriter::Device type is : zynq
TRACE::2024-08-19.15:03:04::SCWBifWriter::Writing BIF to file : D:/Programs/Proyecto_3LFCC_Zybo/Vitis_3adc/CLC_3adc_system/Debug/system.bif
TRACE::2024-08-19.15:03:04::SCWBifWriter::Writing the Zynq Baremetal bif 
TRACE::2024-08-19.15:09:13::SCWBifWriter::Found the complete platform D:/Programs/Proyecto_3LFCC_Zybo/Vitis_3adc/3LFCC_3adc_platform/export/3LFCC_3adc_platform/3LFCC_3adc_platform.xpfm
TRACE::2024-08-19.15:09:13::SCWBifWriter::hardware databse : Design_Closed_Loop_wrapper_13
TRACE::2024-08-19.15:09:13::SCWBifWriter::bitstream found in the design
TRACE::2024-08-19.15:09:13::SCWBifWriter::Found a baremetal domain, proc: ps7_cortexa9_0
TRACE::2024-08-19.15:09:13::SCWBifWriter::proc type : 
TRACE::2024-08-19.15:09:13::SCWBifWriter::proc[0] : ps7_cortexa9_0
TRACE::2024-08-19.15:09:13::SCWBifWriter::Device type is : zynq
TRACE::2024-08-19.15:09:13::SCWBifWriter::Writing BIF to file : D:/Programs/Proyecto_3LFCC_Zybo/Vitis_3adc/CLC_3adc_system/Debug/system.bif
TRACE::2024-08-19.15:09:13::SCWBifWriter::Writing the Zynq Baremetal bif 
TRACE::2024-08-19.15:09:54::SCWBifWriter::Found the complete platform D:/Programs/Proyecto_3LFCC_Zybo/Vitis_3adc/3LFCC_3adc_platform/export/3LFCC_3adc_platform/3LFCC_3adc_platform.xpfm
TRACE::2024-08-19.15:09:54::SCWBifWriter::hardware databse : Design_Closed_Loop_wrapper_13
TRACE::2024-08-19.15:09:54::SCWBifWriter::bitstream found in the design
TRACE::2024-08-19.15:09:54::SCWBifWriter::Found a baremetal domain, proc: ps7_cortexa9_0
TRACE::2024-08-19.15:09:54::SCWBifWriter::proc type : 
TRACE::2024-08-19.15:09:54::SCWBifWriter::proc[0] : ps7_cortexa9_0
TRACE::2024-08-19.15:09:54::SCWBifWriter::Device type is : zynq
TRACE::2024-08-19.15:09:54::SCWBifWriter::Writing BIF to file : D:/Programs/Proyecto_3LFCC_Zybo/Vitis_3adc/CLC_3adc_system/Debug/system.bif
TRACE::2024-08-19.15:09:54::SCWBifWriter::Writing the Zynq Baremetal bif 
TRACE::2024-08-19.15:10:33::SCWBifWriter::Found the complete platform D:/Programs/Proyecto_3LFCC_Zybo/Vitis_3adc/3LFCC_3adc_platform/export/3LFCC_3adc_platform/3LFCC_3adc_platform.xpfm
TRACE::2024-08-19.15:10:33::SCWBifWriter::hardware databse : Design_Closed_Loop_wrapper_13
TRACE::2024-08-19.15:10:33::SCWBifWriter::bitstream found in the design
TRACE::2024-08-19.15:10:33::SCWBifWriter::Found a baremetal domain, proc: ps7_cortexa9_0
TRACE::2024-08-19.15:10:33::SCWBifWriter::proc type : 
TRACE::2024-08-19.15:10:33::SCWBifWriter::proc[0] : ps7_cortexa9_0
TRACE::2024-08-19.15:10:33::SCWBifWriter::Device type is : zynq
TRACE::2024-08-19.15:10:33::SCWBifWriter::Writing BIF to file : D:/Programs/Proyecto_3LFCC_Zybo/Vitis_3adc/CLC_3adc_system/Debug/system.bif
TRACE::2024-08-19.15:10:33::SCWBifWriter::Writing the Zynq Baremetal bif 
TRACE::2024-08-19.15:10:49::SCWBifWriter::Found the complete platform D:/Programs/Proyecto_3LFCC_Zybo/Vitis_3adc/3LFCC_3adc_platform/export/3LFCC_3adc_platform/3LFCC_3adc_platform.xpfm
TRACE::2024-08-19.15:10:49::SCWBifWriter::hardware databse : Design_Closed_Loop_wrapper_13
TRACE::2024-08-19.15:10:49::SCWBifWriter::bitstream found in the design
TRACE::2024-08-19.15:10:49::SCWBifWriter::Found a baremetal domain, proc: ps7_cortexa9_0
TRACE::2024-08-19.15:10:49::SCWBifWriter::proc type : 
TRACE::2024-08-19.15:10:49::SCWBifWriter::proc[0] : ps7_cortexa9_0
TRACE::2024-08-19.15:10:49::SCWBifWriter::Device type is : zynq
TRACE::2024-08-19.15:10:49::SCWBifWriter::Writing BIF to file : D:/Programs/Proyecto_3LFCC_Zybo/Vitis_3adc/CLC_3adc_system/Debug/system.bif
TRACE::2024-08-19.15:10:49::SCWBifWriter::Writing the Zynq Baremetal bif 
TRACE::2024-08-19.15:15:44::SCWBifWriter::Found the complete platform D:/Programs/Proyecto_3LFCC_Zybo/Vitis_3adc/3LFCC_3adc_platform/export/3LFCC_3adc_platform/3LFCC_3adc_platform.xpfm
TRACE::2024-08-19.15:15:44::SCWBifWriter::hardware databse : Design_Closed_Loop_wrapper_14
TRACE::2024-08-19.15:15:44::SCWBifWriter::bitstream found in the design
TRACE::2024-08-19.15:15:44::SCWBifWriter::Found a baremetal domain, proc: ps7_cortexa9_0
TRACE::2024-08-19.15:15:44::SCWBifWriter::proc type : 
TRACE::2024-08-19.15:15:44::SCWBifWriter::proc[0] : ps7_cortexa9_0
TRACE::2024-08-19.15:15:44::SCWBifWriter::Device type is : zynq
TRACE::2024-08-19.15:15:44::SCWBifWriter::Writing BIF to file : D:/Programs/Proyecto_3LFCC_Zybo/Vitis_3adc/CLC_3adc_system/Debug/system.bif
TRACE::2024-08-19.15:15:44::SCWBifWriter::Writing the Zynq Baremetal bif 
TRACE::2024-08-19.15:18:17::SCWBifWriter::Found the complete platform D:/Programs/Proyecto_3LFCC_Zybo/Vitis_3adc/3LFCC_3adc_platform/export/3LFCC_3adc_platform/3LFCC_3adc_platform.xpfm
TRACE::2024-08-19.15:18:17::SCWBifWriter::hardware databse : Design_Closed_Loop_wrapper_15
TRACE::2024-08-19.15:18:17::SCWBifWriter::bitstream found in the design
TRACE::2024-08-19.15:18:17::SCWBifWriter::Found a baremetal domain, proc: ps7_cortexa9_0
TRACE::2024-08-19.15:18:17::SCWBifWriter::proc type : 
TRACE::2024-08-19.15:18:17::SCWBifWriter::proc[0] : ps7_cortexa9_0
TRACE::2024-08-19.15:18:17::SCWBifWriter::Device type is : zynq
TRACE::2024-08-19.15:18:17::SCWBifWriter::Writing BIF to file : D:/Programs/Proyecto_3LFCC_Zybo/Vitis_3adc/CLC_3adc_system/Debug/system.bif
TRACE::2024-08-19.15:18:17::SCWBifWriter::Writing the Zynq Baremetal bif 
TRACE::2024-08-19.15:20:20::SCWBifWriter::Found the complete platform D:/Programs/Proyecto_3LFCC_Zybo/Vitis_3adc/3LFCC_3adc_platform/export/3LFCC_3adc_platform/3LFCC_3adc_platform.xpfm
TRACE::2024-08-19.15:20:20::SCWBifWriter::hardware databse : Design_Closed_Loop_wrapper_16
TRACE::2024-08-19.15:20:20::SCWBifWriter::bitstream found in the design
TRACE::2024-08-19.15:20:20::SCWBifWriter::Found a baremetal domain, proc: ps7_cortexa9_0
TRACE::2024-08-19.15:20:20::SCWBifWriter::proc type : 
TRACE::2024-08-19.15:20:20::SCWBifWriter::proc[0] : ps7_cortexa9_0
TRACE::2024-08-19.15:20:20::SCWBifWriter::Device type is : zynq
TRACE::2024-08-19.15:20:20::SCWBifWriter::Writing BIF to file : D:/Programs/Proyecto_3LFCC_Zybo/Vitis_3adc/CLC_3adc_system/Debug/system.bif
TRACE::2024-08-19.15:20:20::SCWBifWriter::Writing the Zynq Baremetal bif 
TRACE::2024-08-19.15:20:36::SCWBifWriter::Found the complete platform D:/Programs/Proyecto_3LFCC_Zybo/Vitis_3adc/3LFCC_3adc_platform/export/3LFCC_3adc_platform/3LFCC_3adc_platform.xpfm
TRACE::2024-08-19.15:20:36::SCWBifWriter::hardware databse : Design_Closed_Loop_wrapper_16
TRACE::2024-08-19.15:20:36::SCWBifWriter::bitstream found in the design
TRACE::2024-08-19.15:20:36::SCWBifWriter::Found a baremetal domain, proc: ps7_cortexa9_0
TRACE::2024-08-19.15:20:36::SCWBifWriter::proc type : 
TRACE::2024-08-19.15:20:36::SCWBifWriter::proc[0] : ps7_cortexa9_0
TRACE::2024-08-19.15:20:36::SCWBifWriter::Device type is : zynq
TRACE::2024-08-19.15:20:36::SCWBifWriter::Writing BIF to file : D:/Programs/Proyecto_3LFCC_Zybo/Vitis_3adc/CLC_3adc_system/Debug/system.bif
TRACE::2024-08-19.15:20:36::SCWBifWriter::Writing the Zynq Baremetal bif 
TRACE::2024-08-19.15:22:29::SCWBifWriter::Found the complete platform D:/Programs/Proyecto_3LFCC_Zybo/Vitis_3adc/3LFCC_3adc_platform/export/3LFCC_3adc_platform/3LFCC_3adc_platform.xpfm
TRACE::2024-08-19.15:22:29::SCWBifWriter::hardware databse : Design_Closed_Loop_wrapper_17
TRACE::2024-08-19.15:22:29::SCWBifWriter::bitstream found in the design
TRACE::2024-08-19.15:22:29::SCWBifWriter::Found a baremetal domain, proc: ps7_cortexa9_0
TRACE::2024-08-19.15:22:29::SCWBifWriter::proc type : 
TRACE::2024-08-19.15:22:29::SCWBifWriter::proc[0] : ps7_cortexa9_0
TRACE::2024-08-19.15:22:29::SCWBifWriter::Device type is : zynq
TRACE::2024-08-19.15:22:29::SCWBifWriter::Writing BIF to file : D:/Programs/Proyecto_3LFCC_Zybo/Vitis_3adc/CLC_3adc_system/Debug/system.bif
TRACE::2024-08-19.15:22:29::SCWBifWriter::Writing the Zynq Baremetal bif 
TRACE::2024-08-19.15:24:35::SCWBifWriter::Found the complete platform D:/Programs/Proyecto_3LFCC_Zybo/Vitis_3adc/3LFCC_3adc_platform/export/3LFCC_3adc_platform/3LFCC_3adc_platform.xpfm
TRACE::2024-08-19.15:24:36::SCWBifWriter::hardware databse : Design_Closed_Loop_wrapper_18
TRACE::2024-08-19.15:24:36::SCWBifWriter::bitstream found in the design
TRACE::2024-08-19.15:24:36::SCWBifWriter::Found a baremetal domain, proc: ps7_cortexa9_0
TRACE::2024-08-19.15:24:36::SCWBifWriter::proc type : 
TRACE::2024-08-19.15:24:36::SCWBifWriter::proc[0] : ps7_cortexa9_0
TRACE::2024-08-19.15:24:36::SCWBifWriter::Device type is : zynq
TRACE::2024-08-19.15:24:36::SCWBifWriter::Writing BIF to file : D:/Programs/Proyecto_3LFCC_Zybo/Vitis_3adc/CLC_3adc_system/Debug/system.bif
TRACE::2024-08-19.15:24:36::SCWBifWriter::Writing the Zynq Baremetal bif 
TRACE::2024-08-19.15:25:36::SCWBifWriter::Found the complete platform D:/Programs/Proyecto_3LFCC_Zybo/Vitis_3adc/3LFCC_3adc_platform/export/3LFCC_3adc_platform/3LFCC_3adc_platform.xpfm
TRACE::2024-08-19.15:25:36::SCWBifWriter::hardware databse : Design_Closed_Loop_wrapper_19
TRACE::2024-08-19.15:25:36::SCWBifWriter::bitstream found in the design
TRACE::2024-08-19.15:25:36::SCWBifWriter::Found a baremetal domain, proc: ps7_cortexa9_0
TRACE::2024-08-19.15:25:36::SCWBifWriter::proc type : 
TRACE::2024-08-19.15:25:36::SCWBifWriter::proc[0] : ps7_cortexa9_0
TRACE::2024-08-19.15:25:36::SCWBifWriter::Device type is : zynq
TRACE::2024-08-19.15:25:36::SCWBifWriter::Writing BIF to file : D:/Programs/Proyecto_3LFCC_Zybo/Vitis_3adc/CLC_3adc_system/Debug/system.bif
TRACE::2024-08-19.15:25:36::SCWBifWriter::Writing the Zynq Baremetal bif 
TRACE::2024-08-19.15:30:18::SCWBifWriter::Found the complete platform D:/Programs/Proyecto_3LFCC_Zybo/Vitis_3adc/3LFCC_3adc_platform/export/3LFCC_3adc_platform/3LFCC_3adc_platform.xpfm
TRACE::2024-08-19.15:30:18::SCWBifWriter::hardware databse : Design_Closed_Loop_wrapper_20
TRACE::2024-08-19.15:30:18::SCWBifWriter::bitstream found in the design
TRACE::2024-08-19.15:30:18::SCWBifWriter::Found a baremetal domain, proc: ps7_cortexa9_0
TRACE::2024-08-19.15:30:18::SCWBifWriter::proc type : 
TRACE::2024-08-19.15:30:18::SCWBifWriter::proc[0] : ps7_cortexa9_0
TRACE::2024-08-19.15:30:18::SCWBifWriter::Device type is : zynq
TRACE::2024-08-19.15:30:18::SCWBifWriter::Writing BIF to file : D:/Programs/Proyecto_3LFCC_Zybo/Vitis_3adc/CLC_3adc_system/Debug/system.bif
TRACE::2024-08-19.15:30:18::SCWBifWriter::Writing the Zynq Baremetal bif 
TRACE::2024-08-19.15:34:48::SCWBifWriter::Found the complete platform D:/Programs/Proyecto_3LFCC_Zybo/Vitis_3adc/3LFCC_3adc_platform/export/3LFCC_3adc_platform/3LFCC_3adc_platform.xpfm
TRACE::2024-08-19.15:34:48::SCWBifWriter::hardware databse : Design_Closed_Loop_wrapper_21
TRACE::2024-08-19.15:34:48::SCWBifWriter::bitstream found in the design
TRACE::2024-08-19.15:34:48::SCWBifWriter::Found a baremetal domain, proc: ps7_cortexa9_0
TRACE::2024-08-19.15:34:48::SCWBifWriter::proc type : 
TRACE::2024-08-19.15:34:48::SCWBifWriter::proc[0] : ps7_cortexa9_0
TRACE::2024-08-19.15:34:48::SCWBifWriter::Device type is : zynq
TRACE::2024-08-19.15:34:48::SCWBifWriter::Writing BIF to file : D:/Programs/Proyecto_3LFCC_Zybo/Vitis_3adc/CLC_3adc_system/Debug/system.bif
TRACE::2024-08-19.15:34:48::SCWBifWriter::Writing the Zynq Baremetal bif 
TRACE::2024-08-19.15:36:50::SCWBifWriter::Found the complete platform D:/Programs/Proyecto_3LFCC_Zybo/Vitis_3adc/3LFCC_3adc_platform/export/3LFCC_3adc_platform/3LFCC_3adc_platform.xpfm
TRACE::2024-08-19.15:36:50::SCWBifWriter::hardware databse : Design_Closed_Loop_wrapper_22
TRACE::2024-08-19.15:36:50::SCWBifWriter::bitstream found in the design
TRACE::2024-08-19.15:36:50::SCWBifWriter::Found a baremetal domain, proc: ps7_cortexa9_0
TRACE::2024-08-19.15:36:50::SCWBifWriter::proc type : 
TRACE::2024-08-19.15:36:50::SCWBifWriter::proc[0] : ps7_cortexa9_0
TRACE::2024-08-19.15:36:50::SCWBifWriter::Device type is : zynq
TRACE::2024-08-19.15:36:50::SCWBifWriter::Writing BIF to file : D:/Programs/Proyecto_3LFCC_Zybo/Vitis_3adc/CLC_3adc_system/Debug/system.bif
TRACE::2024-08-19.15:36:50::SCWBifWriter::Writing the Zynq Baremetal bif 
TRACE::2024-08-19.15:37:13::SCWBifWriter::Found the complete platform D:/Programs/Proyecto_3LFCC_Zybo/Vitis_3adc/3LFCC_3adc_platform/export/3LFCC_3adc_platform/3LFCC_3adc_platform.xpfm
TRACE::2024-08-19.15:37:13::SCWBifWriter::hardware databse : Design_Closed_Loop_wrapper_22
TRACE::2024-08-19.15:37:13::SCWBifWriter::bitstream found in the design
TRACE::2024-08-19.15:37:13::SCWBifWriter::Found a baremetal domain, proc: ps7_cortexa9_0
TRACE::2024-08-19.15:37:13::SCWBifWriter::proc type : 
TRACE::2024-08-19.15:37:13::SCWBifWriter::proc[0] : ps7_cortexa9_0
TRACE::2024-08-19.15:37:13::SCWBifWriter::Device type is : zynq
TRACE::2024-08-19.15:37:13::SCWBifWriter::Writing BIF to file : D:/Programs/Proyecto_3LFCC_Zybo/Vitis_3adc/CLC_3adc_system/Debug/system.bif
TRACE::2024-08-19.15:37:13::SCWBifWriter::Writing the Zynq Baremetal bif 
TRACE::2024-08-19.15:40:15::SCWBifWriter::Found the complete platform D:/Programs/Proyecto_3LFCC_Zybo/Vitis_3adc/3LFCC_3adc_platform/export/3LFCC_3adc_platform/3LFCC_3adc_platform.xpfm
TRACE::2024-08-19.15:40:15::SCWBifWriter::hardware databse : Design_Closed_Loop_wrapper_23
TRACE::2024-08-19.15:40:15::SCWBifWriter::bitstream found in the design
TRACE::2024-08-19.15:40:15::SCWBifWriter::Found a baremetal domain, proc: ps7_cortexa9_0
TRACE::2024-08-19.15:40:15::SCWBifWriter::proc type : 
TRACE::2024-08-19.15:40:15::SCWBifWriter::proc[0] : ps7_cortexa9_0
TRACE::2024-08-19.15:40:15::SCWBifWriter::Device type is : zynq
TRACE::2024-08-19.15:40:15::SCWBifWriter::Writing BIF to file : D:/Programs/Proyecto_3LFCC_Zybo/Vitis_3adc/CLC_3adc_system/Debug/system.bif
TRACE::2024-08-19.15:40:15::SCWBifWriter::Writing the Zynq Baremetal bif 
TRACE::2024-08-19.16:36:19::SCWBifWriter::Found the complete platform D:/Programs/Proyecto_3LFCC_Zybo/Vitis_3adc/3LFCC_3adc_platform/export/3LFCC_3adc_platform/3LFCC_3adc_platform.xpfm
TRACE::2024-08-19.16:36:19::SCWBifWriter::hardware databse : Design_Closed_Loop_wrapper_24
TRACE::2024-08-19.16:36:19::SCWBifWriter::bitstream found in the design
TRACE::2024-08-19.16:36:19::SCWBifWriter::Found a baremetal domain, proc: ps7_cortexa9_0
TRACE::2024-08-19.16:36:19::SCWBifWriter::proc type : 
TRACE::2024-08-19.16:36:19::SCWBifWriter::proc[0] : ps7_cortexa9_0
TRACE::2024-08-19.16:36:19::SCWBifWriter::Device type is : zynq
TRACE::2024-08-19.16:36:19::SCWBifWriter::Writing BIF to file : D:/Programs/Proyecto_3LFCC_Zybo/Vitis_3adc/CLC_3adc_system/Debug/system.bif
TRACE::2024-08-19.16:36:19::SCWBifWriter::Writing the Zynq Baremetal bif 
TRACE::2024-08-19.17:03:32::SCWBifWriter::Found the complete platform D:/Programs/Proyecto_3LFCC_Zybo/Vitis_3adc/3LFCC_3adc_platform/export/3LFCC_3adc_platform/3LFCC_3adc_platform.xpfm
TRACE::2024-08-19.17:03:32::SCWBifWriter::hardware databse : Design_Closed_Loop_wrapper_25
TRACE::2024-08-19.17:03:32::SCWBifWriter::bitstream found in the design
TRACE::2024-08-19.17:03:32::SCWBifWriter::Found a baremetal domain, proc: ps7_cortexa9_0
TRACE::2024-08-19.17:03:32::SCWBifWriter::proc type : 
TRACE::2024-08-19.17:03:32::SCWBifWriter::proc[0] : ps7_cortexa9_0
TRACE::2024-08-19.17:03:32::SCWBifWriter::Device type is : zynq
TRACE::2024-08-19.17:03:32::SCWBifWriter::Writing BIF to file : D:/Programs/Proyecto_3LFCC_Zybo/Vitis_3adc/CLC_3adc_system/Debug/system.bif
TRACE::2024-08-19.17:03:32::SCWBifWriter::Writing the Zynq Baremetal bif 
TRACE::2024-08-19.17:03:58::SCWBifWriter::Found the complete platform D:/Programs/Proyecto_3LFCC_Zybo/Vitis_3adc/3LFCC_3adc_platform/export/3LFCC_3adc_platform/3LFCC_3adc_platform.xpfm
TRACE::2024-08-19.17:03:58::SCWBifWriter::hardware databse : Design_Closed_Loop_wrapper_25
TRACE::2024-08-19.17:03:58::SCWBifWriter::bitstream found in the design
TRACE::2024-08-19.17:03:58::SCWBifWriter::Found a baremetal domain, proc: ps7_cortexa9_0
TRACE::2024-08-19.17:03:58::SCWBifWriter::proc type : 
TRACE::2024-08-19.17:03:58::SCWBifWriter::proc[0] : ps7_cortexa9_0
TRACE::2024-08-19.17:03:58::SCWBifWriter::Device type is : zynq
TRACE::2024-08-19.17:03:58::SCWBifWriter::Writing BIF to file : D:/Programs/Proyecto_3LFCC_Zybo/Vitis_3adc/CLC_3adc_system/Debug/system.bif
TRACE::2024-08-19.17:03:58::SCWBifWriter::Writing the Zynq Baremetal bif 
TRACE::2024-08-19.17:08:57::SCWBifWriter::Found the complete platform D:/Programs/Proyecto_3LFCC_Zybo/Vitis_3adc/3LFCC_3adc_platform/export/3LFCC_3adc_platform/3LFCC_3adc_platform.xpfm
TRACE::2024-08-19.17:08:57::SCWBifWriter::hardware databse : Design_Closed_Loop_wrapper_26
TRACE::2024-08-19.17:08:57::SCWBifWriter::bitstream found in the design
TRACE::2024-08-19.17:08:57::SCWBifWriter::Found a baremetal domain, proc: ps7_cortexa9_0
TRACE::2024-08-19.17:08:57::SCWBifWriter::proc type : 
TRACE::2024-08-19.17:08:57::SCWBifWriter::proc[0] : ps7_cortexa9_0
TRACE::2024-08-19.17:08:57::SCWBifWriter::Device type is : zynq
TRACE::2024-08-19.17:08:57::SCWBifWriter::Writing BIF to file : D:/Programs/Proyecto_3LFCC_Zybo/Vitis_3adc/CLC_3adc_system/Debug/system.bif
TRACE::2024-08-19.17:08:57::SCWBifWriter::Writing the Zynq Baremetal bif 
TRACE::2024-08-19.17:13:11::SCWBifWriter::Found the complete platform D:/Programs/Proyecto_3LFCC_Zybo/Vitis_3adc/3LFCC_3adc_platform/export/3LFCC_3adc_platform/3LFCC_3adc_platform.xpfm
TRACE::2024-08-19.17:13:11::SCWBifWriter::hardware databse : Design_Closed_Loop_wrapper_27
TRACE::2024-08-19.17:13:11::SCWBifWriter::bitstream found in the design
TRACE::2024-08-19.17:13:11::SCWBifWriter::Found a baremetal domain, proc: ps7_cortexa9_0
TRACE::2024-08-19.17:13:11::SCWBifWriter::proc type : 
TRACE::2024-08-19.17:13:11::SCWBifWriter::proc[0] : ps7_cortexa9_0
TRACE::2024-08-19.17:13:11::SCWBifWriter::Device type is : zynq
TRACE::2024-08-19.17:13:11::SCWBifWriter::Writing BIF to file : D:/Programs/Proyecto_3LFCC_Zybo/Vitis_3adc/CLC_3adc_system/Debug/system.bif
TRACE::2024-08-19.17:13:11::SCWBifWriter::Writing the Zynq Baremetal bif 
TRACE::2024-08-19.17:15:58::SCWBifWriter::Found the complete platform D:/Programs/Proyecto_3LFCC_Zybo/Vitis_3adc/3LFCC_3adc_platform/export/3LFCC_3adc_platform/3LFCC_3adc_platform.xpfm
TRACE::2024-08-19.17:15:58::SCWBifWriter::hardware databse : Design_Closed_Loop_wrapper_28
TRACE::2024-08-19.17:15:58::SCWBifWriter::bitstream found in the design
TRACE::2024-08-19.17:15:58::SCWBifWriter::Found a baremetal domain, proc: ps7_cortexa9_0
TRACE::2024-08-19.17:15:58::SCWBifWriter::proc type : 
TRACE::2024-08-19.17:15:58::SCWBifWriter::proc[0] : ps7_cortexa9_0
TRACE::2024-08-19.17:15:58::SCWBifWriter::Device type is : zynq
TRACE::2024-08-19.17:15:58::SCWBifWriter::Writing BIF to file : D:/Programs/Proyecto_3LFCC_Zybo/Vitis_3adc/CLC_3adc_system/Debug/system.bif
TRACE::2024-08-19.17:15:58::SCWBifWriter::Writing the Zynq Baremetal bif 
TRACE::2024-08-19.17:16:12::SCWBifWriter::Found the complete platform D:/Programs/Proyecto_3LFCC_Zybo/Vitis_3adc/3LFCC_3adc_platform/export/3LFCC_3adc_platform/3LFCC_3adc_platform.xpfm
TRACE::2024-08-19.17:16:12::SCWBifWriter::hardware databse : Design_Closed_Loop_wrapper_28
TRACE::2024-08-19.17:16:12::SCWBifWriter::bitstream found in the design
TRACE::2024-08-19.17:16:12::SCWBifWriter::Found a baremetal domain, proc: ps7_cortexa9_0
TRACE::2024-08-19.17:16:12::SCWBifWriter::proc type : 
TRACE::2024-08-19.17:16:12::SCWBifWriter::proc[0] : ps7_cortexa9_0
TRACE::2024-08-19.17:16:12::SCWBifWriter::Device type is : zynq
TRACE::2024-08-19.17:16:12::SCWBifWriter::Writing BIF to file : D:/Programs/Proyecto_3LFCC_Zybo/Vitis_3adc/CLC_3adc_system/Debug/system.bif
TRACE::2024-08-19.17:16:12::SCWBifWriter::Writing the Zynq Baremetal bif 
TRACE::2024-08-21.11:58:03::SCWBifWriter::Found the complete platform D:/Programs/Proyecto_3LFCC_Zybo/Vitis_3adc/3LFCC_3adc_platform/export/3LFCC_3adc_platform/3LFCC_3adc_platform.xpfm
TRACE::2024-08-21.11:58:04::SCWBifWriter::hardware databse : Design_Closed_Loop_wrapper
TRACE::2024-08-21.11:58:04::SCWBifWriter::bitstream found in the design
TRACE::2024-08-21.11:58:04::SCWBifWriter::Found a baremetal domain, proc: ps7_cortexa9_0
TRACE::2024-08-21.11:58:04::SCWBifWriter::proc type : 
TRACE::2024-08-21.11:58:04::SCWBifWriter::proc[0] : ps7_cortexa9_0
TRACE::2024-08-21.11:58:04::SCWBifWriter::Device type is : zynq
TRACE::2024-08-21.11:58:04::SCWBifWriter::Writing BIF to file : D:/Programs/Proyecto_3LFCC_Zybo/Vitis_3adc/CLC_3adc_system/Debug/system.bif
TRACE::2024-08-21.11:58:04::SCWBifWriter::Writing the Zynq Baremetal bif 
TRACE::2024-08-21.11:59:27::SCWBifWriter::Found the complete platform D:/Programs/Proyecto_3LFCC_Zybo/Vitis_3adc/3LFCC_3adc_platform/export/3LFCC_3adc_platform/3LFCC_3adc_platform.xpfm
TRACE::2024-08-21.11:59:28::SCWBifWriter::hardware databse : Design_Closed_Loop_wrapper
TRACE::2024-08-21.11:59:28::SCWBifWriter::bitstream found in the design
TRACE::2024-08-21.11:59:28::SCWBifWriter::Found a baremetal domain, proc: ps7_cortexa9_0
TRACE::2024-08-21.11:59:28::SCWBifWriter::proc type : 
TRACE::2024-08-21.11:59:28::SCWBifWriter::proc[0] : ps7_cortexa9_0
TRACE::2024-08-21.11:59:28::SCWBifWriter::Device type is : zynq
TRACE::2024-08-21.11:59:28::SCWBifWriter::Writing BIF to file : D:/Programs/Proyecto_3LFCC_Zybo/Vitis_3adc/CLC_3adc_system/Debug/system.bif
TRACE::2024-08-21.11:59:28::SCWBifWriter::Writing the Zynq Baremetal bif 
TRACE::2024-08-21.12:02:34::SCWBifWriter::Found the complete platform D:/Programs/Proyecto_3LFCC_Zybo/Vitis_3adc/3LFCC_3adc_platform/export/3LFCC_3adc_platform/3LFCC_3adc_platform.xpfm
TRACE::2024-08-21.12:02:34::SCWBifWriter::hardware databse : Design_Closed_Loop_wrapper
TRACE::2024-08-21.12:02:34::SCWBifWriter::bitstream found in the design
TRACE::2024-08-21.12:02:34::SCWBifWriter::Found a baremetal domain, proc: ps7_cortexa9_0
TRACE::2024-08-21.12:02:34::SCWBifWriter::proc type : 
TRACE::2024-08-21.12:02:34::SCWBifWriter::proc[0] : ps7_cortexa9_0
TRACE::2024-08-21.12:02:34::SCWBifWriter::Device type is : zynq
TRACE::2024-08-21.12:02:34::SCWBifWriter::Writing BIF to file : D:/Programs/Proyecto_3LFCC_Zybo/Vitis_3adc/CLC_3adc_system/Debug/system.bif
TRACE::2024-08-21.12:02:34::SCWBifWriter::Writing the Zynq Baremetal bif 
TRACE::2024-08-21.12:28:57::SCWBifWriter::Found the complete platform D:/Programs/Proyecto_3LFCC_Zybo/Vitis_3adc/3LFCC_3adc_platform/export/3LFCC_3adc_platform/3LFCC_3adc_platform.xpfm
TRACE::2024-08-21.12:28:58::SCWBifWriter::hardware databse : Design_Closed_Loop_wrapper
TRACE::2024-08-21.12:28:58::SCWBifWriter::bitstream found in the design
TRACE::2024-08-21.12:28:58::SCWBifWriter::Found a baremetal domain, proc: ps7_cortexa9_0
TRACE::2024-08-21.12:28:58::SCWBifWriter::proc type : 
TRACE::2024-08-21.12:28:58::SCWBifWriter::proc[0] : ps7_cortexa9_0
TRACE::2024-08-21.12:28:58::SCWBifWriter::Device type is : zynq
TRACE::2024-08-21.12:28:58::SCWBifWriter::Writing BIF to file : D:/Programs/Proyecto_3LFCC_Zybo/Vitis_3adc/CLC_3adc_system/Debug/system.bif
TRACE::2024-08-21.12:28:58::SCWBifWriter::Writing the Zynq Baremetal bif 
TRACE::2024-08-21.12:30:41::SCWBifWriter::Found the complete platform D:/Programs/Proyecto_3LFCC_Zybo/Vitis_3adc/3LFCC_3adc_platform/export/3LFCC_3adc_platform/3LFCC_3adc_platform.xpfm
TRACE::2024-08-21.12:30:42::SCWBifWriter::hardware databse : Design_Closed_Loop_wrapper_0
TRACE::2024-08-21.12:30:42::SCWBifWriter::bitstream found in the design
TRACE::2024-08-21.12:30:42::SCWBifWriter::Found a baremetal domain, proc: ps7_cortexa9_0
TRACE::2024-08-21.12:30:42::SCWBifWriter::proc type : 
TRACE::2024-08-21.12:30:42::SCWBifWriter::proc[0] : ps7_cortexa9_0
TRACE::2024-08-21.12:30:42::SCWBifWriter::Device type is : zynq
TRACE::2024-08-21.12:30:42::SCWBifWriter::Writing BIF to file : D:/Programs/Proyecto_3LFCC_Zybo/Vitis_3adc/CLC_3adc_system/Debug/system.bif
TRACE::2024-08-21.12:30:42::SCWBifWriter::Writing the Zynq Baremetal bif 
TRACE::2024-08-21.12:32:17::SCWBifWriter::Found the complete platform D:/Programs/Proyecto_3LFCC_Zybo/Vitis_3adc/3LFCC_3adc_platform/export/3LFCC_3adc_platform/3LFCC_3adc_platform.xpfm
TRACE::2024-08-21.12:32:17::SCWBifWriter::hardware databse : Design_Closed_Loop_wrapper_1
TRACE::2024-08-21.12:32:17::SCWBifWriter::bitstream found in the design
TRACE::2024-08-21.12:32:17::SCWBifWriter::Found a baremetal domain, proc: ps7_cortexa9_0
TRACE::2024-08-21.12:32:17::SCWBifWriter::proc type : 
TRACE::2024-08-21.12:32:17::SCWBifWriter::proc[0] : ps7_cortexa9_0
TRACE::2024-08-21.12:32:17::SCWBifWriter::Device type is : zynq
TRACE::2024-08-21.12:32:17::SCWBifWriter::Writing BIF to file : D:/Programs/Proyecto_3LFCC_Zybo/Vitis_3adc/CLC_3adc_system/Debug/system.bif
TRACE::2024-08-21.12:32:17::SCWBifWriter::Writing the Zynq Baremetal bif 
TRACE::2024-08-21.12:34:15::SCWBifWriter::Found the complete platform D:/Programs/Proyecto_3LFCC_Zybo/Vitis_3adc/3LFCC_3adc_platform/export/3LFCC_3adc_platform/3LFCC_3adc_platform.xpfm
TRACE::2024-08-21.12:34:15::SCWBifWriter::hardware databse : Design_Closed_Loop_wrapper_2
TRACE::2024-08-21.12:34:15::SCWBifWriter::bitstream found in the design
TRACE::2024-08-21.12:34:15::SCWBifWriter::Found a baremetal domain, proc: ps7_cortexa9_0
TRACE::2024-08-21.12:34:15::SCWBifWriter::proc type : 
TRACE::2024-08-21.12:34:15::SCWBifWriter::proc[0] : ps7_cortexa9_0
TRACE::2024-08-21.12:34:15::SCWBifWriter::Device type is : zynq
TRACE::2024-08-21.12:34:15::SCWBifWriter::Writing BIF to file : D:/Programs/Proyecto_3LFCC_Zybo/Vitis_3adc/CLC_3adc_system/Debug/system.bif
TRACE::2024-08-21.12:34:15::SCWBifWriter::Writing the Zynq Baremetal bif 
TRACE::2024-08-21.12:36:44::SCWBifWriter::Found the complete platform D:/Programs/Proyecto_3LFCC_Zybo/Vitis_3adc/3LFCC_3adc_platform/export/3LFCC_3adc_platform/3LFCC_3adc_platform.xpfm
TRACE::2024-08-21.12:36:44::SCWBifWriter::hardware databse : Design_Closed_Loop_wrapper_3
TRACE::2024-08-21.12:36:44::SCWBifWriter::bitstream found in the design
TRACE::2024-08-21.12:36:44::SCWBifWriter::Found a baremetal domain, proc: ps7_cortexa9_0
TRACE::2024-08-21.12:36:44::SCWBifWriter::proc type : 
TRACE::2024-08-21.12:36:44::SCWBifWriter::proc[0] : ps7_cortexa9_0
TRACE::2024-08-21.12:36:44::SCWBifWriter::Device type is : zynq
TRACE::2024-08-21.12:36:44::SCWBifWriter::Writing BIF to file : D:/Programs/Proyecto_3LFCC_Zybo/Vitis_3adc/CLC_3adc_system/Debug/system.bif
TRACE::2024-08-21.12:36:44::SCWBifWriter::Writing the Zynq Baremetal bif 
TRACE::2024-08-21.12:46:47::SCWBifWriter::Found the complete platform D:/Programs/Proyecto_3LFCC_Zybo/Vitis_3adc/3LFCC_3adc_platform/export/3LFCC_3adc_platform/3LFCC_3adc_platform.xpfm
TRACE::2024-08-21.12:46:47::SCWBifWriter::hardware databse : Design_Closed_Loop_wrapper_4
TRACE::2024-08-21.12:46:47::SCWBifWriter::bitstream found in the design
TRACE::2024-08-21.12:46:47::SCWBifWriter::Found a baremetal domain, proc: ps7_cortexa9_0
TRACE::2024-08-21.12:46:47::SCWBifWriter::proc type : 
TRACE::2024-08-21.12:46:47::SCWBifWriter::proc[0] : ps7_cortexa9_0
TRACE::2024-08-21.12:46:47::SCWBifWriter::Device type is : zynq
TRACE::2024-08-21.12:46:47::SCWBifWriter::Writing BIF to file : D:/Programs/Proyecto_3LFCC_Zybo/Vitis_3adc/CLC_3adc_system/Debug/system.bif
TRACE::2024-08-21.12:46:47::SCWBifWriter::Writing the Zynq Baremetal bif 
TRACE::2024-08-21.12:49:37::SCWBifWriter::Found the complete platform D:/Programs/Proyecto_3LFCC_Zybo/Vitis_3adc/3LFCC_3adc_platform/export/3LFCC_3adc_platform/3LFCC_3adc_platform.xpfm
TRACE::2024-08-21.12:49:37::SCWBifWriter::hardware databse : Design_Closed_Loop_wrapper_5
TRACE::2024-08-21.12:49:37::SCWBifWriter::bitstream found in the design
TRACE::2024-08-21.12:49:37::SCWBifWriter::Found a baremetal domain, proc: ps7_cortexa9_0
TRACE::2024-08-21.12:49:37::SCWBifWriter::proc type : 
TRACE::2024-08-21.12:49:37::SCWBifWriter::proc[0] : ps7_cortexa9_0
TRACE::2024-08-21.12:49:37::SCWBifWriter::Device type is : zynq
TRACE::2024-08-21.12:49:37::SCWBifWriter::Writing BIF to file : D:/Programs/Proyecto_3LFCC_Zybo/Vitis_3adc/CLC_3adc_system/Debug/system.bif
TRACE::2024-08-21.12:49:37::SCWBifWriter::Writing the Zynq Baremetal bif 
TRACE::2024-08-21.12:53:54::SCWBifWriter::Found the complete platform D:/Programs/Proyecto_3LFCC_Zybo/Vitis_3adc/3LFCC_3adc_platform/export/3LFCC_3adc_platform/3LFCC_3adc_platform.xpfm
TRACE::2024-08-21.12:53:54::SCWBifWriter::hardware databse : Design_Closed_Loop_wrapper_6
TRACE::2024-08-21.12:53:54::SCWBifWriter::bitstream found in the design
TRACE::2024-08-21.12:53:54::SCWBifWriter::Found a baremetal domain, proc: ps7_cortexa9_0
TRACE::2024-08-21.12:53:54::SCWBifWriter::proc type : 
TRACE::2024-08-21.12:53:54::SCWBifWriter::proc[0] : ps7_cortexa9_0
TRACE::2024-08-21.12:53:54::SCWBifWriter::Device type is : zynq
TRACE::2024-08-21.12:53:54::SCWBifWriter::Writing BIF to file : D:/Programs/Proyecto_3LFCC_Zybo/Vitis_3adc/CLC_3adc_system/Debug/system.bif
TRACE::2024-08-21.12:53:54::SCWBifWriter::Writing the Zynq Baremetal bif 
TRACE::2024-08-21.12:55:22::SCWBifWriter::Found the complete platform D:/Programs/Proyecto_3LFCC_Zybo/Vitis_3adc/3LFCC_3adc_platform/export/3LFCC_3adc_platform/3LFCC_3adc_platform.xpfm
TRACE::2024-08-21.12:55:22::SCWBifWriter::hardware databse : Design_Closed_Loop_wrapper_7
TRACE::2024-08-21.12:55:22::SCWBifWriter::bitstream found in the design
TRACE::2024-08-21.12:55:22::SCWBifWriter::Found a baremetal domain, proc: ps7_cortexa9_0
TRACE::2024-08-21.12:55:22::SCWBifWriter::proc type : 
TRACE::2024-08-21.12:55:22::SCWBifWriter::proc[0] : ps7_cortexa9_0
TRACE::2024-08-21.12:55:22::SCWBifWriter::Device type is : zynq
TRACE::2024-08-21.12:55:22::SCWBifWriter::Writing BIF to file : D:/Programs/Proyecto_3LFCC_Zybo/Vitis_3adc/CLC_3adc_system/Debug/system.bif
TRACE::2024-08-21.12:55:22::SCWBifWriter::Writing the Zynq Baremetal bif 
TRACE::2024-08-21.12:57:26::SCWBifWriter::Found the complete platform D:/Programs/Proyecto_3LFCC_Zybo/Vitis_3adc/3LFCC_3adc_platform/export/3LFCC_3adc_platform/3LFCC_3adc_platform.xpfm
TRACE::2024-08-21.12:57:27::SCWBifWriter::hardware databse : Design_Closed_Loop_wrapper_8
TRACE::2024-08-21.12:57:27::SCWBifWriter::bitstream found in the design
TRACE::2024-08-21.12:57:27::SCWBifWriter::Found a baremetal domain, proc: ps7_cortexa9_0
TRACE::2024-08-21.12:57:27::SCWBifWriter::proc type : 
TRACE::2024-08-21.12:57:27::SCWBifWriter::proc[0] : ps7_cortexa9_0
TRACE::2024-08-21.12:57:27::SCWBifWriter::Device type is : zynq
TRACE::2024-08-21.12:57:27::SCWBifWriter::Writing BIF to file : D:/Programs/Proyecto_3LFCC_Zybo/Vitis_3adc/CLC_3adc_system/Debug/system.bif
TRACE::2024-08-21.12:57:27::SCWBifWriter::Writing the Zynq Baremetal bif 
TRACE::2024-08-21.14:08:25::SCWBifWriter::Found the complete platform D:/Programs/Proyecto_3LFCC_Zybo/Vitis_3adc/3LFCC_3adc_platform/export/3LFCC_3adc_platform/3LFCC_3adc_platform.xpfm
TRACE::2024-08-21.14:08:25::SCWBifWriter::hardware databse : Design_Closed_Loop_wrapper_9
TRACE::2024-08-21.14:08:25::SCWBifWriter::bitstream found in the design
TRACE::2024-08-21.14:08:25::SCWBifWriter::Found a baremetal domain, proc: ps7_cortexa9_0
TRACE::2024-08-21.14:08:25::SCWBifWriter::proc type : 
TRACE::2024-08-21.14:08:25::SCWBifWriter::proc[0] : ps7_cortexa9_0
TRACE::2024-08-21.14:08:25::SCWBifWriter::Device type is : zynq
TRACE::2024-08-21.14:08:25::SCWBifWriter::Writing BIF to file : D:/Programs/Proyecto_3LFCC_Zybo/Vitis_3adc/CLC_3adc_system/Debug/system.bif
TRACE::2024-08-21.14:08:25::SCWBifWriter::Writing the Zynq Baremetal bif 
TRACE::2024-08-21.14:24:32::SCWBifWriter::Found the complete platform D:/Programs/Proyecto_3LFCC_Zybo/Vitis_3adc/3LFCC_3adc_platform/export/3LFCC_3adc_platform/3LFCC_3adc_platform.xpfm
TRACE::2024-08-21.14:24:33::SCWBifWriter::hardware databse : Design_Closed_Loop_wrapper_10
TRACE::2024-08-21.14:24:33::SCWBifWriter::bitstream found in the design
TRACE::2024-08-21.14:24:33::SCWBifWriter::Found a baremetal domain, proc: ps7_cortexa9_0
TRACE::2024-08-21.14:24:33::SCWBifWriter::proc type : 
TRACE::2024-08-21.14:24:33::SCWBifWriter::proc[0] : ps7_cortexa9_0
TRACE::2024-08-21.14:24:33::SCWBifWriter::Device type is : zynq
TRACE::2024-08-21.14:24:33::SCWBifWriter::Writing BIF to file : D:/Programs/Proyecto_3LFCC_Zybo/Vitis_3adc/CLC_3adc_system/Debug/system.bif
TRACE::2024-08-21.14:24:33::SCWBifWriter::Writing the Zynq Baremetal bif 
TRACE::2024-08-21.15:08:03::SCWBifWriter::Found the complete platform D:/Programs/Proyecto_3LFCC_Zybo/Vitis_3adc/3LFCC_3adc_platform/export/3LFCC_3adc_platform/3LFCC_3adc_platform.xpfm
TRACE::2024-08-21.15:08:05::SCWBifWriter::hardware databse : Design_Closed_Loop_wrapper_14
TRACE::2024-08-21.15:08:05::SCWBifWriter::bitstream found in the design
TRACE::2024-08-21.15:08:05::SCWBifWriter::Found a baremetal domain, proc: ps7_cortexa9_0
TRACE::2024-08-21.15:08:05::SCWBifWriter::proc type : 
TRACE::2024-08-21.15:08:05::SCWBifWriter::proc[0] : ps7_cortexa9_0
TRACE::2024-08-21.15:08:05::SCWBifWriter::Device type is : zynq
TRACE::2024-08-21.15:08:05::SCWBifWriter::Writing BIF to file : D:/Programs/Proyecto_3LFCC_Zybo/Vitis_3adc/CLC_3adc_system/Debug/system.bif
TRACE::2024-08-21.15:08:05::SCWBifWriter::Writing the Zynq Baremetal bif 
TRACE::2024-08-21.15:17:08::SCWBifWriter::Found the complete platform D:/Programs/Proyecto_3LFCC_Zybo/Vitis_3adc/3LFCC_3adc_platform/export/3LFCC_3adc_platform/3LFCC_3adc_platform.xpfm
TRACE::2024-08-21.15:17:09::SCWBifWriter::hardware databse : Design_Closed_Loop_wrapper_15
TRACE::2024-08-21.15:17:09::SCWBifWriter::bitstream found in the design
TRACE::2024-08-21.15:17:09::SCWBifWriter::Found a baremetal domain, proc: ps7_cortexa9_0
TRACE::2024-08-21.15:17:09::SCWBifWriter::proc type : 
TRACE::2024-08-21.15:17:09::SCWBifWriter::proc[0] : ps7_cortexa9_0
TRACE::2024-08-21.15:17:09::SCWBifWriter::Device type is : zynq
TRACE::2024-08-21.15:17:09::SCWBifWriter::Writing BIF to file : D:/Programs/Proyecto_3LFCC_Zybo/Vitis_3adc/CLC_3adc_system/Debug/system.bif
TRACE::2024-08-21.15:17:09::SCWBifWriter::Writing the Zynq Baremetal bif 
TRACE::2024-08-21.15:44:44::SCWBifWriter::Found the complete platform D:/Programs/Proyecto_3LFCC_Zybo/Vitis_3adc/3LFCC_3adc_platform/export/3LFCC_3adc_platform/3LFCC_3adc_platform.xpfm
TRACE::2024-08-21.15:44:44::SCWBifWriter::hardware databse : Design_Closed_Loop_wrapper
TRACE::2024-08-21.15:44:44::SCWBifWriter::bitstream found in the design
TRACE::2024-08-21.15:44:44::SCWBifWriter::Found a baremetal domain, proc: ps7_cortexa9_0
TRACE::2024-08-21.15:44:44::SCWBifWriter::proc type : 
TRACE::2024-08-21.15:44:44::SCWBifWriter::proc[0] : ps7_cortexa9_0
TRACE::2024-08-21.15:44:44::SCWBifWriter::Device type is : zynq
TRACE::2024-08-21.15:44:44::SCWBifWriter::Writing BIF to file : D:/Programs/Proyecto_3LFCC_Zybo/Vitis_3adc/CLC_3adc_system/Debug/system.bif
TRACE::2024-08-21.15:44:44::SCWBifWriter::Writing the Zynq Baremetal bif 
TRACE::2024-08-22.14:58:38::SCWBifWriter::Found the complete platform D:/Programs/Proyecto_3LFCC_Zybo/Vitis_3adc/3LFCC_3adc_platform/export/3LFCC_3adc_platform/3LFCC_3adc_platform.xpfm
TRACE::2024-08-22.14:58:39::SCWBifWriter::hardware databse : Design_Closed_Loop_wrapper
TRACE::2024-08-22.14:58:39::SCWBifWriter::bitstream found in the design
TRACE::2024-08-22.14:58:39::SCWBifWriter::Found a baremetal domain, proc: ps7_cortexa9_0
TRACE::2024-08-22.14:58:39::SCWBifWriter::proc type : 
TRACE::2024-08-22.14:58:39::SCWBifWriter::proc[0] : ps7_cortexa9_0
TRACE::2024-08-22.14:58:39::SCWBifWriter::Device type is : zynq
TRACE::2024-08-22.14:58:39::SCWBifWriter::Writing BIF to file : D:/Programs/Proyecto_3LFCC_Zybo/Vitis_3adc/CLC_3adc_system/Debug/system.bif
TRACE::2024-08-22.14:58:39::SCWBifWriter::Writing the Zynq Baremetal bif 
TRACE::2024-08-22.15:04:14::SCWBifWriter::Found the complete platform D:/Programs/Proyecto_3LFCC_Zybo/Vitis_3adc/3LFCC_3adc_platform/export/3LFCC_3adc_platform/3LFCC_3adc_platform.xpfm
TRACE::2024-08-22.15:04:15::SCWBifWriter::hardware databse : Design_Closed_Loop_wrapper
TRACE::2024-08-22.15:04:15::SCWBifWriter::bitstream found in the design
TRACE::2024-08-22.15:04:15::SCWBifWriter::Found a baremetal domain, proc: ps7_cortexa9_0
TRACE::2024-08-22.15:04:15::SCWBifWriter::proc type : 
TRACE::2024-08-22.15:04:15::SCWBifWriter::proc[0] : ps7_cortexa9_0
TRACE::2024-08-22.15:04:15::SCWBifWriter::Device type is : zynq
TRACE::2024-08-22.15:04:15::SCWBifWriter::Writing BIF to file : D:/Programs/Proyecto_3LFCC_Zybo/Vitis_3adc/CLC_3adc_system/Debug/system.bif
TRACE::2024-08-22.15:04:15::SCWBifWriter::Writing the Zynq Baremetal bif 
TRACE::2024-08-22.15:04:29::SCWBifWriter::Found the complete platform D:/Programs/Proyecto_3LFCC_Zybo/Vitis_3adc/3LFCC_3adc_platform/export/3LFCC_3adc_platform/3LFCC_3adc_platform.xpfm
TRACE::2024-08-22.15:04:29::SCWBifWriter::hardware databse : Design_Closed_Loop_wrapper
TRACE::2024-08-22.15:04:29::SCWBifWriter::bitstream found in the design
TRACE::2024-08-22.15:04:29::SCWBifWriter::Found a baremetal domain, proc: ps7_cortexa9_0
TRACE::2024-08-22.15:04:29::SCWBifWriter::proc type : 
TRACE::2024-08-22.15:04:29::SCWBifWriter::proc[0] : ps7_cortexa9_0
TRACE::2024-08-22.15:04:29::SCWBifWriter::Device type is : zynq
TRACE::2024-08-22.15:04:29::SCWBifWriter::Writing BIF to file : D:/Programs/Proyecto_3LFCC_Zybo/Vitis_3adc/CLC_3adc_system/Debug/system.bif
TRACE::2024-08-22.15:04:29::SCWBifWriter::Writing the Zynq Baremetal bif 
TRACE::2024-08-22.15:06:46::SCWBifWriter::Found the complete platform D:/Programs/Proyecto_3LFCC_Zybo/Vitis_3adc/3LFCC_3adc_platform/export/3LFCC_3adc_platform/3LFCC_3adc_platform.xpfm
TRACE::2024-08-22.15:06:47::SCWBifWriter::hardware databse : Design_Closed_Loop_wrapper_0
TRACE::2024-08-22.15:06:47::SCWBifWriter::bitstream found in the design
TRACE::2024-08-22.15:06:47::SCWBifWriter::Found a baremetal domain, proc: ps7_cortexa9_0
TRACE::2024-08-22.15:06:47::SCWBifWriter::proc type : 
TRACE::2024-08-22.15:06:47::SCWBifWriter::proc[0] : ps7_cortexa9_0
TRACE::2024-08-22.15:06:47::SCWBifWriter::Device type is : zynq
TRACE::2024-08-22.15:06:47::SCWBifWriter::Writing BIF to file : D:/Programs/Proyecto_3LFCC_Zybo/Vitis_3adc/CLC_3adc_system/Debug/system.bif
TRACE::2024-08-22.15:06:47::SCWBifWriter::Writing the Zynq Baremetal bif 
TRACE::2024-08-22.15:29:16::SCWBifWriter::Found the complete platform D:/Programs/Proyecto_3LFCC_Zybo/Vitis_3adc/3LFCC_3adc_platform/export/3LFCC_3adc_platform/3LFCC_3adc_platform.xpfm
TRACE::2024-08-22.15:29:16::SCWBifWriter::hardware databse : Design_Closed_Loop_wrapper_1
TRACE::2024-08-22.15:29:16::SCWBifWriter::bitstream found in the design
TRACE::2024-08-22.15:29:16::SCWBifWriter::Found a baremetal domain, proc: ps7_cortexa9_0
TRACE::2024-08-22.15:29:16::SCWBifWriter::proc type : 
TRACE::2024-08-22.15:29:16::SCWBifWriter::proc[0] : ps7_cortexa9_0
TRACE::2024-08-22.15:29:16::SCWBifWriter::Device type is : zynq
TRACE::2024-08-22.15:29:16::SCWBifWriter::Writing BIF to file : D:/Programs/Proyecto_3LFCC_Zybo/Vitis_3adc/CLC_3adc_system/Debug/system.bif
TRACE::2024-08-22.15:29:16::SCWBifWriter::Writing the Zynq Baremetal bif 
TRACE::2024-08-22.15:30:47::SCWBifWriter::Found the complete platform D:/Programs/Proyecto_3LFCC_Zybo/Vitis_3adc/3LFCC_3adc_platform/export/3LFCC_3adc_platform/3LFCC_3adc_platform.xpfm
TRACE::2024-08-22.15:30:47::SCWBifWriter::hardware databse : Design_Closed_Loop_wrapper_2
TRACE::2024-08-22.15:30:47::SCWBifWriter::bitstream found in the design
TRACE::2024-08-22.15:30:47::SCWBifWriter::Found a baremetal domain, proc: ps7_cortexa9_0
TRACE::2024-08-22.15:30:47::SCWBifWriter::proc type : 
TRACE::2024-08-22.15:30:47::SCWBifWriter::proc[0] : ps7_cortexa9_0
TRACE::2024-08-22.15:30:47::SCWBifWriter::Device type is : zynq
TRACE::2024-08-22.15:30:47::SCWBifWriter::Writing BIF to file : D:/Programs/Proyecto_3LFCC_Zybo/Vitis_3adc/CLC_3adc_system/Debug/system.bif
TRACE::2024-08-22.15:30:47::SCWBifWriter::Writing the Zynq Baremetal bif 
TRACE::2024-08-22.15:32:02::SCWBifWriter::Found the complete platform D:/Programs/Proyecto_3LFCC_Zybo/Vitis_3adc/3LFCC_3adc_platform/export/3LFCC_3adc_platform/3LFCC_3adc_platform.xpfm
TRACE::2024-08-22.15:32:02::SCWBifWriter::hardware databse : Design_Closed_Loop_wrapper_3
TRACE::2024-08-22.15:32:02::SCWBifWriter::bitstream found in the design
TRACE::2024-08-22.15:32:02::SCWBifWriter::Found a baremetal domain, proc: ps7_cortexa9_0
TRACE::2024-08-22.15:32:02::SCWBifWriter::proc type : 
TRACE::2024-08-22.15:32:02::SCWBifWriter::proc[0] : ps7_cortexa9_0
TRACE::2024-08-22.15:32:02::SCWBifWriter::Device type is : zynq
TRACE::2024-08-22.15:32:02::SCWBifWriter::Writing BIF to file : D:/Programs/Proyecto_3LFCC_Zybo/Vitis_3adc/CLC_3adc_system/Debug/system.bif
TRACE::2024-08-22.15:32:02::SCWBifWriter::Writing the Zynq Baremetal bif 
TRACE::2024-08-22.15:34:54::SCWBifWriter::Found the complete platform D:/Programs/Proyecto_3LFCC_Zybo/Vitis_3adc/3LFCC_3adc_platform/export/3LFCC_3adc_platform/3LFCC_3adc_platform.xpfm
TRACE::2024-08-22.15:34:54::SCWBifWriter::hardware databse : Design_Closed_Loop_wrapper_4
TRACE::2024-08-22.15:34:54::SCWBifWriter::bitstream found in the design
TRACE::2024-08-22.15:34:54::SCWBifWriter::Found a baremetal domain, proc: ps7_cortexa9_0
TRACE::2024-08-22.15:34:54::SCWBifWriter::proc type : 
TRACE::2024-08-22.15:34:54::SCWBifWriter::proc[0] : ps7_cortexa9_0
TRACE::2024-08-22.15:34:54::SCWBifWriter::Device type is : zynq
TRACE::2024-08-22.15:34:54::SCWBifWriter::Writing BIF to file : D:/Programs/Proyecto_3LFCC_Zybo/Vitis_3adc/CLC_3adc_system/Debug/system.bif
TRACE::2024-08-22.15:34:54::SCWBifWriter::Writing the Zynq Baremetal bif 
TRACE::2024-08-22.17:21:03::SCWBifWriter::Found the complete platform D:/Programs/Proyecto_3LFCC_Zybo/Vitis_3adc/3LFCC_3adc_platform/export/3LFCC_3adc_platform/3LFCC_3adc_platform.xpfm
TRACE::2024-08-22.17:21:03::SCWBifWriter::hardware databse : Design_Closed_Loop_wrapper_5
TRACE::2024-08-22.17:21:03::SCWBifWriter::bitstream found in the design
TRACE::2024-08-22.17:21:03::SCWBifWriter::Found a baremetal domain, proc: ps7_cortexa9_0
TRACE::2024-08-22.17:21:03::SCWBifWriter::proc type : 
TRACE::2024-08-22.17:21:03::SCWBifWriter::proc[0] : ps7_cortexa9_0
TRACE::2024-08-22.17:21:03::SCWBifWriter::Device type is : zynq
TRACE::2024-08-22.17:21:03::SCWBifWriter::Writing BIF to file : D:/Programs/Proyecto_3LFCC_Zybo/Vitis_3adc/CLC_3adc_system/Debug/system.bif
TRACE::2024-08-22.17:21:03::SCWBifWriter::Writing the Zynq Baremetal bif 
TRACE::2024-08-23.14:39:25::SCWBifWriter::Found the complete platform D:/Programs/Proyecto_3LFCC_Zybo/Vitis_3adc/3LFCC_3adc_platform/export/3LFCC_3adc_platform/3LFCC_3adc_platform.xpfm
TRACE::2024-08-23.14:39:26::SCWBifWriter::hardware databse : Design_Closed_Loop_wrapper
TRACE::2024-08-23.14:39:26::SCWBifWriter::bitstream found in the design
TRACE::2024-08-23.14:39:26::SCWBifWriter::Found a baremetal domain, proc: ps7_cortexa9_0
TRACE::2024-08-23.14:39:26::SCWBifWriter::proc type : 
TRACE::2024-08-23.14:39:26::SCWBifWriter::proc[0] : ps7_cortexa9_0
TRACE::2024-08-23.14:39:26::SCWBifWriter::Device type is : zynq
TRACE::2024-08-23.14:39:26::SCWBifWriter::Writing BIF to file : D:/Programs/Proyecto_3LFCC_Zybo/Vitis_3adc/CLC_3adc_system/Debug/system.bif
TRACE::2024-08-23.14:39:26::SCWBifWriter::Writing the Zynq Baremetal bif 
TRACE::2024-08-23.14:45:06::SCWBifWriter::Found the complete platform D:/Programs/Proyecto_3LFCC_Zybo/Vitis_3adc/3LFCC_3adc_platform/export/3LFCC_3adc_platform/3LFCC_3adc_platform.xpfm
TRACE::2024-08-23.14:45:06::SCWBifWriter::hardware databse : Design_Closed_Loop_wrapper
TRACE::2024-08-23.14:45:06::SCWBifWriter::bitstream found in the design
TRACE::2024-08-23.14:45:07::SCWBifWriter::Found a baremetal domain, proc: ps7_cortexa9_0
TRACE::2024-08-23.14:45:07::SCWBifWriter::proc type : 
TRACE::2024-08-23.14:45:07::SCWBifWriter::proc[0] : ps7_cortexa9_0
TRACE::2024-08-23.14:45:07::SCWBifWriter::Device type is : zynq
TRACE::2024-08-23.14:45:07::SCWBifWriter::Writing BIF to file : D:/Programs/Proyecto_3LFCC_Zybo/Vitis_3adc/CLC_3adc_system/Debug/system.bif
TRACE::2024-08-23.14:45:07::SCWBifWriter::Writing the Zynq Baremetal bif 
TRACE::2024-08-23.14:56:37::SCWBifWriter::Found the complete platform D:/Programs/Proyecto_3LFCC_Zybo/Vitis_3adc/3LFCC_3adc_platform/export/3LFCC_3adc_platform/3LFCC_3adc_platform.xpfm
TRACE::2024-08-23.14:56:37::SCWBifWriter::hardware databse : Design_Closed_Loop_wrapper
TRACE::2024-08-23.14:56:37::SCWBifWriter::bitstream found in the design
TRACE::2024-08-23.14:56:37::SCWBifWriter::Found a baremetal domain, proc: ps7_cortexa9_0
TRACE::2024-08-23.14:56:37::SCWBifWriter::proc type : 
TRACE::2024-08-23.14:56:37::SCWBifWriter::proc[0] : ps7_cortexa9_0
TRACE::2024-08-23.14:56:37::SCWBifWriter::Device type is : zynq
TRACE::2024-08-23.14:56:37::SCWBifWriter::Writing BIF to file : D:/Programs/Proyecto_3LFCC_Zybo/Vitis_3adc/CLC_3adc_system/Debug/system.bif
TRACE::2024-08-23.14:56:37::SCWBifWriter::Writing the Zynq Baremetal bif 
TRACE::2024-08-23.14:58:40::SCWBifWriter::Found the complete platform D:/Programs/Proyecto_3LFCC_Zybo/Vitis_3adc/3LFCC_3adc_platform/export/3LFCC_3adc_platform/3LFCC_3adc_platform.xpfm
TRACE::2024-08-23.14:58:41::SCWBifWriter::hardware databse : Design_Closed_Loop_wrapper_0
TRACE::2024-08-23.14:58:41::SCWBifWriter::bitstream found in the design
TRACE::2024-08-23.14:58:41::SCWBifWriter::Found a baremetal domain, proc: ps7_cortexa9_0
TRACE::2024-08-23.14:58:41::SCWBifWriter::proc type : 
TRACE::2024-08-23.14:58:41::SCWBifWriter::proc[0] : ps7_cortexa9_0
TRACE::2024-08-23.14:58:41::SCWBifWriter::Device type is : zynq
TRACE::2024-08-23.14:58:41::SCWBifWriter::Writing BIF to file : D:/Programs/Proyecto_3LFCC_Zybo/Vitis_3adc/CLC_3adc_system/Debug/system.bif
TRACE::2024-08-23.14:58:41::SCWBifWriter::Writing the Zynq Baremetal bif 
TRACE::2024-08-23.15:03:10::SCWBifWriter::Found the complete platform D:/Programs/Proyecto_3LFCC_Zybo/Vitis_3adc/3LFCC_3adc_platform/export/3LFCC_3adc_platform/3LFCC_3adc_platform.xpfm
TRACE::2024-08-23.15:03:10::SCWBifWriter::hardware databse : Design_Closed_Loop_wrapper_1
TRACE::2024-08-23.15:03:10::SCWBifWriter::bitstream found in the design
TRACE::2024-08-23.15:03:10::SCWBifWriter::Found a baremetal domain, proc: ps7_cortexa9_0
TRACE::2024-08-23.15:03:10::SCWBifWriter::proc type : 
TRACE::2024-08-23.15:03:10::SCWBifWriter::proc[0] : ps7_cortexa9_0
TRACE::2024-08-23.15:03:10::SCWBifWriter::Device type is : zynq
TRACE::2024-08-23.15:03:10::SCWBifWriter::Writing BIF to file : D:/Programs/Proyecto_3LFCC_Zybo/Vitis_3adc/CLC_3adc_system/Debug/system.bif
TRACE::2024-08-23.15:03:10::SCWBifWriter::Writing the Zynq Baremetal bif 
TRACE::2024-08-23.15:06:01::SCWBifWriter::Found the complete platform D:/Programs/Proyecto_3LFCC_Zybo/Vitis_3adc/3LFCC_3adc_platform/export/3LFCC_3adc_platform/3LFCC_3adc_platform.xpfm
TRACE::2024-08-23.15:06:01::SCWBifWriter::hardware databse : Design_Closed_Loop_wrapper_2
TRACE::2024-08-23.15:06:01::SCWBifWriter::bitstream found in the design
TRACE::2024-08-23.15:06:01::SCWBifWriter::Found a baremetal domain, proc: ps7_cortexa9_0
TRACE::2024-08-23.15:06:01::SCWBifWriter::proc type : 
TRACE::2024-08-23.15:06:01::SCWBifWriter::proc[0] : ps7_cortexa9_0
TRACE::2024-08-23.15:06:01::SCWBifWriter::Device type is : zynq
TRACE::2024-08-23.15:06:01::SCWBifWriter::Writing BIF to file : D:/Programs/Proyecto_3LFCC_Zybo/Vitis_3adc/CLC_3adc_system/Debug/system.bif
TRACE::2024-08-23.15:06:01::SCWBifWriter::Writing the Zynq Baremetal bif 
TRACE::2024-08-23.15:08:08::SCWBifWriter::Found the complete platform D:/Programs/Proyecto_3LFCC_Zybo/Vitis_3adc/3LFCC_3adc_platform/export/3LFCC_3adc_platform/3LFCC_3adc_platform.xpfm
TRACE::2024-08-23.15:08:08::SCWBifWriter::hardware databse : Design_Closed_Loop_wrapper_3
TRACE::2024-08-23.15:08:08::SCWBifWriter::bitstream found in the design
TRACE::2024-08-23.15:08:08::SCWBifWriter::Found a baremetal domain, proc: ps7_cortexa9_0
TRACE::2024-08-23.15:08:08::SCWBifWriter::proc type : 
TRACE::2024-08-23.15:08:08::SCWBifWriter::proc[0] : ps7_cortexa9_0
TRACE::2024-08-23.15:08:08::SCWBifWriter::Device type is : zynq
TRACE::2024-08-23.15:08:08::SCWBifWriter::Writing BIF to file : D:/Programs/Proyecto_3LFCC_Zybo/Vitis_3adc/CLC_3adc_system/Debug/system.bif
TRACE::2024-08-23.15:08:08::SCWBifWriter::Writing the Zynq Baremetal bif 
TRACE::2024-08-23.15:30:28::SCWBifWriter::Found the complete platform D:/Programs/Proyecto_3LFCC_Zybo/Vitis_3adc/3LFCC_3adc_platform/export/3LFCC_3adc_platform/3LFCC_3adc_platform.xpfm
TRACE::2024-08-23.15:30:28::SCWBifWriter::hardware databse : Design_Closed_Loop_wrapper_4
TRACE::2024-08-23.15:30:28::SCWBifWriter::bitstream found in the design
TRACE::2024-08-23.15:30:28::SCWBifWriter::Found a baremetal domain, proc: ps7_cortexa9_0
TRACE::2024-08-23.15:30:28::SCWBifWriter::proc type : 
TRACE::2024-08-23.15:30:28::SCWBifWriter::proc[0] : ps7_cortexa9_0
TRACE::2024-08-23.15:30:28::SCWBifWriter::Device type is : zynq
TRACE::2024-08-23.15:30:28::SCWBifWriter::Writing BIF to file : D:/Programs/Proyecto_3LFCC_Zybo/Vitis_3adc/CLC_3adc_system/Debug/system.bif
TRACE::2024-08-23.15:30:28::SCWBifWriter::Writing the Zynq Baremetal bif 
TRACE::2024-08-23.15:47:09::SCWBifWriter::Found the complete platform D:/Programs/Proyecto_3LFCC_Zybo/Vitis_3adc/3LFCC_3adc_platform/export/3LFCC_3adc_platform/3LFCC_3adc_platform.xpfm
TRACE::2024-08-23.15:47:10::SCWBifWriter::hardware databse : Design_Closed_Loop_wrapper_5
TRACE::2024-08-23.15:47:10::SCWBifWriter::bitstream found in the design
TRACE::2024-08-23.15:47:10::SCWBifWriter::Found a baremetal domain, proc: ps7_cortexa9_0
TRACE::2024-08-23.15:47:10::SCWBifWriter::proc type : 
TRACE::2024-08-23.15:47:10::SCWBifWriter::proc[0] : ps7_cortexa9_0
TRACE::2024-08-23.15:47:10::SCWBifWriter::Device type is : zynq
TRACE::2024-08-23.15:47:10::SCWBifWriter::Writing BIF to file : D:/Programs/Proyecto_3LFCC_Zybo/Vitis_3adc/CLC_3adc_system/Debug/system.bif
TRACE::2024-08-23.15:47:10::SCWBifWriter::Writing the Zynq Baremetal bif 
TRACE::2024-08-23.16:08:57::SCWBifWriter::Found the complete platform D:/Programs/Proyecto_3LFCC_Zybo/Vitis_3adc/3LFCC_3adc_platform/export/3LFCC_3adc_platform/3LFCC_3adc_platform.xpfm
TRACE::2024-08-23.16:08:57::SCWBifWriter::hardware databse : Design_Closed_Loop_wrapper_6
TRACE::2024-08-23.16:08:57::SCWBifWriter::bitstream found in the design
TRACE::2024-08-23.16:08:57::SCWBifWriter::Found a baremetal domain, proc: ps7_cortexa9_0
TRACE::2024-08-23.16:08:57::SCWBifWriter::proc type : 
TRACE::2024-08-23.16:08:57::SCWBifWriter::proc[0] : ps7_cortexa9_0
TRACE::2024-08-23.16:08:57::SCWBifWriter::Device type is : zynq
TRACE::2024-08-23.16:08:57::SCWBifWriter::Writing BIF to file : D:/Programs/Proyecto_3LFCC_Zybo/Vitis_3adc/CLC_3adc_system/Debug/system.bif
TRACE::2024-08-23.16:08:57::SCWBifWriter::Writing the Zynq Baremetal bif 
TRACE::2024-08-26.11:59:44::SCWBifWriter::Found the complete platform D:/Programs/Proyecto_3LFCC_Zybo/Vitis_3adc/3LFCC_3adc_platform/export/3LFCC_3adc_platform/3LFCC_3adc_platform.xpfm
TRACE::2024-08-26.11:59:44::SCWBifWriter::hardware databse : Design_Closed_Loop_wrapper
TRACE::2024-08-26.11:59:44::SCWBifWriter::bitstream found in the design
TRACE::2024-08-26.11:59:44::SCWBifWriter::Found a baremetal domain, proc: ps7_cortexa9_0
TRACE::2024-08-26.11:59:44::SCWBifWriter::proc type : 
TRACE::2024-08-26.11:59:44::SCWBifWriter::proc[0] : ps7_cortexa9_0
TRACE::2024-08-26.11:59:44::SCWBifWriter::Device type is : zynq
TRACE::2024-08-26.11:59:44::SCWBifWriter::Writing BIF to file : D:/Programs/Proyecto_3LFCC_Zybo/Vitis_3adc/CLC_3adc_system/Debug/system.bif
TRACE::2024-08-26.11:59:44::SCWBifWriter::Writing the Zynq Baremetal bif 
TRACE::2024-08-26.11:59:56::SCWBifWriter::Found the complete platform D:/Programs/Proyecto_3LFCC_Zybo/Vitis_3adc/3LFCC_3adc_platform/export/3LFCC_3adc_platform/3LFCC_3adc_platform.xpfm
TRACE::2024-08-26.11:59:56::SCWBifWriter::hardware databse : Design_Closed_Loop_wrapper
TRACE::2024-08-26.11:59:56::SCWBifWriter::bitstream found in the design
TRACE::2024-08-26.11:59:56::SCWBifWriter::Found a baremetal domain, proc: ps7_cortexa9_0
TRACE::2024-08-26.11:59:56::SCWBifWriter::proc type : 
TRACE::2024-08-26.11:59:56::SCWBifWriter::proc[0] : ps7_cortexa9_0
TRACE::2024-08-26.11:59:56::SCWBifWriter::Device type is : zynq
TRACE::2024-08-26.11:59:56::SCWBifWriter::Writing BIF to file : D:/Programs/Proyecto_3LFCC_Zybo/Vitis_3adc/CLC_3adc_system/Debug/system.bif
TRACE::2024-08-26.11:59:56::SCWBifWriter::Writing the Zynq Baremetal bif 
TRACE::2024-08-26.12:14:34::SCWBifWriter::Found the complete platform D:/Programs/Proyecto_3LFCC_Zybo/Vitis_3adc/3LFCC_3adc_platform/export/3LFCC_3adc_platform/3LFCC_3adc_platform.xpfm
TRACE::2024-08-26.12:14:35::SCWBifWriter::hardware databse : Design_Closed_Loop_wrapper
TRACE::2024-08-26.12:14:35::SCWBifWriter::bitstream found in the design
TRACE::2024-08-26.12:14:35::SCWBifWriter::Found a baremetal domain, proc: ps7_cortexa9_0
TRACE::2024-08-26.12:14:35::SCWBifWriter::proc type : 
TRACE::2024-08-26.12:14:35::SCWBifWriter::proc[0] : ps7_cortexa9_0
TRACE::2024-08-26.12:14:35::SCWBifWriter::Device type is : zynq
TRACE::2024-08-26.12:14:35::SCWBifWriter::Writing BIF to file : D:/Programs/Proyecto_3LFCC_Zybo/Vitis_3adc/CLC_3adc_system/Debug/system.bif
TRACE::2024-08-26.12:14:35::SCWBifWriter::Writing the Zynq Baremetal bif 
TRACE::2024-08-26.12:14:45::SCWBifWriter::Found the complete platform D:/Programs/Proyecto_3LFCC_Zybo/Vitis_3adc/3LFCC_3adc_platform/export/3LFCC_3adc_platform/3LFCC_3adc_platform.xpfm
TRACE::2024-08-26.12:14:45::SCWBifWriter::hardware databse : Design_Closed_Loop_wrapper
TRACE::2024-08-26.12:14:45::SCWBifWriter::bitstream found in the design
TRACE::2024-08-26.12:14:45::SCWBifWriter::Found a baremetal domain, proc: ps7_cortexa9_0
TRACE::2024-08-26.12:14:45::SCWBifWriter::proc type : 
TRACE::2024-08-26.12:14:45::SCWBifWriter::proc[0] : ps7_cortexa9_0
TRACE::2024-08-26.12:14:45::SCWBifWriter::Device type is : zynq
TRACE::2024-08-26.12:14:45::SCWBifWriter::Writing BIF to file : D:/Programs/Proyecto_3LFCC_Zybo/Vitis_3adc/CLC_3adc_system/Debug/system.bif
TRACE::2024-08-26.12:14:45::SCWBifWriter::Writing the Zynq Baremetal bif 
TRACE::2024-08-26.12:19:33::SCWBifWriter::Found the complete platform D:/Programs/Proyecto_3LFCC_Zybo/Vitis_3adc/3LFCC_3adc_platform/export/3LFCC_3adc_platform/3LFCC_3adc_platform.xpfm
TRACE::2024-08-26.12:19:33::SCWBifWriter::hardware databse : Design_Closed_Loop_wrapper_0
TRACE::2024-08-26.12:19:33::SCWBifWriter::bitstream found in the design
TRACE::2024-08-26.12:19:33::SCWBifWriter::Found a baremetal domain, proc: ps7_cortexa9_0
TRACE::2024-08-26.12:19:33::SCWBifWriter::proc type : 
TRACE::2024-08-26.12:19:33::SCWBifWriter::proc[0] : ps7_cortexa9_0
TRACE::2024-08-26.12:19:33::SCWBifWriter::Device type is : zynq
TRACE::2024-08-26.12:19:33::SCWBifWriter::Writing BIF to file : D:/Programs/Proyecto_3LFCC_Zybo/Vitis_3adc/CLC_3adc_system/Debug/system.bif
TRACE::2024-08-26.12:19:33::SCWBifWriter::Writing the Zynq Baremetal bif 
TRACE::2024-08-26.12:58:10::SCWBifWriter::Found the complete platform D:/Programs/Proyecto_3LFCC_Zybo/Vitis_3adc/3LFCC_3adc_platform/export/3LFCC_3adc_platform/3LFCC_3adc_platform.xpfm
TRACE::2024-08-26.12:58:10::SCWBifWriter::hardware databse : Design_Closed_Loop_wrapper_3
TRACE::2024-08-26.12:58:10::SCWBifWriter::bitstream found in the design
TRACE::2024-08-26.12:58:10::SCWBifWriter::Found a baremetal domain, proc: ps7_cortexa9_0
TRACE::2024-08-26.12:58:10::SCWBifWriter::proc type : 
TRACE::2024-08-26.12:58:10::SCWBifWriter::proc[0] : ps7_cortexa9_0
TRACE::2024-08-26.12:58:10::SCWBifWriter::Device type is : zynq
TRACE::2024-08-26.12:58:10::SCWBifWriter::Writing BIF to file : D:/Programs/Proyecto_3LFCC_Zybo/Vitis_3adc/CLC_3adc_system/Debug/system.bif
TRACE::2024-08-26.12:58:10::SCWBifWriter::Writing the Zynq Baremetal bif 
TRACE::2024-08-26.14:31:11::SCWBifWriter::Found the complete platform D:/Programs/Proyecto_3LFCC_Zybo/Vitis_3adc/3LFCC_3adc_platform/export/3LFCC_3adc_platform/3LFCC_3adc_platform.xpfm
TRACE::2024-08-26.14:31:11::SCWBifWriter::hardware databse : Design_Closed_Loop_wrapper_5
TRACE::2024-08-26.14:31:11::SCWBifWriter::bitstream found in the design
TRACE::2024-08-26.14:31:11::SCWBifWriter::Found a baremetal domain, proc: ps7_cortexa9_0
TRACE::2024-08-26.14:31:11::SCWBifWriter::proc type : 
TRACE::2024-08-26.14:31:11::SCWBifWriter::proc[0] : ps7_cortexa9_0
TRACE::2024-08-26.14:31:11::SCWBifWriter::Device type is : zynq
TRACE::2024-08-26.14:31:11::SCWBifWriter::Writing BIF to file : D:/Programs/Proyecto_3LFCC_Zybo/Vitis_3adc/CLC_3adc_system/Debug/system.bif
TRACE::2024-08-26.14:31:11::SCWBifWriter::Writing the Zynq Baremetal bif 
TRACE::2024-08-26.14:41:25::SCWBifWriter::Found the complete platform D:/Programs/Proyecto_3LFCC_Zybo/Vitis_3adc/3LFCC_3adc_platform/export/3LFCC_3adc_platform/3LFCC_3adc_platform.xpfm
TRACE::2024-08-26.14:41:25::SCWBifWriter::hardware databse : Design_Closed_Loop_wrapper_6
TRACE::2024-08-26.14:41:25::SCWBifWriter::bitstream found in the design
TRACE::2024-08-26.14:41:25::SCWBifWriter::Found a baremetal domain, proc: ps7_cortexa9_0
TRACE::2024-08-26.14:41:25::SCWBifWriter::proc type : 
TRACE::2024-08-26.14:41:25::SCWBifWriter::proc[0] : ps7_cortexa9_0
TRACE::2024-08-26.14:41:25::SCWBifWriter::Device type is : zynq
TRACE::2024-08-26.14:41:25::SCWBifWriter::Writing BIF to file : D:/Programs/Proyecto_3LFCC_Zybo/Vitis_3adc/CLC_3adc_system/Debug/system.bif
TRACE::2024-08-26.14:41:25::SCWBifWriter::Writing the Zynq Baremetal bif 
TRACE::2024-08-26.15:15:34::SCWBifWriter::Found the complete platform D:/Programs/Proyecto_3LFCC_Zybo/Vitis_3adc/3LFCC_3adc_platform/export/3LFCC_3adc_platform/3LFCC_3adc_platform.xpfm
TRACE::2024-08-26.15:15:34::SCWBifWriter::hardware databse : Design_Closed_Loop_wrapper_7
TRACE::2024-08-26.15:15:34::SCWBifWriter::bitstream found in the design
TRACE::2024-08-26.15:15:34::SCWBifWriter::Found a baremetal domain, proc: ps7_cortexa9_0
TRACE::2024-08-26.15:15:34::SCWBifWriter::proc type : 
TRACE::2024-08-26.15:15:34::SCWBifWriter::proc[0] : ps7_cortexa9_0
TRACE::2024-08-26.15:15:34::SCWBifWriter::Device type is : zynq
TRACE::2024-08-26.15:15:34::SCWBifWriter::Writing BIF to file : D:/Programs/Proyecto_3LFCC_Zybo/Vitis_3adc/CLC_3adc_system/Debug/system.bif
TRACE::2024-08-26.15:15:34::SCWBifWriter::Writing the Zynq Baremetal bif 
TRACE::2024-08-26.15:18:38::SCWBifWriter::Found the complete platform D:/Programs/Proyecto_3LFCC_Zybo/Vitis_3adc/3LFCC_3adc_platform/export/3LFCC_3adc_platform/3LFCC_3adc_platform.xpfm
TRACE::2024-08-26.15:18:39::SCWBifWriter::hardware databse : Design_Closed_Loop_wrapper_7
TRACE::2024-08-26.15:18:39::SCWBifWriter::bitstream found in the design
TRACE::2024-08-26.15:18:39::SCWBifWriter::Found a baremetal domain, proc: ps7_cortexa9_0
TRACE::2024-08-26.15:18:39::SCWBifWriter::proc type : 
TRACE::2024-08-26.15:18:39::SCWBifWriter::proc[0] : ps7_cortexa9_0
TRACE::2024-08-26.15:18:39::SCWBifWriter::Device type is : zynq
TRACE::2024-08-26.15:18:39::SCWBifWriter::Writing BIF to file : D:/Programs/Proyecto_3LFCC_Zybo/Vitis_3adc/CLC_3adc_system/Debug/system.bif
TRACE::2024-08-26.15:18:39::SCWBifWriter::Writing the Zynq Baremetal bif 
TRACE::2024-08-26.15:35:16::SCWBifWriter::Found the complete platform D:/Programs/Proyecto_3LFCC_Zybo/Vitis_3adc/3LFCC_3adc_platform/export/3LFCC_3adc_platform/3LFCC_3adc_platform.xpfm
TRACE::2024-08-26.15:35:16::SCWBifWriter::hardware databse : Design_Closed_Loop_wrapper_8
TRACE::2024-08-26.15:35:16::SCWBifWriter::bitstream found in the design
TRACE::2024-08-26.15:35:16::SCWBifWriter::Found a baremetal domain, proc: ps7_cortexa9_0
TRACE::2024-08-26.15:35:16::SCWBifWriter::proc type : 
TRACE::2024-08-26.15:35:16::SCWBifWriter::proc[0] : ps7_cortexa9_0
TRACE::2024-08-26.15:35:16::SCWBifWriter::Device type is : zynq
TRACE::2024-08-26.15:35:16::SCWBifWriter::Writing BIF to file : D:/Programs/Proyecto_3LFCC_Zybo/Vitis_3adc/CLC_3adc_system/Debug/system.bif
TRACE::2024-08-26.15:35:16::SCWBifWriter::Writing the Zynq Baremetal bif 
TRACE::2024-08-26.15:46:48::SCWBifWriter::Found the complete platform D:/Programs/Proyecto_3LFCC_Zybo/Vitis_3adc/3LFCC_3adc_platform/export/3LFCC_3adc_platform/3LFCC_3adc_platform.xpfm
TRACE::2024-08-26.15:46:48::SCWBifWriter::hardware databse : Design_Closed_Loop_wrapper_9
TRACE::2024-08-26.15:46:48::SCWBifWriter::bitstream found in the design
TRACE::2024-08-26.15:46:48::SCWBifWriter::Found a baremetal domain, proc: ps7_cortexa9_0
TRACE::2024-08-26.15:46:48::SCWBifWriter::proc type : 
TRACE::2024-08-26.15:46:48::SCWBifWriter::proc[0] : ps7_cortexa9_0
TRACE::2024-08-26.15:46:48::SCWBifWriter::Device type is : zynq
TRACE::2024-08-26.15:46:48::SCWBifWriter::Writing BIF to file : D:/Programs/Proyecto_3LFCC_Zybo/Vitis_3adc/CLC_3adc_system/Debug/system.bif
TRACE::2024-08-26.15:46:48::SCWBifWriter::Writing the Zynq Baremetal bif 
TRACE::2024-08-26.16:22:39::SCWBifWriter::Found the complete platform D:/Programs/Proyecto_3LFCC_Zybo/Vitis_3adc/3LFCC_3adc_platform/export/3LFCC_3adc_platform/3LFCC_3adc_platform.xpfm
TRACE::2024-08-26.16:22:40::SCWBifWriter::hardware databse : Design_Closed_Loop_wrapper_10
TRACE::2024-08-26.16:22:40::SCWBifWriter::bitstream found in the design
TRACE::2024-08-26.16:22:40::SCWBifWriter::Found a baremetal domain, proc: ps7_cortexa9_0
TRACE::2024-08-26.16:22:40::SCWBifWriter::proc type : 
TRACE::2024-08-26.16:22:40::SCWBifWriter::proc[0] : ps7_cortexa9_0
TRACE::2024-08-26.16:22:40::SCWBifWriter::Device type is : zynq
TRACE::2024-08-26.16:22:40::SCWBifWriter::Writing BIF to file : D:/Programs/Proyecto_3LFCC_Zybo/Vitis_3adc/CLC_3adc_system/Debug/system.bif
TRACE::2024-08-26.16:22:40::SCWBifWriter::Writing the Zynq Baremetal bif 
TRACE::2024-08-26.16:29:11::SCWBifWriter::Found the complete platform D:/Programs/Proyecto_3LFCC_Zybo/Vitis_3adc/3LFCC_3adc_platform/export/3LFCC_3adc_platform/3LFCC_3adc_platform.xpfm
TRACE::2024-08-26.16:29:11::SCWBifWriter::hardware databse : Design_Closed_Loop_wrapper_11
TRACE::2024-08-26.16:29:11::SCWBifWriter::bitstream found in the design
TRACE::2024-08-26.16:29:11::SCWBifWriter::Found a baremetal domain, proc: ps7_cortexa9_0
TRACE::2024-08-26.16:29:11::SCWBifWriter::proc type : 
TRACE::2024-08-26.16:29:11::SCWBifWriter::proc[0] : ps7_cortexa9_0
TRACE::2024-08-26.16:29:11::SCWBifWriter::Device type is : zynq
TRACE::2024-08-26.16:29:11::SCWBifWriter::Writing BIF to file : D:/Programs/Proyecto_3LFCC_Zybo/Vitis_3adc/CLC_3adc_system/Debug/system.bif
TRACE::2024-08-26.16:29:11::SCWBifWriter::Writing the Zynq Baremetal bif 
TRACE::2024-08-26.16:32:39::SCWBifWriter::Found the complete platform D:/Programs/Proyecto_3LFCC_Zybo/Vitis_3adc/3LFCC_3adc_platform/export/3LFCC_3adc_platform/3LFCC_3adc_platform.xpfm
TRACE::2024-08-26.16:32:39::SCWBifWriter::hardware databse : Design_Closed_Loop_wrapper_12
TRACE::2024-08-26.16:32:39::SCWBifWriter::bitstream found in the design
TRACE::2024-08-26.16:32:39::SCWBifWriter::Found a baremetal domain, proc: ps7_cortexa9_0
TRACE::2024-08-26.16:32:39::SCWBifWriter::proc type : 
TRACE::2024-08-26.16:32:39::SCWBifWriter::proc[0] : ps7_cortexa9_0
TRACE::2024-08-26.16:32:39::SCWBifWriter::Device type is : zynq
TRACE::2024-08-26.16:32:39::SCWBifWriter::Writing BIF to file : D:/Programs/Proyecto_3LFCC_Zybo/Vitis_3adc/CLC_3adc_system/Debug/system.bif
TRACE::2024-08-26.16:32:39::SCWBifWriter::Writing the Zynq Baremetal bif 
TRACE::2024-08-27.10:56:31::SCWBifWriter::Found the complete platform D:/Programs/Proyecto_3LFCC_Zybo/Vitis_3adc/3LFCC_3adc_platform/export/3LFCC_3adc_platform/3LFCC_3adc_platform.xpfm
TRACE::2024-08-27.10:56:32::SCWBifWriter::hardware databse : Design_Closed_Loop_wrapper
TRACE::2024-08-27.10:56:32::SCWBifWriter::bitstream found in the design
TRACE::2024-08-27.10:56:32::SCWBifWriter::Found a baremetal domain, proc: ps7_cortexa9_0
TRACE::2024-08-27.10:56:32::SCWBifWriter::proc type : 
TRACE::2024-08-27.10:56:32::SCWBifWriter::proc[0] : ps7_cortexa9_0
TRACE::2024-08-27.10:56:32::SCWBifWriter::Device type is : zynq
TRACE::2024-08-27.10:56:32::SCWBifWriter::Writing BIF to file : D:/Programs/Proyecto_3LFCC_Zybo/Vitis_3adc/CLC_3adc_system/Debug/system.bif
TRACE::2024-08-27.10:56:32::SCWBifWriter::Writing the Zynq Baremetal bif 
TRACE::2024-08-27.11:43:26::SCWBifWriter::Found the complete platform D:/Programs/Proyecto_3LFCC_Zybo/Vitis_3adc/3LFCC_3adc_platform/export/3LFCC_3adc_platform/3LFCC_3adc_platform.xpfm
TRACE::2024-08-27.11:43:26::SCWBifWriter::hardware databse : Design_Closed_Loop_wrapper
TRACE::2024-08-27.11:43:26::SCWBifWriter::bitstream found in the design
TRACE::2024-08-27.11:43:26::SCWBifWriter::Found a baremetal domain, proc: ps7_cortexa9_0
TRACE::2024-08-27.11:43:26::SCWBifWriter::proc type : 
TRACE::2024-08-27.11:43:26::SCWBifWriter::proc[0] : ps7_cortexa9_0
TRACE::2024-08-27.11:43:26::SCWBifWriter::Device type is : zynq
TRACE::2024-08-27.11:43:26::SCWBifWriter::Writing BIF to file : D:/Programs/Proyecto_3LFCC_Zybo/Vitis_3adc/CLC_3adc_system/Debug/system.bif
TRACE::2024-08-27.11:43:26::SCWBifWriter::Writing the Zynq Baremetal bif 
TRACE::2024-08-27.11:49:37::SCWBifWriter::Found the complete platform D:/Programs/Proyecto_3LFCC_Zybo/Vitis_3adc/3LFCC_3adc_platform/export/3LFCC_3adc_platform/3LFCC_3adc_platform.xpfm
TRACE::2024-08-27.11:49:37::SCWBifWriter::hardware databse : Design_Closed_Loop_wrapper_0
TRACE::2024-08-27.11:49:37::SCWBifWriter::bitstream found in the design
TRACE::2024-08-27.11:49:37::SCWBifWriter::Found a baremetal domain, proc: ps7_cortexa9_0
TRACE::2024-08-27.11:49:37::SCWBifWriter::proc type : 
TRACE::2024-08-27.11:49:37::SCWBifWriter::proc[0] : ps7_cortexa9_0
TRACE::2024-08-27.11:49:37::SCWBifWriter::Device type is : zynq
TRACE::2024-08-27.11:49:37::SCWBifWriter::Writing BIF to file : D:/Programs/Proyecto_3LFCC_Zybo/Vitis_3adc/CLC_3adc_system/Debug/system.bif
TRACE::2024-08-27.11:49:37::SCWBifWriter::Writing the Zynq Baremetal bif 
TRACE::2024-08-27.11:49:57::SCWBifWriter::Found the complete platform D:/Programs/Proyecto_3LFCC_Zybo/Vitis_3adc/3LFCC_3adc_platform/export/3LFCC_3adc_platform/3LFCC_3adc_platform.xpfm
TRACE::2024-08-27.11:49:57::SCWBifWriter::hardware databse : Design_Closed_Loop_wrapper_0
TRACE::2024-08-27.11:49:57::SCWBifWriter::bitstream found in the design
TRACE::2024-08-27.11:49:57::SCWBifWriter::Found a baremetal domain, proc: ps7_cortexa9_0
TRACE::2024-08-27.11:49:57::SCWBifWriter::proc type : 
TRACE::2024-08-27.11:49:57::SCWBifWriter::proc[0] : ps7_cortexa9_0
TRACE::2024-08-27.11:49:57::SCWBifWriter::Device type is : zynq
TRACE::2024-08-27.11:49:57::SCWBifWriter::Writing BIF to file : D:/Programs/Proyecto_3LFCC_Zybo/Vitis_3adc/CLC_3adc_system/Debug/system.bif
TRACE::2024-08-27.11:49:57::SCWBifWriter::Writing the Zynq Baremetal bif 
TRACE::2024-08-27.12:16:17::SCWBifWriter::Found the complete platform D:/Programs/Proyecto_3LFCC_Zybo/Vitis_3adc/3LFCC_3adc_platform/export/3LFCC_3adc_platform/3LFCC_3adc_platform.xpfm
TRACE::2024-08-27.12:16:18::SCWBifWriter::hardware databse : Design_Closed_Loop_wrapper_1
TRACE::2024-08-27.12:16:18::SCWBifWriter::bitstream found in the design
TRACE::2024-08-27.12:16:18::SCWBifWriter::Found a baremetal domain, proc: ps7_cortexa9_0
TRACE::2024-08-27.12:16:18::SCWBifWriter::proc type : 
TRACE::2024-08-27.12:16:18::SCWBifWriter::proc[0] : ps7_cortexa9_0
TRACE::2024-08-27.12:16:18::SCWBifWriter::Device type is : zynq
TRACE::2024-08-27.12:16:18::SCWBifWriter::Writing BIF to file : D:/Programs/Proyecto_3LFCC_Zybo/Vitis_3adc/CLC_3adc_system/Debug/system.bif
TRACE::2024-08-27.12:16:18::SCWBifWriter::Writing the Zynq Baremetal bif 
TRACE::2024-08-27.12:19:43::SCWBifWriter::Found the complete platform D:/Programs/Proyecto_3LFCC_Zybo/Vitis_3adc/3LFCC_3adc_platform/export/3LFCC_3adc_platform/3LFCC_3adc_platform.xpfm
TRACE::2024-08-27.12:19:44::SCWBifWriter::hardware databse : Design_Closed_Loop_wrapper_1
TRACE::2024-08-27.12:19:44::SCWBifWriter::bitstream found in the design
TRACE::2024-08-27.12:19:44::SCWBifWriter::Found a baremetal domain, proc: ps7_cortexa9_0
TRACE::2024-08-27.12:19:44::SCWBifWriter::proc type : 
TRACE::2024-08-27.12:19:44::SCWBifWriter::proc[0] : ps7_cortexa9_0
TRACE::2024-08-27.12:19:44::SCWBifWriter::Device type is : zynq
TRACE::2024-08-27.12:19:44::SCWBifWriter::Writing BIF to file : D:/Programs/Proyecto_3LFCC_Zybo/Vitis_3adc/CLC_3adc_system/Debug/system.bif
TRACE::2024-08-27.12:19:44::SCWBifWriter::Writing the Zynq Baremetal bif 
TRACE::2024-08-27.12:20:31::SCWBifWriter::Found the complete platform D:/Programs/Proyecto_3LFCC_Zybo/Vitis_3adc/3LFCC_3adc_platform/export/3LFCC_3adc_platform/3LFCC_3adc_platform.xpfm
TRACE::2024-08-27.12:20:31::SCWBifWriter::hardware databse : Design_Closed_Loop_wrapper_1
TRACE::2024-08-27.12:20:31::SCWBifWriter::bitstream found in the design
TRACE::2024-08-27.12:20:31::SCWBifWriter::Found a baremetal domain, proc: ps7_cortexa9_0
TRACE::2024-08-27.12:20:31::SCWBifWriter::proc type : 
TRACE::2024-08-27.12:20:31::SCWBifWriter::proc[0] : ps7_cortexa9_0
TRACE::2024-08-27.12:20:31::SCWBifWriter::Device type is : zynq
TRACE::2024-08-27.12:20:31::SCWBifWriter::Writing BIF to file : D:/Programs/Proyecto_3LFCC_Zybo/Vitis_3adc/CLC_3adc_system/Debug/system.bif
TRACE::2024-08-27.12:20:31::SCWBifWriter::Writing the Zynq Baremetal bif 
TRACE::2024-08-27.13:47:01::SCWBifWriter::Found the complete platform D:/Programs/Proyecto_3LFCC_Zybo/Vitis_3adc/3LFCC_3adc_platform/export/3LFCC_3adc_platform/3LFCC_3adc_platform.xpfm
TRACE::2024-08-27.13:47:01::SCWBifWriter::hardware databse : Design_Closed_Loop_wrapper_2
TRACE::2024-08-27.13:47:01::SCWBifWriter::bitstream found in the design
TRACE::2024-08-27.13:47:01::SCWBifWriter::Found a baremetal domain, proc: ps7_cortexa9_0
TRACE::2024-08-27.13:47:01::SCWBifWriter::proc type : 
TRACE::2024-08-27.13:47:01::SCWBifWriter::proc[0] : ps7_cortexa9_0
TRACE::2024-08-27.13:47:01::SCWBifWriter::Device type is : zynq
TRACE::2024-08-27.13:47:01::SCWBifWriter::Writing BIF to file : D:/Programs/Proyecto_3LFCC_Zybo/Vitis_3adc/CLC_3adc_system/Debug/system.bif
TRACE::2024-08-27.13:47:01::SCWBifWriter::Writing the Zynq Baremetal bif 
TRACE::2024-08-27.13:48:24::SCWBifWriter::Found the complete platform D:/Programs/Proyecto_3LFCC_Zybo/Vitis_3adc/3LFCC_3adc_platform/export/3LFCC_3adc_platform/3LFCC_3adc_platform.xpfm
TRACE::2024-08-27.13:48:24::SCWBifWriter::hardware databse : Design_Closed_Loop_wrapper_3
TRACE::2024-08-27.13:48:24::SCWBifWriter::bitstream found in the design
TRACE::2024-08-27.13:48:24::SCWBifWriter::Found a baremetal domain, proc: ps7_cortexa9_0
TRACE::2024-08-27.13:48:24::SCWBifWriter::proc type : 
TRACE::2024-08-27.13:48:24::SCWBifWriter::proc[0] : ps7_cortexa9_0
TRACE::2024-08-27.13:48:24::SCWBifWriter::Device type is : zynq
TRACE::2024-08-27.13:48:24::SCWBifWriter::Writing BIF to file : D:/Programs/Proyecto_3LFCC_Zybo/Vitis_3adc/CLC_3adc_system/Debug/system.bif
TRACE::2024-08-27.13:48:24::SCWBifWriter::Writing the Zynq Baremetal bif 
TRACE::2024-08-27.14:01:46::SCWBifWriter::Found the complete platform D:/Programs/Proyecto_3LFCC_Zybo/Vitis_3adc/3LFCC_3adc_platform/export/3LFCC_3adc_platform/3LFCC_3adc_platform.xpfm
TRACE::2024-08-27.14:01:46::SCWBifWriter::hardware databse : Design_Closed_Loop_wrapper_4
TRACE::2024-08-27.14:01:46::SCWBifWriter::bitstream found in the design
TRACE::2024-08-27.14:01:46::SCWBifWriter::Found a baremetal domain, proc: ps7_cortexa9_0
TRACE::2024-08-27.14:01:46::SCWBifWriter::proc type : 
TRACE::2024-08-27.14:01:46::SCWBifWriter::proc[0] : ps7_cortexa9_0
TRACE::2024-08-27.14:01:46::SCWBifWriter::Device type is : zynq
TRACE::2024-08-27.14:01:46::SCWBifWriter::Writing BIF to file : D:/Programs/Proyecto_3LFCC_Zybo/Vitis_3adc/CLC_3adc_system/Debug/system.bif
TRACE::2024-08-27.14:01:46::SCWBifWriter::Writing the Zynq Baremetal bif 
TRACE::2024-08-27.14:04:55::SCWBifWriter::Found the complete platform D:/Programs/Proyecto_3LFCC_Zybo/Vitis_3adc/3LFCC_3adc_platform/export/3LFCC_3adc_platform/3LFCC_3adc_platform.xpfm
TRACE::2024-08-27.14:04:55::SCWBifWriter::hardware databse : Design_Closed_Loop_wrapper_5
TRACE::2024-08-27.14:04:55::SCWBifWriter::bitstream found in the design
TRACE::2024-08-27.14:04:55::SCWBifWriter::Found a baremetal domain, proc: ps7_cortexa9_0
TRACE::2024-08-27.14:04:55::SCWBifWriter::proc type : 
TRACE::2024-08-27.14:04:55::SCWBifWriter::proc[0] : ps7_cortexa9_0
TRACE::2024-08-27.14:04:55::SCWBifWriter::Device type is : zynq
TRACE::2024-08-27.14:04:55::SCWBifWriter::Writing BIF to file : D:/Programs/Proyecto_3LFCC_Zybo/Vitis_3adc/CLC_3adc_system/Debug/system.bif
TRACE::2024-08-27.14:04:55::SCWBifWriter::Writing the Zynq Baremetal bif 
TRACE::2024-08-27.14:06:30::SCWBifWriter::Found the complete platform D:/Programs/Proyecto_3LFCC_Zybo/Vitis_3adc/3LFCC_3adc_platform/export/3LFCC_3adc_platform/3LFCC_3adc_platform.xpfm
TRACE::2024-08-27.14:06:30::SCWBifWriter::hardware databse : Design_Closed_Loop_wrapper_6
TRACE::2024-08-27.14:06:30::SCWBifWriter::bitstream found in the design
TRACE::2024-08-27.14:06:30::SCWBifWriter::Found a baremetal domain, proc: ps7_cortexa9_0
TRACE::2024-08-27.14:06:30::SCWBifWriter::proc type : 
TRACE::2024-08-27.14:06:30::SCWBifWriter::proc[0] : ps7_cortexa9_0
TRACE::2024-08-27.14:06:30::SCWBifWriter::Device type is : zynq
TRACE::2024-08-27.14:06:30::SCWBifWriter::Writing BIF to file : D:/Programs/Proyecto_3LFCC_Zybo/Vitis_3adc/CLC_3adc_system/Debug/system.bif
TRACE::2024-08-27.14:06:30::SCWBifWriter::Writing the Zynq Baremetal bif 
TRACE::2024-08-27.14:08:31::SCWBifWriter::Found the complete platform D:/Programs/Proyecto_3LFCC_Zybo/Vitis_3adc/3LFCC_3adc_platform/export/3LFCC_3adc_platform/3LFCC_3adc_platform.xpfm
TRACE::2024-08-27.14:08:31::SCWBifWriter::hardware databse : Design_Closed_Loop_wrapper_7
TRACE::2024-08-27.14:08:31::SCWBifWriter::bitstream found in the design
TRACE::2024-08-27.14:08:31::SCWBifWriter::Found a baremetal domain, proc: ps7_cortexa9_0
TRACE::2024-08-27.14:08:31::SCWBifWriter::proc type : 
TRACE::2024-08-27.14:08:31::SCWBifWriter::proc[0] : ps7_cortexa9_0
TRACE::2024-08-27.14:08:31::SCWBifWriter::Device type is : zynq
TRACE::2024-08-27.14:08:31::SCWBifWriter::Writing BIF to file : D:/Programs/Proyecto_3LFCC_Zybo/Vitis_3adc/CLC_3adc_system/Debug/system.bif
TRACE::2024-08-27.14:08:31::SCWBifWriter::Writing the Zynq Baremetal bif 
TRACE::2024-08-27.14:13:55::SCWBifWriter::Found the complete platform D:/Programs/Proyecto_3LFCC_Zybo/Vitis_3adc/3LFCC_3adc_platform/export/3LFCC_3adc_platform/3LFCC_3adc_platform.xpfm
TRACE::2024-08-27.14:13:55::SCWBifWriter::hardware databse : Design_Closed_Loop_wrapper_10
TRACE::2024-08-27.14:13:55::SCWBifWriter::bitstream found in the design
TRACE::2024-08-27.14:13:55::SCWBifWriter::Found a baremetal domain, proc: ps7_cortexa9_0
TRACE::2024-08-27.14:13:55::SCWBifWriter::proc type : 
TRACE::2024-08-27.14:13:55::SCWBifWriter::proc[0] : ps7_cortexa9_0
TRACE::2024-08-27.14:13:55::SCWBifWriter::Device type is : zynq
TRACE::2024-08-27.14:13:55::SCWBifWriter::Writing BIF to file : D:/Programs/Proyecto_3LFCC_Zybo/Vitis_3adc/CLC_3adc_system/Debug/system.bif
TRACE::2024-08-27.14:13:55::SCWBifWriter::Writing the Zynq Baremetal bif 
TRACE::2024-08-27.14:23:12::SCWBifWriter::Found the complete platform D:/Programs/Proyecto_3LFCC_Zybo/Vitis_3adc/3LFCC_3adc_platform/export/3LFCC_3adc_platform/3LFCC_3adc_platform.xpfm
TRACE::2024-08-27.14:23:12::SCWBifWriter::hardware databse : Design_Closed_Loop_wrapper_10
TRACE::2024-08-27.14:23:12::SCWBifWriter::bitstream found in the design
TRACE::2024-08-27.14:23:12::SCWBifWriter::Found a baremetal domain, proc: ps7_cortexa9_0
TRACE::2024-08-27.14:23:12::SCWBifWriter::proc type : 
TRACE::2024-08-27.14:23:12::SCWBifWriter::proc[0] : ps7_cortexa9_0
TRACE::2024-08-27.14:23:12::SCWBifWriter::Device type is : zynq
TRACE::2024-08-27.14:23:12::SCWBifWriter::Writing BIF to file : D:/Programs/Proyecto_3LFCC_Zybo/Vitis_3adc/CLC_3adc_system/Debug/system.bif
TRACE::2024-08-27.14:23:12::SCWBifWriter::Writing the Zynq Baremetal bif 
TRACE::2024-08-27.14:31:27::SCWBifWriter::Found the complete platform D:/Programs/Proyecto_3LFCC_Zybo/Vitis_3adc/3LFCC_3adc_platform/export/3LFCC_3adc_platform/3LFCC_3adc_platform.xpfm
TRACE::2024-08-27.14:31:27::SCWBifWriter::hardware databse : Design_Closed_Loop_wrapper_10
TRACE::2024-08-27.14:31:27::SCWBifWriter::bitstream found in the design
TRACE::2024-08-27.14:31:27::SCWBifWriter::Found a baremetal domain, proc: ps7_cortexa9_0
TRACE::2024-08-27.14:31:27::SCWBifWriter::proc type : 
TRACE::2024-08-27.14:31:27::SCWBifWriter::proc[0] : ps7_cortexa9_0
TRACE::2024-08-27.14:31:27::SCWBifWriter::Device type is : zynq
TRACE::2024-08-27.14:31:27::SCWBifWriter::Writing BIF to file : D:/Programs/Proyecto_3LFCC_Zybo/Vitis_3adc/CLC_3adc_system/Debug/system.bif
TRACE::2024-08-27.14:31:27::SCWBifWriter::Writing the Zynq Baremetal bif 
TRACE::2024-08-27.14:31:43::SCWBifWriter::Found the complete platform D:/Programs/Proyecto_3LFCC_Zybo/Vitis_3adc/3LFCC_3adc_platform/export/3LFCC_3adc_platform/3LFCC_3adc_platform.xpfm
TRACE::2024-08-27.14:31:43::SCWBifWriter::hardware databse : Design_Closed_Loop_wrapper_10
TRACE::2024-08-27.14:31:43::SCWBifWriter::bitstream found in the design
TRACE::2024-08-27.14:31:43::SCWBifWriter::Found a baremetal domain, proc: ps7_cortexa9_0
TRACE::2024-08-27.14:31:43::SCWBifWriter::proc type : 
TRACE::2024-08-27.14:31:43::SCWBifWriter::proc[0] : ps7_cortexa9_0
TRACE::2024-08-27.14:31:43::SCWBifWriter::Device type is : zynq
TRACE::2024-08-27.14:31:43::SCWBifWriter::Writing BIF to file : D:/Programs/Proyecto_3LFCC_Zybo/Vitis_3adc/CLC_3adc_system/Debug/system.bif
TRACE::2024-08-27.14:31:43::SCWBifWriter::Writing the Zynq Baremetal bif 
TRACE::2024-08-27.14:35:02::SCWBifWriter::Found the complete platform D:/Programs/Proyecto_3LFCC_Zybo/Vitis_3adc/3LFCC_3adc_platform/export/3LFCC_3adc_platform/3LFCC_3adc_platform.xpfm
TRACE::2024-08-27.14:35:02::SCWBifWriter::hardware databse : Design_Closed_Loop_wrapper_11
TRACE::2024-08-27.14:35:02::SCWBifWriter::bitstream found in the design
TRACE::2024-08-27.14:35:02::SCWBifWriter::Found a baremetal domain, proc: ps7_cortexa9_0
TRACE::2024-08-27.14:35:02::SCWBifWriter::proc type : 
TRACE::2024-08-27.14:35:02::SCWBifWriter::proc[0] : ps7_cortexa9_0
TRACE::2024-08-27.14:35:02::SCWBifWriter::Device type is : zynq
TRACE::2024-08-27.14:35:02::SCWBifWriter::Writing BIF to file : D:/Programs/Proyecto_3LFCC_Zybo/Vitis_3adc/CLC_3adc_system/Debug/system.bif
TRACE::2024-08-27.14:35:02::SCWBifWriter::Writing the Zynq Baremetal bif 
TRACE::2024-08-27.14:36:10::SCWBifWriter::Found the complete platform D:/Programs/Proyecto_3LFCC_Zybo/Vitis_3adc/3LFCC_3adc_platform/export/3LFCC_3adc_platform/3LFCC_3adc_platform.xpfm
TRACE::2024-08-27.14:36:10::SCWBifWriter::hardware databse : Design_Closed_Loop_wrapper_12
TRACE::2024-08-27.14:36:10::SCWBifWriter::bitstream found in the design
TRACE::2024-08-27.14:36:10::SCWBifWriter::Found a baremetal domain, proc: ps7_cortexa9_0
TRACE::2024-08-27.14:36:10::SCWBifWriter::proc type : 
TRACE::2024-08-27.14:36:10::SCWBifWriter::proc[0] : ps7_cortexa9_0
TRACE::2024-08-27.14:36:10::SCWBifWriter::Device type is : zynq
TRACE::2024-08-27.14:36:10::SCWBifWriter::Writing BIF to file : D:/Programs/Proyecto_3LFCC_Zybo/Vitis_3adc/CLC_3adc_system/Debug/system.bif
TRACE::2024-08-27.14:36:10::SCWBifWriter::Writing the Zynq Baremetal bif 
TRACE::2024-08-27.14:39:19::SCWBifWriter::Found the complete platform D:/Programs/Proyecto_3LFCC_Zybo/Vitis_3adc/3LFCC_3adc_platform/export/3LFCC_3adc_platform/3LFCC_3adc_platform.xpfm
TRACE::2024-08-27.14:39:19::SCWBifWriter::hardware databse : Design_Closed_Loop_wrapper_13
TRACE::2024-08-27.14:39:19::SCWBifWriter::bitstream found in the design
TRACE::2024-08-27.14:39:19::SCWBifWriter::Found a baremetal domain, proc: ps7_cortexa9_0
TRACE::2024-08-27.14:39:19::SCWBifWriter::proc type : 
TRACE::2024-08-27.14:39:19::SCWBifWriter::proc[0] : ps7_cortexa9_0
TRACE::2024-08-27.14:39:19::SCWBifWriter::Device type is : zynq
TRACE::2024-08-27.14:39:19::SCWBifWriter::Writing BIF to file : D:/Programs/Proyecto_3LFCC_Zybo/Vitis_3adc/CLC_3adc_system/Debug/system.bif
TRACE::2024-08-27.14:39:19::SCWBifWriter::Writing the Zynq Baremetal bif 
TRACE::2024-08-27.14:43:36::SCWBifWriter::Found the complete platform D:/Programs/Proyecto_3LFCC_Zybo/Vitis_3adc/3LFCC_3adc_platform/export/3LFCC_3adc_platform/3LFCC_3adc_platform.xpfm
TRACE::2024-08-27.14:43:36::SCWBifWriter::hardware databse : Design_Closed_Loop_wrapper_14
TRACE::2024-08-27.14:43:36::SCWBifWriter::bitstream found in the design
TRACE::2024-08-27.14:43:36::SCWBifWriter::Found a baremetal domain, proc: ps7_cortexa9_0
TRACE::2024-08-27.14:43:36::SCWBifWriter::proc type : 
TRACE::2024-08-27.14:43:36::SCWBifWriter::proc[0] : ps7_cortexa9_0
TRACE::2024-08-27.14:43:36::SCWBifWriter::Device type is : zynq
TRACE::2024-08-27.14:43:36::SCWBifWriter::Writing BIF to file : D:/Programs/Proyecto_3LFCC_Zybo/Vitis_3adc/CLC_3adc_system/Debug/system.bif
TRACE::2024-08-27.14:43:36::SCWBifWriter::Writing the Zynq Baremetal bif 
TRACE::2024-08-27.14:46:06::SCWBifWriter::Found the complete platform D:/Programs/Proyecto_3LFCC_Zybo/Vitis_3adc/3LFCC_3adc_platform/export/3LFCC_3adc_platform/3LFCC_3adc_platform.xpfm
TRACE::2024-08-27.14:46:07::SCWBifWriter::hardware databse : Design_Closed_Loop_wrapper_15
TRACE::2024-08-27.14:46:07::SCWBifWriter::bitstream found in the design
TRACE::2024-08-27.14:46:07::SCWBifWriter::Found a baremetal domain, proc: ps7_cortexa9_0
TRACE::2024-08-27.14:46:07::SCWBifWriter::proc type : 
TRACE::2024-08-27.14:46:07::SCWBifWriter::proc[0] : ps7_cortexa9_0
TRACE::2024-08-27.14:46:07::SCWBifWriter::Device type is : zynq
TRACE::2024-08-27.14:46:07::SCWBifWriter::Writing BIF to file : D:/Programs/Proyecto_3LFCC_Zybo/Vitis_3adc/CLC_3adc_system/Debug/system.bif
TRACE::2024-08-27.14:46:07::SCWBifWriter::Writing the Zynq Baremetal bif 
TRACE::2024-08-27.14:50:32::SCWBifWriter::Found the complete platform D:/Programs/Proyecto_3LFCC_Zybo/Vitis_3adc/3LFCC_3adc_platform/export/3LFCC_3adc_platform/3LFCC_3adc_platform.xpfm
TRACE::2024-08-27.14:50:32::SCWBifWriter::hardware databse : Design_Closed_Loop_wrapper_16
TRACE::2024-08-27.14:50:32::SCWBifWriter::bitstream found in the design
TRACE::2024-08-27.14:50:32::SCWBifWriter::Found a baremetal domain, proc: ps7_cortexa9_0
TRACE::2024-08-27.14:50:32::SCWBifWriter::proc type : 
TRACE::2024-08-27.14:50:32::SCWBifWriter::proc[0] : ps7_cortexa9_0
TRACE::2024-08-27.14:50:32::SCWBifWriter::Device type is : zynq
TRACE::2024-08-27.14:50:32::SCWBifWriter::Writing BIF to file : D:/Programs/Proyecto_3LFCC_Zybo/Vitis_3adc/CLC_3adc_system/Debug/system.bif
TRACE::2024-08-27.14:50:32::SCWBifWriter::Writing the Zynq Baremetal bif 
TRACE::2024-08-27.14:54:40::SCWBifWriter::Found the complete platform D:/Programs/Proyecto_3LFCC_Zybo/Vitis_3adc/3LFCC_3adc_platform/export/3LFCC_3adc_platform/3LFCC_3adc_platform.xpfm
TRACE::2024-08-27.14:54:40::SCWBifWriter::hardware databse : Design_Closed_Loop_wrapper_17
TRACE::2024-08-27.14:54:40::SCWBifWriter::bitstream found in the design
TRACE::2024-08-27.14:54:40::SCWBifWriter::Found a baremetal domain, proc: ps7_cortexa9_0
TRACE::2024-08-27.14:54:40::SCWBifWriter::proc type : 
TRACE::2024-08-27.14:54:40::SCWBifWriter::proc[0] : ps7_cortexa9_0
TRACE::2024-08-27.14:54:40::SCWBifWriter::Device type is : zynq
TRACE::2024-08-27.14:54:40::SCWBifWriter::Writing BIF to file : D:/Programs/Proyecto_3LFCC_Zybo/Vitis_3adc/CLC_3adc_system/Debug/system.bif
TRACE::2024-08-27.14:54:40::SCWBifWriter::Writing the Zynq Baremetal bif 
TRACE::2024-08-27.15:01:25::SCWBifWriter::Found the complete platform D:/Programs/Proyecto_3LFCC_Zybo/Vitis_3adc/3LFCC_3adc_platform/export/3LFCC_3adc_platform/3LFCC_3adc_platform.xpfm
TRACE::2024-08-27.15:01:26::SCWBifWriter::hardware databse : Design_Closed_Loop_wrapper_18
TRACE::2024-08-27.15:01:26::SCWBifWriter::bitstream found in the design
TRACE::2024-08-27.15:01:26::SCWBifWriter::Found a baremetal domain, proc: ps7_cortexa9_0
TRACE::2024-08-27.15:01:26::SCWBifWriter::proc type : 
TRACE::2024-08-27.15:01:26::SCWBifWriter::proc[0] : ps7_cortexa9_0
TRACE::2024-08-27.15:01:26::SCWBifWriter::Device type is : zynq
TRACE::2024-08-27.15:01:26::SCWBifWriter::Writing BIF to file : D:/Programs/Proyecto_3LFCC_Zybo/Vitis_3adc/CLC_3adc_system/Debug/system.bif
TRACE::2024-08-27.15:01:26::SCWBifWriter::Writing the Zynq Baremetal bif 
TRACE::2024-08-27.15:06:58::SCWBifWriter::Found the complete platform D:/Programs/Proyecto_3LFCC_Zybo/Vitis_3adc/3LFCC_3adc_platform/export/3LFCC_3adc_platform/3LFCC_3adc_platform.xpfm
TRACE::2024-08-27.15:06:58::SCWBifWriter::hardware databse : Design_Closed_Loop_wrapper_19
TRACE::2024-08-27.15:06:58::SCWBifWriter::bitstream found in the design
TRACE::2024-08-27.15:06:58::SCWBifWriter::Found a baremetal domain, proc: ps7_cortexa9_0
TRACE::2024-08-27.15:06:58::SCWBifWriter::proc type : 
TRACE::2024-08-27.15:06:58::SCWBifWriter::proc[0] : ps7_cortexa9_0
TRACE::2024-08-27.15:06:58::SCWBifWriter::Device type is : zynq
TRACE::2024-08-27.15:06:58::SCWBifWriter::Writing BIF to file : D:/Programs/Proyecto_3LFCC_Zybo/Vitis_3adc/CLC_3adc_system/Debug/system.bif
TRACE::2024-08-27.15:06:58::SCWBifWriter::Writing the Zynq Baremetal bif 
TRACE::2024-08-27.15:11:51::SCWBifWriter::Found the complete platform D:/Programs/Proyecto_3LFCC_Zybo/Vitis_3adc/3LFCC_3adc_platform/export/3LFCC_3adc_platform/3LFCC_3adc_platform.xpfm
TRACE::2024-08-27.15:11:51::SCWBifWriter::hardware databse : Design_Closed_Loop_wrapper_20
TRACE::2024-08-27.15:11:51::SCWBifWriter::bitstream found in the design
TRACE::2024-08-27.15:11:51::SCWBifWriter::Found a baremetal domain, proc: ps7_cortexa9_0
TRACE::2024-08-27.15:11:51::SCWBifWriter::proc type : 
TRACE::2024-08-27.15:11:51::SCWBifWriter::proc[0] : ps7_cortexa9_0
TRACE::2024-08-27.15:11:51::SCWBifWriter::Device type is : zynq
TRACE::2024-08-27.15:11:51::SCWBifWriter::Writing BIF to file : D:/Programs/Proyecto_3LFCC_Zybo/Vitis_3adc/CLC_3adc_system/Debug/system.bif
TRACE::2024-08-27.15:11:51::SCWBifWriter::Writing the Zynq Baremetal bif 
TRACE::2024-08-27.15:14:06::SCWBifWriter::Found the complete platform D:/Programs/Proyecto_3LFCC_Zybo/Vitis_3adc/3LFCC_3adc_platform/export/3LFCC_3adc_platform/3LFCC_3adc_platform.xpfm
TRACE::2024-08-27.15:14:06::SCWBifWriter::hardware databse : Design_Closed_Loop_wrapper_21
TRACE::2024-08-27.15:14:06::SCWBifWriter::bitstream found in the design
TRACE::2024-08-27.15:14:06::SCWBifWriter::Found a baremetal domain, proc: ps7_cortexa9_0
TRACE::2024-08-27.15:14:06::SCWBifWriter::proc type : 
TRACE::2024-08-27.15:14:06::SCWBifWriter::proc[0] : ps7_cortexa9_0
TRACE::2024-08-27.15:14:06::SCWBifWriter::Device type is : zynq
TRACE::2024-08-27.15:14:06::SCWBifWriter::Writing BIF to file : D:/Programs/Proyecto_3LFCC_Zybo/Vitis_3adc/CLC_3adc_system/Debug/system.bif
TRACE::2024-08-27.15:14:06::SCWBifWriter::Writing the Zynq Baremetal bif 
TRACE::2024-08-27.15:20:50::SCWBifWriter::Found the complete platform D:/Programs/Proyecto_3LFCC_Zybo/Vitis_3adc/3LFCC_3adc_platform/export/3LFCC_3adc_platform/3LFCC_3adc_platform.xpfm
TRACE::2024-08-27.15:20:51::SCWBifWriter::hardware databse : Design_Closed_Loop_wrapper_22
TRACE::2024-08-27.15:20:51::SCWBifWriter::bitstream found in the design
TRACE::2024-08-27.15:20:51::SCWBifWriter::Found a baremetal domain, proc: ps7_cortexa9_0
TRACE::2024-08-27.15:20:51::SCWBifWriter::proc type : 
TRACE::2024-08-27.15:20:51::SCWBifWriter::proc[0] : ps7_cortexa9_0
TRACE::2024-08-27.15:20:51::SCWBifWriter::Device type is : zynq
TRACE::2024-08-27.15:20:51::SCWBifWriter::Writing BIF to file : D:/Programs/Proyecto_3LFCC_Zybo/Vitis_3adc/CLC_3adc_system/Debug/system.bif
TRACE::2024-08-27.15:20:51::SCWBifWriter::Writing the Zynq Baremetal bif 
TRACE::2024-08-27.15:24:11::SCWBifWriter::Found the complete platform D:/Programs/Proyecto_3LFCC_Zybo/Vitis_3adc/3LFCC_3adc_platform/export/3LFCC_3adc_platform/3LFCC_3adc_platform.xpfm
TRACE::2024-08-27.15:24:11::SCWBifWriter::hardware databse : Design_Closed_Loop_wrapper_23
TRACE::2024-08-27.15:24:11::SCWBifWriter::bitstream found in the design
TRACE::2024-08-27.15:24:11::SCWBifWriter::Found a baremetal domain, proc: ps7_cortexa9_0
TRACE::2024-08-27.15:24:11::SCWBifWriter::proc type : 
TRACE::2024-08-27.15:24:11::SCWBifWriter::proc[0] : ps7_cortexa9_0
TRACE::2024-08-27.15:24:11::SCWBifWriter::Device type is : zynq
TRACE::2024-08-27.15:24:11::SCWBifWriter::Writing BIF to file : D:/Programs/Proyecto_3LFCC_Zybo/Vitis_3adc/CLC_3adc_system/Debug/system.bif
TRACE::2024-08-27.15:24:11::SCWBifWriter::Writing the Zynq Baremetal bif 
TRACE::2024-08-27.15:27:38::SCWBifWriter::Found the complete platform D:/Programs/Proyecto_3LFCC_Zybo/Vitis_3adc/3LFCC_3adc_platform/export/3LFCC_3adc_platform/3LFCC_3adc_platform.xpfm
TRACE::2024-08-27.15:27:38::SCWBifWriter::hardware databse : Design_Closed_Loop_wrapper_24
TRACE::2024-08-27.15:27:38::SCWBifWriter::bitstream found in the design
TRACE::2024-08-27.15:27:38::SCWBifWriter::Found a baremetal domain, proc: ps7_cortexa9_0
TRACE::2024-08-27.15:27:38::SCWBifWriter::proc type : 
TRACE::2024-08-27.15:27:38::SCWBifWriter::proc[0] : ps7_cortexa9_0
TRACE::2024-08-27.15:27:38::SCWBifWriter::Device type is : zynq
TRACE::2024-08-27.15:27:38::SCWBifWriter::Writing BIF to file : D:/Programs/Proyecto_3LFCC_Zybo/Vitis_3adc/CLC_3adc_system/Debug/system.bif
TRACE::2024-08-27.15:27:38::SCWBifWriter::Writing the Zynq Baremetal bif 
TRACE::2024-08-27.15:29:03::SCWBifWriter::Found the complete platform D:/Programs/Proyecto_3LFCC_Zybo/Vitis_3adc/3LFCC_3adc_platform/export/3LFCC_3adc_platform/3LFCC_3adc_platform.xpfm
TRACE::2024-08-27.15:29:03::SCWBifWriter::hardware databse : Design_Closed_Loop_wrapper_25
TRACE::2024-08-27.15:29:03::SCWBifWriter::bitstream found in the design
TRACE::2024-08-27.15:29:03::SCWBifWriter::Found a baremetal domain, proc: ps7_cortexa9_0
TRACE::2024-08-27.15:29:03::SCWBifWriter::proc type : 
TRACE::2024-08-27.15:29:03::SCWBifWriter::proc[0] : ps7_cortexa9_0
TRACE::2024-08-27.15:29:03::SCWBifWriter::Device type is : zynq
TRACE::2024-08-27.15:29:03::SCWBifWriter::Writing BIF to file : D:/Programs/Proyecto_3LFCC_Zybo/Vitis_3adc/CLC_3adc_system/Debug/system.bif
TRACE::2024-08-27.15:29:03::SCWBifWriter::Writing the Zynq Baremetal bif 
TRACE::2024-08-27.15:31:03::SCWBifWriter::Found the complete platform D:/Programs/Proyecto_3LFCC_Zybo/Vitis_3adc/3LFCC_3adc_platform/export/3LFCC_3adc_platform/3LFCC_3adc_platform.xpfm
TRACE::2024-08-27.15:31:03::SCWBifWriter::hardware databse : Design_Closed_Loop_wrapper_26
TRACE::2024-08-27.15:31:03::SCWBifWriter::bitstream found in the design
TRACE::2024-08-27.15:31:03::SCWBifWriter::Found a baremetal domain, proc: ps7_cortexa9_0
TRACE::2024-08-27.15:31:03::SCWBifWriter::proc type : 
TRACE::2024-08-27.15:31:03::SCWBifWriter::proc[0] : ps7_cortexa9_0
TRACE::2024-08-27.15:31:03::SCWBifWriter::Device type is : zynq
TRACE::2024-08-27.15:31:03::SCWBifWriter::Writing BIF to file : D:/Programs/Proyecto_3LFCC_Zybo/Vitis_3adc/CLC_3adc_system/Debug/system.bif
TRACE::2024-08-27.15:31:03::SCWBifWriter::Writing the Zynq Baremetal bif 
TRACE::2024-08-27.15:33:55::SCWBifWriter::Found the complete platform D:/Programs/Proyecto_3LFCC_Zybo/Vitis_3adc/3LFCC_3adc_platform/export/3LFCC_3adc_platform/3LFCC_3adc_platform.xpfm
TRACE::2024-08-27.15:33:55::SCWBifWriter::hardware databse : Design_Closed_Loop_wrapper_28
TRACE::2024-08-27.15:33:55::SCWBifWriter::bitstream found in the design
TRACE::2024-08-27.15:33:55::SCWBifWriter::Found a baremetal domain, proc: ps7_cortexa9_0
TRACE::2024-08-27.15:33:55::SCWBifWriter::proc type : 
TRACE::2024-08-27.15:33:55::SCWBifWriter::proc[0] : ps7_cortexa9_0
TRACE::2024-08-27.15:33:55::SCWBifWriter::Device type is : zynq
TRACE::2024-08-27.15:33:55::SCWBifWriter::Writing BIF to file : D:/Programs/Proyecto_3LFCC_Zybo/Vitis_3adc/CLC_3adc_system/Debug/system.bif
TRACE::2024-08-27.15:33:55::SCWBifWriter::Writing the Zynq Baremetal bif 
TRACE::2024-08-27.15:36:12::SCWBifWriter::Found the complete platform D:/Programs/Proyecto_3LFCC_Zybo/Vitis_3adc/3LFCC_3adc_platform/export/3LFCC_3adc_platform/3LFCC_3adc_platform.xpfm
TRACE::2024-08-27.15:36:12::SCWBifWriter::hardware databse : Design_Closed_Loop_wrapper_30
TRACE::2024-08-27.15:36:12::SCWBifWriter::bitstream found in the design
TRACE::2024-08-27.15:36:13::SCWBifWriter::Found a baremetal domain, proc: ps7_cortexa9_0
TRACE::2024-08-27.15:36:13::SCWBifWriter::proc type : 
TRACE::2024-08-27.15:36:13::SCWBifWriter::proc[0] : ps7_cortexa9_0
TRACE::2024-08-27.15:36:13::SCWBifWriter::Device type is : zynq
TRACE::2024-08-27.15:36:13::SCWBifWriter::Writing BIF to file : D:/Programs/Proyecto_3LFCC_Zybo/Vitis_3adc/CLC_3adc_system/Debug/system.bif
TRACE::2024-08-27.15:36:13::SCWBifWriter::Writing the Zynq Baremetal bif 
TRACE::2024-08-27.15:37:33::SCWBifWriter::Found the complete platform D:/Programs/Proyecto_3LFCC_Zybo/Vitis_3adc/3LFCC_3adc_platform/export/3LFCC_3adc_platform/3LFCC_3adc_platform.xpfm
TRACE::2024-08-27.15:37:33::SCWBifWriter::hardware databse : Design_Closed_Loop_wrapper_31
TRACE::2024-08-27.15:37:33::SCWBifWriter::bitstream found in the design
TRACE::2024-08-27.15:37:33::SCWBifWriter::Found a baremetal domain, proc: ps7_cortexa9_0
TRACE::2024-08-27.15:37:33::SCWBifWriter::proc type : 
TRACE::2024-08-27.15:37:33::SCWBifWriter::proc[0] : ps7_cortexa9_0
TRACE::2024-08-27.15:37:33::SCWBifWriter::Device type is : zynq
TRACE::2024-08-27.15:37:33::SCWBifWriter::Writing BIF to file : D:/Programs/Proyecto_3LFCC_Zybo/Vitis_3adc/CLC_3adc_system/Debug/system.bif
TRACE::2024-08-27.15:37:33::SCWBifWriter::Writing the Zynq Baremetal bif 
TRACE::2024-08-27.15:39:44::SCWBifWriter::Found the complete platform D:/Programs/Proyecto_3LFCC_Zybo/Vitis_3adc/3LFCC_3adc_platform/export/3LFCC_3adc_platform/3LFCC_3adc_platform.xpfm
TRACE::2024-08-27.15:39:45::SCWBifWriter::hardware databse : Design_Closed_Loop_wrapper_32
TRACE::2024-08-27.15:39:45::SCWBifWriter::bitstream found in the design
TRACE::2024-08-27.15:39:45::SCWBifWriter::Found a baremetal domain, proc: ps7_cortexa9_0
TRACE::2024-08-27.15:39:45::SCWBifWriter::proc type : 
TRACE::2024-08-27.15:39:45::SCWBifWriter::proc[0] : ps7_cortexa9_0
TRACE::2024-08-27.15:39:45::SCWBifWriter::Device type is : zynq
TRACE::2024-08-27.15:39:45::SCWBifWriter::Writing BIF to file : D:/Programs/Proyecto_3LFCC_Zybo/Vitis_3adc/CLC_3adc_system/Debug/system.bif
TRACE::2024-08-27.15:39:45::SCWBifWriter::Writing the Zynq Baremetal bif 
TRACE::2024-08-27.15:41:12::SCWBifWriter::Found the complete platform D:/Programs/Proyecto_3LFCC_Zybo/Vitis_3adc/3LFCC_3adc_platform/export/3LFCC_3adc_platform/3LFCC_3adc_platform.xpfm
TRACE::2024-08-27.15:41:13::SCWBifWriter::hardware databse : Design_Closed_Loop_wrapper_33
TRACE::2024-08-27.15:41:13::SCWBifWriter::bitstream found in the design
TRACE::2024-08-27.15:41:13::SCWBifWriter::Found a baremetal domain, proc: ps7_cortexa9_0
TRACE::2024-08-27.15:41:13::SCWBifWriter::proc type : 
TRACE::2024-08-27.15:41:13::SCWBifWriter::proc[0] : ps7_cortexa9_0
TRACE::2024-08-27.15:41:13::SCWBifWriter::Device type is : zynq
TRACE::2024-08-27.15:41:13::SCWBifWriter::Writing BIF to file : D:/Programs/Proyecto_3LFCC_Zybo/Vitis_3adc/CLC_3adc_system/Debug/system.bif
TRACE::2024-08-27.15:41:13::SCWBifWriter::Writing the Zynq Baremetal bif 
TRACE::2024-08-27.15:43:33::SCWBifWriter::Found the complete platform D:/Programs/Proyecto_3LFCC_Zybo/Vitis_3adc/3LFCC_3adc_platform/export/3LFCC_3adc_platform/3LFCC_3adc_platform.xpfm
TRACE::2024-08-27.15:43:33::SCWBifWriter::hardware databse : Design_Closed_Loop_wrapper_34
TRACE::2024-08-27.15:43:33::SCWBifWriter::bitstream found in the design
TRACE::2024-08-27.15:43:33::SCWBifWriter::Found a baremetal domain, proc: ps7_cortexa9_0
TRACE::2024-08-27.15:43:33::SCWBifWriter::proc type : 
TRACE::2024-08-27.15:43:33::SCWBifWriter::proc[0] : ps7_cortexa9_0
TRACE::2024-08-27.15:43:33::SCWBifWriter::Device type is : zynq
TRACE::2024-08-27.15:43:33::SCWBifWriter::Writing BIF to file : D:/Programs/Proyecto_3LFCC_Zybo/Vitis_3adc/CLC_3adc_system/Debug/system.bif
TRACE::2024-08-27.15:43:33::SCWBifWriter::Writing the Zynq Baremetal bif 
TRACE::2024-08-27.15:47:23::SCWBifWriter::Found the complete platform D:/Programs/Proyecto_3LFCC_Zybo/Vitis_3adc/3LFCC_3adc_platform/export/3LFCC_3adc_platform/3LFCC_3adc_platform.xpfm
TRACE::2024-08-27.15:47:24::SCWBifWriter::hardware databse : Design_Closed_Loop_wrapper_35
TRACE::2024-08-27.15:47:24::SCWBifWriter::bitstream found in the design
TRACE::2024-08-27.15:47:24::SCWBifWriter::Found a baremetal domain, proc: ps7_cortexa9_0
TRACE::2024-08-27.15:47:24::SCWBifWriter::proc type : 
TRACE::2024-08-27.15:47:24::SCWBifWriter::proc[0] : ps7_cortexa9_0
TRACE::2024-08-27.15:47:24::SCWBifWriter::Device type is : zynq
TRACE::2024-08-27.15:47:24::SCWBifWriter::Writing BIF to file : D:/Programs/Proyecto_3LFCC_Zybo/Vitis_3adc/CLC_3adc_system/Debug/system.bif
TRACE::2024-08-27.15:47:24::SCWBifWriter::Writing the Zynq Baremetal bif 
TRACE::2024-08-27.15:48:06::SCWBifWriter::Found the complete platform D:/Programs/Proyecto_3LFCC_Zybo/Vitis_3adc/3LFCC_3adc_platform/export/3LFCC_3adc_platform/3LFCC_3adc_platform.xpfm
TRACE::2024-08-27.15:48:06::SCWBifWriter::hardware databse : Design_Closed_Loop_wrapper_35
TRACE::2024-08-27.15:48:06::SCWBifWriter::bitstream found in the design
TRACE::2024-08-27.15:48:06::SCWBifWriter::Found a baremetal domain, proc: ps7_cortexa9_0
TRACE::2024-08-27.15:48:06::SCWBifWriter::proc type : 
TRACE::2024-08-27.15:48:06::SCWBifWriter::proc[0] : ps7_cortexa9_0
TRACE::2024-08-27.15:48:06::SCWBifWriter::Device type is : zynq
TRACE::2024-08-27.15:48:06::SCWBifWriter::Writing BIF to file : D:/Programs/Proyecto_3LFCC_Zybo/Vitis_3adc/CLC_3adc_system/Debug/system.bif
TRACE::2024-08-27.15:48:06::SCWBifWriter::Writing the Zynq Baremetal bif 
TRACE::2024-08-27.15:48:26::SCWBifWriter::Found the complete platform D:/Programs/Proyecto_3LFCC_Zybo/Vitis_3adc/3LFCC_3adc_platform/export/3LFCC_3adc_platform/3LFCC_3adc_platform.xpfm
TRACE::2024-08-27.15:48:26::SCWBifWriter::hardware databse : Design_Closed_Loop_wrapper_35
TRACE::2024-08-27.15:48:26::SCWBifWriter::bitstream found in the design
TRACE::2024-08-27.15:48:26::SCWBifWriter::Found a baremetal domain, proc: ps7_cortexa9_0
TRACE::2024-08-27.15:48:26::SCWBifWriter::proc type : 
TRACE::2024-08-27.15:48:26::SCWBifWriter::proc[0] : ps7_cortexa9_0
TRACE::2024-08-27.15:48:26::SCWBifWriter::Device type is : zynq
TRACE::2024-08-27.15:48:26::SCWBifWriter::Writing BIF to file : D:/Programs/Proyecto_3LFCC_Zybo/Vitis_3adc/CLC_3adc_system/Debug/system.bif
TRACE::2024-08-27.15:48:26::SCWBifWriter::Writing the Zynq Baremetal bif 
TRACE::2024-08-27.15:53:52::SCWBifWriter::Found the complete platform D:/Programs/Proyecto_3LFCC_Zybo/Vitis_3adc/3LFCC_3adc_platform/export/3LFCC_3adc_platform/3LFCC_3adc_platform.xpfm
TRACE::2024-08-27.15:53:52::SCWBifWriter::hardware databse : Design_Closed_Loop_wrapper_36
TRACE::2024-08-27.15:53:52::SCWBifWriter::bitstream found in the design
TRACE::2024-08-27.15:53:52::SCWBifWriter::Found a baremetal domain, proc: ps7_cortexa9_0
TRACE::2024-08-27.15:53:52::SCWBifWriter::proc type : 
TRACE::2024-08-27.15:53:52::SCWBifWriter::proc[0] : ps7_cortexa9_0
TRACE::2024-08-27.15:53:52::SCWBifWriter::Device type is : zynq
TRACE::2024-08-27.15:53:52::SCWBifWriter::Writing BIF to file : D:/Programs/Proyecto_3LFCC_Zybo/Vitis_3adc/CLC_3adc_system/Debug/system.bif
TRACE::2024-08-27.15:53:52::SCWBifWriter::Writing the Zynq Baremetal bif 
TRACE::2024-08-27.15:56:06::SCWBifWriter::Found the complete platform D:/Programs/Proyecto_3LFCC_Zybo/Vitis_3adc/3LFCC_3adc_platform/export/3LFCC_3adc_platform/3LFCC_3adc_platform.xpfm
TRACE::2024-08-27.15:56:06::SCWBifWriter::hardware databse : Design_Closed_Loop_wrapper_37
TRACE::2024-08-27.15:56:06::SCWBifWriter::bitstream found in the design
TRACE::2024-08-27.15:56:06::SCWBifWriter::Found a baremetal domain, proc: ps7_cortexa9_0
TRACE::2024-08-27.15:56:06::SCWBifWriter::proc type : 
TRACE::2024-08-27.15:56:06::SCWBifWriter::proc[0] : ps7_cortexa9_0
TRACE::2024-08-27.15:56:06::SCWBifWriter::Device type is : zynq
TRACE::2024-08-27.15:56:06::SCWBifWriter::Writing BIF to file : D:/Programs/Proyecto_3LFCC_Zybo/Vitis_3adc/CLC_3adc_system/Debug/system.bif
TRACE::2024-08-27.15:56:06::SCWBifWriter::Writing the Zynq Baremetal bif 
TRACE::2024-08-27.15:57:55::SCWBifWriter::Found the complete platform D:/Programs/Proyecto_3LFCC_Zybo/Vitis_3adc/3LFCC_3adc_platform/export/3LFCC_3adc_platform/3LFCC_3adc_platform.xpfm
TRACE::2024-08-27.15:57:55::SCWBifWriter::hardware databse : Design_Closed_Loop_wrapper_38
TRACE::2024-08-27.15:57:55::SCWBifWriter::bitstream found in the design
TRACE::2024-08-27.15:57:55::SCWBifWriter::Found a baremetal domain, proc: ps7_cortexa9_0
TRACE::2024-08-27.15:57:55::SCWBifWriter::proc type : 
TRACE::2024-08-27.15:57:55::SCWBifWriter::proc[0] : ps7_cortexa9_0
TRACE::2024-08-27.15:57:55::SCWBifWriter::Device type is : zynq
TRACE::2024-08-27.15:57:55::SCWBifWriter::Writing BIF to file : D:/Programs/Proyecto_3LFCC_Zybo/Vitis_3adc/CLC_3adc_system/Debug/system.bif
TRACE::2024-08-27.15:57:55::SCWBifWriter::Writing the Zynq Baremetal bif 
TRACE::2024-08-27.15:58:20::SCWBifWriter::Found the complete platform D:/Programs/Proyecto_3LFCC_Zybo/Vitis_3adc/3LFCC_3adc_platform/export/3LFCC_3adc_platform/3LFCC_3adc_platform.xpfm
TRACE::2024-08-27.15:58:20::SCWBifWriter::hardware databse : Design_Closed_Loop_wrapper_38
TRACE::2024-08-27.15:58:20::SCWBifWriter::bitstream found in the design
TRACE::2024-08-27.15:58:20::SCWBifWriter::Found a baremetal domain, proc: ps7_cortexa9_0
TRACE::2024-08-27.15:58:20::SCWBifWriter::proc type : 
TRACE::2024-08-27.15:58:20::SCWBifWriter::proc[0] : ps7_cortexa9_0
TRACE::2024-08-27.15:58:20::SCWBifWriter::Device type is : zynq
TRACE::2024-08-27.15:58:20::SCWBifWriter::Writing BIF to file : D:/Programs/Proyecto_3LFCC_Zybo/Vitis_3adc/CLC_3adc_system/Debug/system.bif
TRACE::2024-08-27.15:58:20::SCWBifWriter::Writing the Zynq Baremetal bif 
TRACE::2024-08-27.16:01:45::SCWBifWriter::Found the complete platform D:/Programs/Proyecto_3LFCC_Zybo/Vitis_3adc/3LFCC_3adc_platform/export/3LFCC_3adc_platform/3LFCC_3adc_platform.xpfm
TRACE::2024-08-27.16:01:45::SCWBifWriter::hardware databse : Design_Closed_Loop_wrapper_39
TRACE::2024-08-27.16:01:45::SCWBifWriter::bitstream found in the design
TRACE::2024-08-27.16:01:45::SCWBifWriter::Found a baremetal domain, proc: ps7_cortexa9_0
TRACE::2024-08-27.16:01:45::SCWBifWriter::proc type : 
TRACE::2024-08-27.16:01:45::SCWBifWriter::proc[0] : ps7_cortexa9_0
TRACE::2024-08-27.16:01:45::SCWBifWriter::Device type is : zynq
TRACE::2024-08-27.16:01:45::SCWBifWriter::Writing BIF to file : D:/Programs/Proyecto_3LFCC_Zybo/Vitis_3adc/CLC_3adc_system/Debug/system.bif
TRACE::2024-08-27.16:01:45::SCWBifWriter::Writing the Zynq Baremetal bif 
TRACE::2024-08-27.16:06:57::SCWBifWriter::Found the complete platform D:/Programs/Proyecto_3LFCC_Zybo/Vitis_3adc/3LFCC_3adc_platform/export/3LFCC_3adc_platform/3LFCC_3adc_platform.xpfm
TRACE::2024-08-27.16:06:58::SCWBifWriter::hardware databse : Design_Closed_Loop_wrapper_40
TRACE::2024-08-27.16:06:58::SCWBifWriter::bitstream found in the design
TRACE::2024-08-27.16:06:58::SCWBifWriter::Found a baremetal domain, proc: ps7_cortexa9_0
TRACE::2024-08-27.16:06:58::SCWBifWriter::proc type : 
TRACE::2024-08-27.16:06:58::SCWBifWriter::proc[0] : ps7_cortexa9_0
TRACE::2024-08-27.16:06:58::SCWBifWriter::Device type is : zynq
TRACE::2024-08-27.16:06:58::SCWBifWriter::Writing BIF to file : D:/Programs/Proyecto_3LFCC_Zybo/Vitis_3adc/CLC_3adc_system/Debug/system.bif
TRACE::2024-08-27.16:06:58::SCWBifWriter::Writing the Zynq Baremetal bif 
TRACE::2024-08-27.16:09:31::SCWBifWriter::Found the complete platform D:/Programs/Proyecto_3LFCC_Zybo/Vitis_3adc/3LFCC_3adc_platform/export/3LFCC_3adc_platform/3LFCC_3adc_platform.xpfm
TRACE::2024-08-27.16:09:31::SCWBifWriter::hardware databse : Design_Closed_Loop_wrapper_41
TRACE::2024-08-27.16:09:31::SCWBifWriter::bitstream found in the design
TRACE::2024-08-27.16:09:31::SCWBifWriter::Found a baremetal domain, proc: ps7_cortexa9_0
TRACE::2024-08-27.16:09:31::SCWBifWriter::proc type : 
TRACE::2024-08-27.16:09:31::SCWBifWriter::proc[0] : ps7_cortexa9_0
TRACE::2024-08-27.16:09:31::SCWBifWriter::Device type is : zynq
TRACE::2024-08-27.16:09:31::SCWBifWriter::Writing BIF to file : D:/Programs/Proyecto_3LFCC_Zybo/Vitis_3adc/CLC_3adc_system/Debug/system.bif
TRACE::2024-08-27.16:09:31::SCWBifWriter::Writing the Zynq Baremetal bif 
TRACE::2024-08-27.16:10:25::SCWBifWriter::Found the complete platform D:/Programs/Proyecto_3LFCC_Zybo/Vitis_3adc/3LFCC_3adc_platform/export/3LFCC_3adc_platform/3LFCC_3adc_platform.xpfm
TRACE::2024-08-27.16:10:25::SCWBifWriter::hardware databse : Design_Closed_Loop_wrapper_42
TRACE::2024-08-27.16:10:25::SCWBifWriter::bitstream found in the design
TRACE::2024-08-27.16:10:25::SCWBifWriter::Found a baremetal domain, proc: ps7_cortexa9_0
TRACE::2024-08-27.16:10:25::SCWBifWriter::proc type : 
TRACE::2024-08-27.16:10:25::SCWBifWriter::proc[0] : ps7_cortexa9_0
TRACE::2024-08-27.16:10:25::SCWBifWriter::Device type is : zynq
TRACE::2024-08-27.16:10:25::SCWBifWriter::Writing BIF to file : D:/Programs/Proyecto_3LFCC_Zybo/Vitis_3adc/CLC_3adc_system/Debug/system.bif
TRACE::2024-08-27.16:10:25::SCWBifWriter::Writing the Zynq Baremetal bif 
TRACE::2024-08-27.16:13:04::SCWBifWriter::Found the complete platform D:/Programs/Proyecto_3LFCC_Zybo/Vitis_3adc/3LFCC_3adc_platform/export/3LFCC_3adc_platform/3LFCC_3adc_platform.xpfm
TRACE::2024-08-27.16:13:04::SCWBifWriter::hardware databse : Design_Closed_Loop_wrapper_43
TRACE::2024-08-27.16:13:04::SCWBifWriter::bitstream found in the design
TRACE::2024-08-27.16:13:04::SCWBifWriter::Found a baremetal domain, proc: ps7_cortexa9_0
TRACE::2024-08-27.16:13:04::SCWBifWriter::proc type : 
TRACE::2024-08-27.16:13:04::SCWBifWriter::proc[0] : ps7_cortexa9_0
TRACE::2024-08-27.16:13:04::SCWBifWriter::Device type is : zynq
TRACE::2024-08-27.16:13:04::SCWBifWriter::Writing BIF to file : D:/Programs/Proyecto_3LFCC_Zybo/Vitis_3adc/CLC_3adc_system/Debug/system.bif
TRACE::2024-08-27.16:13:04::SCWBifWriter::Writing the Zynq Baremetal bif 
TRACE::2024-08-27.16:15:13::SCWBifWriter::Found the complete platform D:/Programs/Proyecto_3LFCC_Zybo/Vitis_3adc/3LFCC_3adc_platform/export/3LFCC_3adc_platform/3LFCC_3adc_platform.xpfm
TRACE::2024-08-27.16:15:13::SCWBifWriter::hardware databse : Design_Closed_Loop_wrapper_44
TRACE::2024-08-27.16:15:13::SCWBifWriter::bitstream found in the design
TRACE::2024-08-27.16:15:13::SCWBifWriter::Found a baremetal domain, proc: ps7_cortexa9_0
TRACE::2024-08-27.16:15:13::SCWBifWriter::proc type : 
TRACE::2024-08-27.16:15:13::SCWBifWriter::proc[0] : ps7_cortexa9_0
TRACE::2024-08-27.16:15:13::SCWBifWriter::Device type is : zynq
TRACE::2024-08-27.16:15:13::SCWBifWriter::Writing BIF to file : D:/Programs/Proyecto_3LFCC_Zybo/Vitis_3adc/CLC_3adc_system/Debug/system.bif
TRACE::2024-08-27.16:15:13::SCWBifWriter::Writing the Zynq Baremetal bif 
TRACE::2024-08-27.16:17:12::SCWBifWriter::Found the complete platform D:/Programs/Proyecto_3LFCC_Zybo/Vitis_3adc/3LFCC_3adc_platform/export/3LFCC_3adc_platform/3LFCC_3adc_platform.xpfm
TRACE::2024-08-27.16:17:13::SCWBifWriter::hardware databse : Design_Closed_Loop_wrapper_45
TRACE::2024-08-27.16:17:13::SCWBifWriter::bitstream found in the design
TRACE::2024-08-27.16:17:13::SCWBifWriter::Found a baremetal domain, proc: ps7_cortexa9_0
TRACE::2024-08-27.16:17:13::SCWBifWriter::proc type : 
TRACE::2024-08-27.16:17:13::SCWBifWriter::proc[0] : ps7_cortexa9_0
TRACE::2024-08-27.16:17:13::SCWBifWriter::Device type is : zynq
TRACE::2024-08-27.16:17:13::SCWBifWriter::Writing BIF to file : D:/Programs/Proyecto_3LFCC_Zybo/Vitis_3adc/CLC_3adc_system/Debug/system.bif
TRACE::2024-08-27.16:17:13::SCWBifWriter::Writing the Zynq Baremetal bif 
TRACE::2024-08-27.16:21:16::SCWBifWriter::Found the complete platform D:/Programs/Proyecto_3LFCC_Zybo/Vitis_3adc/3LFCC_3adc_platform/export/3LFCC_3adc_platform/3LFCC_3adc_platform.xpfm
TRACE::2024-08-27.16:21:16::SCWBifWriter::hardware databse : Design_Closed_Loop_wrapper_46
TRACE::2024-08-27.16:21:16::SCWBifWriter::bitstream found in the design
TRACE::2024-08-27.16:21:16::SCWBifWriter::Found a baremetal domain, proc: ps7_cortexa9_0
TRACE::2024-08-27.16:21:16::SCWBifWriter::proc type : 
TRACE::2024-08-27.16:21:16::SCWBifWriter::proc[0] : ps7_cortexa9_0
TRACE::2024-08-27.16:21:16::SCWBifWriter::Device type is : zynq
TRACE::2024-08-27.16:21:16::SCWBifWriter::Writing BIF to file : D:/Programs/Proyecto_3LFCC_Zybo/Vitis_3adc/CLC_3adc_system/Debug/system.bif
TRACE::2024-08-27.16:21:16::SCWBifWriter::Writing the Zynq Baremetal bif 
TRACE::2024-08-28.11:57:05::SCWBifWriter::Found the complete platform D:/Programs/Proyecto_3LFCC_Zybo/Vitis_3adc/3LFCC_3adc_platform/export/3LFCC_3adc_platform/3LFCC_3adc_platform.xpfm
TRACE::2024-08-28.11:57:06::SCWBifWriter::hardware databse : Design_Closed_Loop_wrapper
TRACE::2024-08-28.11:57:06::SCWBifWriter::bitstream found in the design
TRACE::2024-08-28.11:57:06::SCWBifWriter::Found a baremetal domain, proc: ps7_cortexa9_0
TRACE::2024-08-28.11:57:06::SCWBifWriter::proc type : 
TRACE::2024-08-28.11:57:06::SCWBifWriter::proc[0] : ps7_cortexa9_0
TRACE::2024-08-28.11:57:06::SCWBifWriter::Device type is : zynq
TRACE::2024-08-28.11:57:06::SCWBifWriter::Writing BIF to file : D:/Programs/Proyecto_3LFCC_Zybo/Vitis_3adc/CLC_3adc_system/Debug/system.bif
TRACE::2024-08-28.11:57:06::SCWBifWriter::Writing the Zynq Baremetal bif 
TRACE::2024-08-28.11:57:31::SCWBifWriter::Found the complete platform D:/Programs/Proyecto_3LFCC_Zybo/Vitis_3adc/3LFCC_3adc_platform/export/3LFCC_3adc_platform/3LFCC_3adc_platform.xpfm
TRACE::2024-08-28.11:57:31::SCWBifWriter::hardware databse : Design_Closed_Loop_wrapper
TRACE::2024-08-28.11:57:31::SCWBifWriter::bitstream found in the design
TRACE::2024-08-28.11:57:31::SCWBifWriter::Found a baremetal domain, proc: ps7_cortexa9_0
TRACE::2024-08-28.11:57:31::SCWBifWriter::proc type : 
TRACE::2024-08-28.11:57:31::SCWBifWriter::proc[0] : ps7_cortexa9_0
TRACE::2024-08-28.11:57:31::SCWBifWriter::Device type is : zynq
TRACE::2024-08-28.11:57:31::SCWBifWriter::Writing BIF to file : D:/Programs/Proyecto_3LFCC_Zybo/Vitis_3adc/CLC_3adc_system/Debug/system.bif
TRACE::2024-08-28.11:57:31::SCWBifWriter::Writing the Zynq Baremetal bif 
TRACE::2024-08-28.14:31:26::SCWBifWriter::Found the complete platform D:/Programs/Proyecto_3LFCC_Zybo/Vitis_3adc/3LFCC_3adc_platform/export/3LFCC_3adc_platform/3LFCC_3adc_platform.xpfm
TRACE::2024-08-28.14:31:26::SCWBifWriter::hardware databse : Design_Closed_Loop_wrapper
TRACE::2024-08-28.14:31:27::SCWBifWriter::bitstream found in the design
TRACE::2024-08-28.14:31:27::SCWBifWriter::Found a baremetal domain, proc: ps7_cortexa9_0
TRACE::2024-08-28.14:31:27::SCWBifWriter::proc type : 
TRACE::2024-08-28.14:31:27::SCWBifWriter::proc[0] : ps7_cortexa9_0
TRACE::2024-08-28.14:31:27::SCWBifWriter::Device type is : zynq
TRACE::2024-08-28.14:31:27::SCWBifWriter::Writing BIF to file : D:/Programs/Proyecto_3LFCC_Zybo/Vitis_3adc/CLC_3adc_system/Debug/system.bif
TRACE::2024-08-28.14:31:27::SCWBifWriter::Writing the Zynq Baremetal bif 
TRACE::2024-08-28.14:34:51::SCWBifWriter::Found the complete platform D:/Programs/Proyecto_3LFCC_Zybo/Vitis_3adc/3LFCC_3adc_platform/export/3LFCC_3adc_platform/3LFCC_3adc_platform.xpfm
TRACE::2024-08-28.14:34:51::SCWBifWriter::hardware databse : Design_Closed_Loop_wrapper
TRACE::2024-08-28.14:34:51::SCWBifWriter::bitstream found in the design
TRACE::2024-08-28.14:34:51::SCWBifWriter::Found a baremetal domain, proc: ps7_cortexa9_0
TRACE::2024-08-28.14:34:51::SCWBifWriter::proc type : 
TRACE::2024-08-28.14:34:51::SCWBifWriter::proc[0] : ps7_cortexa9_0
TRACE::2024-08-28.14:34:51::SCWBifWriter::Device type is : zynq
TRACE::2024-08-28.14:34:51::SCWBifWriter::Writing BIF to file : D:/Programs/Proyecto_3LFCC_Zybo/Vitis_3adc/CLC_3adc_system/Debug/system.bif
TRACE::2024-08-28.14:34:51::SCWBifWriter::Writing the Zynq Baremetal bif 
TRACE::2024-08-28.14:43:21::SCWBifWriter::Found the complete platform D:/Programs/Proyecto_3LFCC_Zybo/Vitis_3adc/3LFCC_3adc_platform/export/3LFCC_3adc_platform/3LFCC_3adc_platform.xpfm
TRACE::2024-08-28.14:43:21::SCWBifWriter::hardware databse : Design_Closed_Loop_wrapper
TRACE::2024-08-28.14:43:21::SCWBifWriter::bitstream found in the design
TRACE::2024-08-28.14:43:21::SCWBifWriter::Found a baremetal domain, proc: ps7_cortexa9_0
TRACE::2024-08-28.14:43:21::SCWBifWriter::proc type : 
TRACE::2024-08-28.14:43:21::SCWBifWriter::proc[0] : ps7_cortexa9_0
TRACE::2024-08-28.14:43:21::SCWBifWriter::Device type is : zynq
TRACE::2024-08-28.14:43:21::SCWBifWriter::Writing BIF to file : D:/Programs/Proyecto_3LFCC_Zybo/Vitis_3adc/CLC_3adc_system/Debug/system.bif
TRACE::2024-08-28.14:43:21::SCWBifWriter::Writing the Zynq Baremetal bif 
TRACE::2024-08-28.15:05:22::SCWBifWriter::Found the complete platform D:/Programs/Proyecto_3LFCC_Zybo/Vitis_3adc/3LFCC_3adc_platform/export/3LFCC_3adc_platform/3LFCC_3adc_platform.xpfm
TRACE::2024-08-28.15:05:22::SCWBifWriter::hardware databse : Design_Closed_Loop_wrapper_0
TRACE::2024-08-28.15:05:22::SCWBifWriter::bitstream found in the design
TRACE::2024-08-28.15:05:22::SCWBifWriter::Found a baremetal domain, proc: ps7_cortexa9_0
TRACE::2024-08-28.15:05:22::SCWBifWriter::proc type : 
TRACE::2024-08-28.15:05:22::SCWBifWriter::proc[0] : ps7_cortexa9_0
TRACE::2024-08-28.15:05:22::SCWBifWriter::Device type is : zynq
TRACE::2024-08-28.15:05:22::SCWBifWriter::Writing BIF to file : D:/Programs/Proyecto_3LFCC_Zybo/Vitis_3adc/CLC_3adc_system/Debug/system.bif
TRACE::2024-08-28.15:05:22::SCWBifWriter::Writing the Zynq Baremetal bif 
TRACE::2024-08-28.15:11:42::SCWBifWriter::Found the complete platform D:/Programs/Proyecto_3LFCC_Zybo/Vitis_3adc/3LFCC_3adc_platform/export/3LFCC_3adc_platform/3LFCC_3adc_platform.xpfm
TRACE::2024-08-28.15:11:42::SCWBifWriter::hardware databse : Design_Closed_Loop_wrapper_1
TRACE::2024-08-28.15:11:43::SCWBifWriter::bitstream found in the design
TRACE::2024-08-28.15:11:43::SCWBifWriter::Found a baremetal domain, proc: ps7_cortexa9_0
TRACE::2024-08-28.15:11:43::SCWBifWriter::proc type : 
TRACE::2024-08-28.15:11:43::SCWBifWriter::proc[0] : ps7_cortexa9_0
TRACE::2024-08-28.15:11:43::SCWBifWriter::Device type is : zynq
TRACE::2024-08-28.15:11:43::SCWBifWriter::Writing BIF to file : D:/Programs/Proyecto_3LFCC_Zybo/Vitis_3adc/CLC_3adc_system/Debug/system.bif
TRACE::2024-08-28.15:11:43::SCWBifWriter::Writing the Zynq Baremetal bif 
TRACE::2024-08-28.15:36:06::SCWBifWriter::Found the complete platform D:/Programs/Proyecto_3LFCC_Zybo/Vitis_3adc/3LFCC_3adc_platform/export/3LFCC_3adc_platform/3LFCC_3adc_platform.xpfm
TRACE::2024-08-28.15:36:06::SCWBifWriter::hardware databse : Design_Closed_Loop_wrapper_2
TRACE::2024-08-28.15:36:06::SCWBifWriter::bitstream found in the design
TRACE::2024-08-28.15:36:06::SCWBifWriter::Found a baremetal domain, proc: ps7_cortexa9_0
TRACE::2024-08-28.15:36:06::SCWBifWriter::proc type : 
TRACE::2024-08-28.15:36:06::SCWBifWriter::proc[0] : ps7_cortexa9_0
TRACE::2024-08-28.15:36:06::SCWBifWriter::Device type is : zynq
TRACE::2024-08-28.15:36:06::SCWBifWriter::Writing BIF to file : D:/Programs/Proyecto_3LFCC_Zybo/Vitis_3adc/CLC_3adc_system/Debug/system.bif
TRACE::2024-08-28.15:36:06::SCWBifWriter::Writing the Zynq Baremetal bif 
TRACE::2024-08-28.16:10:49::SCWBifWriter::Found the complete platform D:/Programs/Proyecto_3LFCC_Zybo/Vitis_3adc/3LFCC_3adc_platform/export/3LFCC_3adc_platform/3LFCC_3adc_platform.xpfm
TRACE::2024-08-28.16:10:49::SCWBifWriter::hardware databse : Design_Closed_Loop_wrapper_3
TRACE::2024-08-28.16:10:49::SCWBifWriter::bitstream found in the design
TRACE::2024-08-28.16:10:49::SCWBifWriter::Found a baremetal domain, proc: ps7_cortexa9_0
TRACE::2024-08-28.16:10:49::SCWBifWriter::proc type : 
TRACE::2024-08-28.16:10:49::SCWBifWriter::proc[0] : ps7_cortexa9_0
TRACE::2024-08-28.16:10:49::SCWBifWriter::Device type is : zynq
TRACE::2024-08-28.16:10:49::SCWBifWriter::Writing BIF to file : D:/Programs/Proyecto_3LFCC_Zybo/Vitis_3adc/CLC_3adc_system/Debug/system.bif
TRACE::2024-08-28.16:10:49::SCWBifWriter::Writing the Zynq Baremetal bif 
TRACE::2024-08-28.16:21:56::SCWBifWriter::Found the complete platform D:/Programs/Proyecto_3LFCC_Zybo/Vitis_3adc/3LFCC_3adc_platform/export/3LFCC_3adc_platform/3LFCC_3adc_platform.xpfm
TRACE::2024-08-28.16:21:56::SCWBifWriter::hardware databse : Design_Closed_Loop_wrapper_4
TRACE::2024-08-28.16:21:56::SCWBifWriter::bitstream found in the design
TRACE::2024-08-28.16:21:56::SCWBifWriter::Found a baremetal domain, proc: ps7_cortexa9_0
TRACE::2024-08-28.16:21:56::SCWBifWriter::proc type : 
TRACE::2024-08-28.16:21:56::SCWBifWriter::proc[0] : ps7_cortexa9_0
TRACE::2024-08-28.16:21:56::SCWBifWriter::Device type is : zynq
TRACE::2024-08-28.16:21:56::SCWBifWriter::Writing BIF to file : D:/Programs/Proyecto_3LFCC_Zybo/Vitis_3adc/CLC_3adc_system/Debug/system.bif
TRACE::2024-08-28.16:21:56::SCWBifWriter::Writing the Zynq Baremetal bif 
TRACE::2024-08-29.14:59:06::SCWBifWriter::Found the complete platform D:/Programs/Proyecto_3LFCC_Zybo/Vitis_3adc/3LFCC_3adc_platform/export/3LFCC_3adc_platform/3LFCC_3adc_platform.xpfm
TRACE::2024-08-29.14:59:07::SCWBifWriter::hardware databse : Design_Closed_Loop_wrapper
TRACE::2024-08-29.14:59:07::SCWBifWriter::bitstream found in the design
TRACE::2024-08-29.14:59:07::SCWBifWriter::Found a baremetal domain, proc: ps7_cortexa9_0
TRACE::2024-08-29.14:59:07::SCWBifWriter::proc type : 
TRACE::2024-08-29.14:59:07::SCWBifWriter::proc[0] : ps7_cortexa9_0
TRACE::2024-08-29.14:59:07::SCWBifWriter::Device type is : zynq
TRACE::2024-08-29.14:59:07::SCWBifWriter::Writing BIF to file : D:/Programs/Proyecto_3LFCC_Zybo/Vitis_3adc/CLC_3adc_system/Debug/system.bif
TRACE::2024-08-29.14:59:07::SCWBifWriter::Writing the Zynq Baremetal bif 
TRACE::2024-08-29.15:16:25::SCWBifWriter::Found the complete platform D:/Programs/Proyecto_3LFCC_Zybo/Vitis_3adc/3LFCC_3adc_platform/export/3LFCC_3adc_platform/3LFCC_3adc_platform.xpfm
TRACE::2024-08-29.15:16:25::SCWBifWriter::hardware databse : Design_Closed_Loop_wrapper
TRACE::2024-08-29.15:16:25::SCWBifWriter::bitstream found in the design
TRACE::2024-08-29.15:16:25::SCWBifWriter::Found a baremetal domain, proc: ps7_cortexa9_0
TRACE::2024-08-29.15:16:25::SCWBifWriter::proc type : 
TRACE::2024-08-29.15:16:25::SCWBifWriter::proc[0] : ps7_cortexa9_0
TRACE::2024-08-29.15:16:25::SCWBifWriter::Device type is : zynq
TRACE::2024-08-29.15:16:25::SCWBifWriter::Writing BIF to file : D:/Programs/Proyecto_3LFCC_Zybo/Vitis_3adc/CLC_3adc_system/Debug/system.bif
TRACE::2024-08-29.15:16:25::SCWBifWriter::Writing the Zynq Baremetal bif 
TRACE::2024-08-29.15:26:32::SCWBifWriter::Found the complete platform D:/Programs/Proyecto_3LFCC_Zybo/Vitis_3adc/3LFCC_3adc_platform/export/3LFCC_3adc_platform/3LFCC_3adc_platform.xpfm
TRACE::2024-08-29.15:26:32::SCWBifWriter::hardware databse : Design_Closed_Loop_wrapper_0
TRACE::2024-08-29.15:26:32::SCWBifWriter::bitstream found in the design
TRACE::2024-08-29.15:26:32::SCWBifWriter::Found a baremetal domain, proc: ps7_cortexa9_0
TRACE::2024-08-29.15:26:32::SCWBifWriter::proc type : 
TRACE::2024-08-29.15:26:32::SCWBifWriter::proc[0] : ps7_cortexa9_0
TRACE::2024-08-29.15:26:32::SCWBifWriter::Device type is : zynq
TRACE::2024-08-29.15:26:32::SCWBifWriter::Writing BIF to file : D:/Programs/Proyecto_3LFCC_Zybo/Vitis_3adc/CLC_3adc_system/Debug/system.bif
TRACE::2024-08-29.15:26:32::SCWBifWriter::Writing the Zynq Baremetal bif 
TRACE::2024-08-29.15:40:43::SCWBifWriter::Found the complete platform D:/Programs/Proyecto_3LFCC_Zybo/Vitis_3adc/3LFCC_3adc_platform/export/3LFCC_3adc_platform/3LFCC_3adc_platform.xpfm
TRACE::2024-08-29.15:40:44::SCWBifWriter::hardware databse : Design_Closed_Loop_wrapper_1
TRACE::2024-08-29.15:40:44::SCWBifWriter::bitstream found in the design
TRACE::2024-08-29.15:40:44::SCWBifWriter::Found a baremetal domain, proc: ps7_cortexa9_0
TRACE::2024-08-29.15:40:44::SCWBifWriter::proc type : 
TRACE::2024-08-29.15:40:44::SCWBifWriter::proc[0] : ps7_cortexa9_0
TRACE::2024-08-29.15:40:44::SCWBifWriter::Device type is : zynq
TRACE::2024-08-29.15:40:44::SCWBifWriter::Writing BIF to file : D:/Programs/Proyecto_3LFCC_Zybo/Vitis_3adc/CLC_3adc_system/Debug/system.bif
TRACE::2024-08-29.15:40:44::SCWBifWriter::Writing the Zynq Baremetal bif 
TRACE::2024-08-29.16:20:33::SCWBifWriter::Found the complete platform D:/Programs/Proyecto_3LFCC_Zybo/Vitis_3adc/3LFCC_3adc_platform/export/3LFCC_3adc_platform/3LFCC_3adc_platform.xpfm
TRACE::2024-08-29.16:20:33::SCWBifWriter::hardware databse : Design_Closed_Loop_wrapper_2
TRACE::2024-08-29.16:20:33::SCWBifWriter::bitstream found in the design
TRACE::2024-08-29.16:20:33::SCWBifWriter::Found a baremetal domain, proc: ps7_cortexa9_0
TRACE::2024-08-29.16:20:33::SCWBifWriter::proc type : 
TRACE::2024-08-29.16:20:33::SCWBifWriter::proc[0] : ps7_cortexa9_0
TRACE::2024-08-29.16:20:33::SCWBifWriter::Device type is : zynq
TRACE::2024-08-29.16:20:33::SCWBifWriter::Writing BIF to file : D:/Programs/Proyecto_3LFCC_Zybo/Vitis_3adc/CLC_3adc_system/Debug/system.bif
TRACE::2024-08-29.16:20:33::SCWBifWriter::Writing the Zynq Baremetal bif 
TRACE::2024-08-29.16:44:26::SCWBifWriter::Found the complete platform D:/Programs/Proyecto_3LFCC_Zybo/Vitis_3adc/3LFCC_3adc_platform/export/3LFCC_3adc_platform/3LFCC_3adc_platform.xpfm
TRACE::2024-08-29.16:44:26::SCWBifWriter::hardware databse : Design_Closed_Loop_wrapper_3
TRACE::2024-08-29.16:44:26::SCWBifWriter::bitstream found in the design
TRACE::2024-08-29.16:44:26::SCWBifWriter::Found a baremetal domain, proc: ps7_cortexa9_0
TRACE::2024-08-29.16:44:26::SCWBifWriter::proc type : 
TRACE::2024-08-29.16:44:26::SCWBifWriter::proc[0] : ps7_cortexa9_0
TRACE::2024-08-29.16:44:26::SCWBifWriter::Device type is : zynq
TRACE::2024-08-29.16:44:26::SCWBifWriter::Writing BIF to file : D:/Programs/Proyecto_3LFCC_Zybo/Vitis_3adc/CLC_3adc_system/Debug/system.bif
TRACE::2024-08-29.16:44:26::SCWBifWriter::Writing the Zynq Baremetal bif 
TRACE::2024-08-29.17:00:29::SCWBifWriter::Found the complete platform D:/Programs/Proyecto_3LFCC_Zybo/Vitis_3adc/3LFCC_3adc_platform/export/3LFCC_3adc_platform/3LFCC_3adc_platform.xpfm
TRACE::2024-08-29.17:00:29::SCWBifWriter::hardware databse : Design_Closed_Loop_wrapper_4
TRACE::2024-08-29.17:00:29::SCWBifWriter::bitstream found in the design
TRACE::2024-08-29.17:00:29::SCWBifWriter::Found a baremetal domain, proc: ps7_cortexa9_0
TRACE::2024-08-29.17:00:29::SCWBifWriter::proc type : 
TRACE::2024-08-29.17:00:29::SCWBifWriter::proc[0] : ps7_cortexa9_0
TRACE::2024-08-29.17:00:29::SCWBifWriter::Device type is : zynq
TRACE::2024-08-29.17:00:29::SCWBifWriter::Writing BIF to file : D:/Programs/Proyecto_3LFCC_Zybo/Vitis_3adc/CLC_3adc_system/Debug/system.bif
TRACE::2024-08-29.17:00:29::SCWBifWriter::Writing the Zynq Baremetal bif 
TRACE::2024-08-29.17:10:48::SCWBifWriter::Found the complete platform D:/Programs/Proyecto_3LFCC_Zybo/Vitis_3adc/3LFCC_3adc_platform/export/3LFCC_3adc_platform/3LFCC_3adc_platform.xpfm
TRACE::2024-08-29.17:10:48::SCWBifWriter::hardware databse : Design_Closed_Loop_wrapper_5
TRACE::2024-08-29.17:10:48::SCWBifWriter::bitstream found in the design
TRACE::2024-08-29.17:10:48::SCWBifWriter::Found a baremetal domain, proc: ps7_cortexa9_0
TRACE::2024-08-29.17:10:48::SCWBifWriter::proc type : 
TRACE::2024-08-29.17:10:48::SCWBifWriter::proc[0] : ps7_cortexa9_0
TRACE::2024-08-29.17:10:48::SCWBifWriter::Device type is : zynq
TRACE::2024-08-29.17:10:48::SCWBifWriter::Writing BIF to file : D:/Programs/Proyecto_3LFCC_Zybo/Vitis_3adc/CLC_3adc_system/Debug/system.bif
TRACE::2024-08-29.17:10:48::SCWBifWriter::Writing the Zynq Baremetal bif 
TRACE::2024-08-29.17:15:41::SCWBifWriter::Found the complete platform D:/Programs/Proyecto_3LFCC_Zybo/Vitis_3adc/3LFCC_3adc_platform/export/3LFCC_3adc_platform/3LFCC_3adc_platform.xpfm
TRACE::2024-08-29.17:15:42::SCWBifWriter::hardware databse : Design_Closed_Loop_wrapper_6
TRACE::2024-08-29.17:15:42::SCWBifWriter::bitstream found in the design
TRACE::2024-08-29.17:15:42::SCWBifWriter::Found a baremetal domain, proc: ps7_cortexa9_0
TRACE::2024-08-29.17:15:42::SCWBifWriter::proc type : 
TRACE::2024-08-29.17:15:42::SCWBifWriter::proc[0] : ps7_cortexa9_0
TRACE::2024-08-29.17:15:42::SCWBifWriter::Device type is : zynq
TRACE::2024-08-29.17:15:42::SCWBifWriter::Writing BIF to file : D:/Programs/Proyecto_3LFCC_Zybo/Vitis_3adc/CLC_3adc_system/Debug/system.bif
TRACE::2024-08-29.17:15:42::SCWBifWriter::Writing the Zynq Baremetal bif 
TRACE::2024-08-29.17:15:58::SCWBifWriter::Found the complete platform D:/Programs/Proyecto_3LFCC_Zybo/Vitis_3adc/3LFCC_3adc_platform/export/3LFCC_3adc_platform/3LFCC_3adc_platform.xpfm
TRACE::2024-08-29.17:15:58::SCWBifWriter::hardware databse : Design_Closed_Loop_wrapper_6
TRACE::2024-08-29.17:15:58::SCWBifWriter::bitstream found in the design
TRACE::2024-08-29.17:15:58::SCWBifWriter::Found a baremetal domain, proc: ps7_cortexa9_0
TRACE::2024-08-29.17:15:58::SCWBifWriter::proc type : 
TRACE::2024-08-29.17:15:58::SCWBifWriter::proc[0] : ps7_cortexa9_0
TRACE::2024-08-29.17:15:58::SCWBifWriter::Device type is : zynq
TRACE::2024-08-29.17:15:58::SCWBifWriter::Writing BIF to file : D:/Programs/Proyecto_3LFCC_Zybo/Vitis_3adc/CLC_3adc_system/Debug/system.bif
TRACE::2024-08-29.17:15:58::SCWBifWriter::Writing the Zynq Baremetal bif 
TRACE::2024-08-29.17:21:52::SCWBifWriter::Found the complete platform D:/Programs/Proyecto_3LFCC_Zybo/Vitis_3adc/3LFCC_3adc_platform/export/3LFCC_3adc_platform/3LFCC_3adc_platform.xpfm
TRACE::2024-08-29.17:21:52::SCWBifWriter::hardware databse : Design_Closed_Loop_wrapper_7
TRACE::2024-08-29.17:21:52::SCWBifWriter::bitstream found in the design
TRACE::2024-08-29.17:21:52::SCWBifWriter::Found a baremetal domain, proc: ps7_cortexa9_0
TRACE::2024-08-29.17:21:52::SCWBifWriter::proc type : 
TRACE::2024-08-29.17:21:52::SCWBifWriter::proc[0] : ps7_cortexa9_0
TRACE::2024-08-29.17:21:52::SCWBifWriter::Device type is : zynq
TRACE::2024-08-29.17:21:52::SCWBifWriter::Writing BIF to file : D:/Programs/Proyecto_3LFCC_Zybo/Vitis_3adc/CLC_3adc_system/Debug/system.bif
TRACE::2024-08-29.17:21:52::SCWBifWriter::Writing the Zynq Baremetal bif 
TRACE::2024-08-29.17:57:40::SCWBifWriter::Found the complete platform D:/Programs/Proyecto_3LFCC_Zybo/Vitis_3adc/3LFCC_3adc_platform/export/3LFCC_3adc_platform/3LFCC_3adc_platform.xpfm
TRACE::2024-08-29.17:57:40::SCWBifWriter::hardware databse : Design_Closed_Loop_wrapper_9
TRACE::2024-08-29.17:57:40::SCWBifWriter::bitstream found in the design
TRACE::2024-08-29.17:57:40::SCWBifWriter::Found a baremetal domain, proc: ps7_cortexa9_0
TRACE::2024-08-29.17:57:40::SCWBifWriter::proc type : 
TRACE::2024-08-29.17:57:40::SCWBifWriter::proc[0] : ps7_cortexa9_0
TRACE::2024-08-29.17:57:40::SCWBifWriter::Device type is : zynq
TRACE::2024-08-29.17:57:40::SCWBifWriter::Writing BIF to file : D:/Programs/Proyecto_3LFCC_Zybo/Vitis_3adc/CLC_3adc_system/Debug/system.bif
TRACE::2024-08-29.17:57:40::SCWBifWriter::Writing the Zynq Baremetal bif 
TRACE::2024-08-29.19:10:05::SCWBifWriter::Found the complete platform D:/Programs/Proyecto_3LFCC_Zybo/Vitis_3adc/3LFCC_3adc_platform/export/3LFCC_3adc_platform/3LFCC_3adc_platform.xpfm
TRACE::2024-08-29.19:10:06::SCWBifWriter::hardware databse : Design_Closed_Loop_wrapper_10
TRACE::2024-08-29.19:10:06::SCWBifWriter::bitstream found in the design
TRACE::2024-08-29.19:10:06::SCWBifWriter::Found a baremetal domain, proc: ps7_cortexa9_0
TRACE::2024-08-29.19:10:06::SCWBifWriter::proc type : 
TRACE::2024-08-29.19:10:06::SCWBifWriter::proc[0] : ps7_cortexa9_0
TRACE::2024-08-29.19:10:06::SCWBifWriter::Device type is : zynq
TRACE::2024-08-29.19:10:06::SCWBifWriter::Writing BIF to file : D:/Programs/Proyecto_3LFCC_Zybo/Vitis_3adc/CLC_3adc_system/Debug/system.bif
TRACE::2024-08-29.19:10:06::SCWBifWriter::Writing the Zynq Baremetal bif 
TRACE::2024-08-29.19:13:37::SCWBifWriter::Found the complete platform D:/Programs/Proyecto_3LFCC_Zybo/Vitis_3adc/3LFCC_3adc_platform/export/3LFCC_3adc_platform/3LFCC_3adc_platform.xpfm
TRACE::2024-08-29.19:13:38::SCWBifWriter::hardware databse : Design_Closed_Loop_wrapper_11
TRACE::2024-08-29.19:13:38::SCWBifWriter::bitstream found in the design
TRACE::2024-08-29.19:13:38::SCWBifWriter::Found a baremetal domain, proc: ps7_cortexa9_0
TRACE::2024-08-29.19:13:38::SCWBifWriter::proc type : 
TRACE::2024-08-29.19:13:38::SCWBifWriter::proc[0] : ps7_cortexa9_0
TRACE::2024-08-29.19:13:38::SCWBifWriter::Device type is : zynq
TRACE::2024-08-29.19:13:38::SCWBifWriter::Writing BIF to file : D:/Programs/Proyecto_3LFCC_Zybo/Vitis_3adc/CLC_3adc_system/Debug/system.bif
TRACE::2024-08-29.19:13:38::SCWBifWriter::Writing the Zynq Baremetal bif 
TRACE::2024-08-30.13:56:37::SCWBifWriter::Found the complete platform D:/Programs/Proyecto_3LFCC_Zybo/Vitis_3adc/3LFCC_3adc_platform/export/3LFCC_3adc_platform/3LFCC_3adc_platform.xpfm
TRACE::2024-08-30.13:56:37::SCWBifWriter::hardware databse : Design_Closed_Loop_wrapper
TRACE::2024-08-30.13:56:37::SCWBifWriter::bitstream found in the design
TRACE::2024-08-30.13:56:37::SCWBifWriter::Found a baremetal domain, proc: ps7_cortexa9_0
TRACE::2024-08-30.13:56:37::SCWBifWriter::proc type : 
TRACE::2024-08-30.13:56:37::SCWBifWriter::proc[0] : ps7_cortexa9_0
TRACE::2024-08-30.13:56:37::SCWBifWriter::Device type is : zynq
TRACE::2024-08-30.13:56:37::SCWBifWriter::Writing BIF to file : D:/Programs/Proyecto_3LFCC_Zybo/Vitis_3adc/CLC_3adc_system/Debug/system.bif
TRACE::2024-08-30.13:56:37::SCWBifWriter::Writing the Zynq Baremetal bif 
TRACE::2024-08-30.14:11:48::SCWBifWriter::Found the complete platform D:/Programs/Proyecto_3LFCC_Zybo/Vitis_3adc/3LFCC_3adc_platform/export/3LFCC_3adc_platform/3LFCC_3adc_platform.xpfm
TRACE::2024-08-30.14:11:48::SCWBifWriter::hardware databse : Design_Closed_Loop_wrapper
TRACE::2024-08-30.14:11:48::SCWBifWriter::bitstream found in the design
TRACE::2024-08-30.14:11:48::SCWBifWriter::Found a baremetal domain, proc: ps7_cortexa9_0
TRACE::2024-08-30.14:11:48::SCWBifWriter::proc type : 
TRACE::2024-08-30.14:11:48::SCWBifWriter::proc[0] : ps7_cortexa9_0
TRACE::2024-08-30.14:11:48::SCWBifWriter::Device type is : zynq
TRACE::2024-08-30.14:11:48::SCWBifWriter::Writing BIF to file : D:/Programs/Proyecto_3LFCC_Zybo/Vitis_3adc/CLC_3adc_system/Debug/system.bif
TRACE::2024-08-30.14:11:48::SCWBifWriter::Writing the Zynq Baremetal bif 
TRACE::2024-08-30.14:22:28::SCWBifWriter::Found the complete platform D:/Programs/Proyecto_3LFCC_Zybo/Vitis_3adc/3LFCC_3adc_platform/export/3LFCC_3adc_platform/3LFCC_3adc_platform.xpfm
TRACE::2024-08-30.14:22:29::SCWBifWriter::hardware databse : Design_Closed_Loop_wrapper_0
TRACE::2024-08-30.14:22:29::SCWBifWriter::bitstream found in the design
TRACE::2024-08-30.14:22:29::SCWBifWriter::Found a baremetal domain, proc: ps7_cortexa9_0
TRACE::2024-08-30.14:22:29::SCWBifWriter::proc type : 
TRACE::2024-08-30.14:22:29::SCWBifWriter::proc[0] : ps7_cortexa9_0
TRACE::2024-08-30.14:22:29::SCWBifWriter::Device type is : zynq
TRACE::2024-08-30.14:22:29::SCWBifWriter::Writing BIF to file : D:/Programs/Proyecto_3LFCC_Zybo/Vitis_3adc/CLC_3adc_system/Debug/system.bif
TRACE::2024-08-30.14:22:29::SCWBifWriter::Writing the Zynq Baremetal bif 
TRACE::2024-08-30.14:22:48::SCWBifWriter::Found the complete platform D:/Programs/Proyecto_3LFCC_Zybo/Vitis_3adc/3LFCC_3adc_platform/export/3LFCC_3adc_platform/3LFCC_3adc_platform.xpfm
TRACE::2024-08-30.14:22:48::SCWBifWriter::hardware databse : Design_Closed_Loop_wrapper_0
TRACE::2024-08-30.14:22:48::SCWBifWriter::bitstream found in the design
TRACE::2024-08-30.14:22:48::SCWBifWriter::Found a baremetal domain, proc: ps7_cortexa9_0
TRACE::2024-08-30.14:22:48::SCWBifWriter::proc type : 
TRACE::2024-08-30.14:22:48::SCWBifWriter::proc[0] : ps7_cortexa9_0
TRACE::2024-08-30.14:22:48::SCWBifWriter::Device type is : zynq
TRACE::2024-08-30.14:22:48::SCWBifWriter::Writing BIF to file : D:/Programs/Proyecto_3LFCC_Zybo/Vitis_3adc/CLC_3adc_system/Debug/system.bif
TRACE::2024-08-30.14:22:48::SCWBifWriter::Writing the Zynq Baremetal bif 
TRACE::2024-08-30.14:31:24::SCWBifWriter::Found the complete platform D:/Programs/Proyecto_3LFCC_Zybo/Vitis_3adc/3LFCC_3adc_platform/export/3LFCC_3adc_platform/3LFCC_3adc_platform.xpfm
TRACE::2024-08-30.14:31:24::SCWBifWriter::hardware databse : Design_Closed_Loop_wrapper_1
TRACE::2024-08-30.14:31:24::SCWBifWriter::bitstream found in the design
TRACE::2024-08-30.14:31:24::SCWBifWriter::Found a baremetal domain, proc: ps7_cortexa9_0
TRACE::2024-08-30.14:31:24::SCWBifWriter::proc type : 
TRACE::2024-08-30.14:31:24::SCWBifWriter::proc[0] : ps7_cortexa9_0
TRACE::2024-08-30.14:31:24::SCWBifWriter::Device type is : zynq
TRACE::2024-08-30.14:31:24::SCWBifWriter::Writing BIF to file : D:/Programs/Proyecto_3LFCC_Zybo/Vitis_3adc/CLC_3adc_system/Debug/system.bif
TRACE::2024-08-30.14:31:24::SCWBifWriter::Writing the Zynq Baremetal bif 
TRACE::2024-08-30.14:31:50::SCWBifWriter::Found the complete platform D:/Programs/Proyecto_3LFCC_Zybo/Vitis_3adc/3LFCC_3adc_platform/export/3LFCC_3adc_platform/3LFCC_3adc_platform.xpfm
TRACE::2024-08-30.14:31:51::SCWBifWriter::hardware databse : Design_Closed_Loop_wrapper_1
TRACE::2024-08-30.14:31:51::SCWBifWriter::bitstream found in the design
TRACE::2024-08-30.14:31:51::SCWBifWriter::Found a baremetal domain, proc: ps7_cortexa9_0
TRACE::2024-08-30.14:31:51::SCWBifWriter::proc type : 
TRACE::2024-08-30.14:31:51::SCWBifWriter::proc[0] : ps7_cortexa9_0
TRACE::2024-08-30.14:31:51::SCWBifWriter::Device type is : zynq
TRACE::2024-08-30.14:31:51::SCWBifWriter::Writing BIF to file : D:/Programs/Proyecto_3LFCC_Zybo/Vitis_3adc/CLC_3adc_system/Debug/system.bif
TRACE::2024-08-30.14:31:51::SCWBifWriter::Writing the Zynq Baremetal bif 
TRACE::2024-08-30.14:45:40::SCWBifWriter::Found the complete platform D:/Programs/Proyecto_3LFCC_Zybo/Vitis_3adc/3LFCC_3adc_platform/export/3LFCC_3adc_platform/3LFCC_3adc_platform.xpfm
TRACE::2024-08-30.14:45:40::SCWBifWriter::hardware databse : Design_Closed_Loop_wrapper_2
TRACE::2024-08-30.14:45:40::SCWBifWriter::bitstream found in the design
TRACE::2024-08-30.14:45:40::SCWBifWriter::Found a baremetal domain, proc: ps7_cortexa9_0
TRACE::2024-08-30.14:45:40::SCWBifWriter::proc type : 
TRACE::2024-08-30.14:45:40::SCWBifWriter::proc[0] : ps7_cortexa9_0
TRACE::2024-08-30.14:45:40::SCWBifWriter::Device type is : zynq
TRACE::2024-08-30.14:45:40::SCWBifWriter::Writing BIF to file : D:/Programs/Proyecto_3LFCC_Zybo/Vitis_3adc/CLC_3adc_system/Debug/system.bif
TRACE::2024-08-30.14:45:40::SCWBifWriter::Writing the Zynq Baremetal bif 
TRACE::2024-08-30.15:27:43::SCWBifWriter::Found the complete platform D:/Programs/Proyecto_3LFCC_Zybo/Vitis_3adc/3LFCC_3adc_platform/export/3LFCC_3adc_platform/3LFCC_3adc_platform.xpfm
TRACE::2024-08-30.15:27:44::SCWBifWriter::hardware databse : Design_Closed_Loop_wrapper_3
TRACE::2024-08-30.15:27:44::SCWBifWriter::bitstream found in the design
TRACE::2024-08-30.15:27:44::SCWBifWriter::Found a baremetal domain, proc: ps7_cortexa9_0
TRACE::2024-08-30.15:27:44::SCWBifWriter::proc type : 
TRACE::2024-08-30.15:27:44::SCWBifWriter::proc[0] : ps7_cortexa9_0
TRACE::2024-08-30.15:27:44::SCWBifWriter::Device type is : zynq
TRACE::2024-08-30.15:27:44::SCWBifWriter::Writing BIF to file : D:/Programs/Proyecto_3LFCC_Zybo/Vitis_3adc/CLC_3adc_system/Debug/system.bif
TRACE::2024-08-30.15:27:44::SCWBifWriter::Writing the Zynq Baremetal bif 
TRACE::2024-08-30.15:41:33::SCWBifWriter::Found the complete platform D:/Programs/Proyecto_3LFCC_Zybo/Vitis_3adc/3LFCC_3adc_platform/export/3LFCC_3adc_platform/3LFCC_3adc_platform.xpfm
TRACE::2024-08-30.15:41:33::SCWBifWriter::hardware databse : Design_Closed_Loop_wrapper_4
TRACE::2024-08-30.15:41:34::SCWBifWriter::bitstream found in the design
TRACE::2024-08-30.15:41:34::SCWBifWriter::Found a baremetal domain, proc: ps7_cortexa9_0
TRACE::2024-08-30.15:41:34::SCWBifWriter::proc type : 
TRACE::2024-08-30.15:41:34::SCWBifWriter::proc[0] : ps7_cortexa9_0
TRACE::2024-08-30.15:41:34::SCWBifWriter::Device type is : zynq
TRACE::2024-08-30.15:41:34::SCWBifWriter::Writing BIF to file : D:/Programs/Proyecto_3LFCC_Zybo/Vitis_3adc/CLC_3adc_system/Debug/system.bif
TRACE::2024-08-30.15:41:34::SCWBifWriter::Writing the Zynq Baremetal bif 
TRACE::2024-08-30.15:43:47::SCWBifWriter::Found the complete platform D:/Programs/Proyecto_3LFCC_Zybo/Vitis_3adc/3LFCC_3adc_platform/export/3LFCC_3adc_platform/3LFCC_3adc_platform.xpfm
TRACE::2024-08-30.15:43:47::SCWBifWriter::hardware databse : Design_Closed_Loop_wrapper_5
TRACE::2024-08-30.15:43:47::SCWBifWriter::bitstream found in the design
TRACE::2024-08-30.15:43:47::SCWBifWriter::Found a baremetal domain, proc: ps7_cortexa9_0
TRACE::2024-08-30.15:43:47::SCWBifWriter::proc type : 
TRACE::2024-08-30.15:43:47::SCWBifWriter::proc[0] : ps7_cortexa9_0
TRACE::2024-08-30.15:43:47::SCWBifWriter::Device type is : zynq
TRACE::2024-08-30.15:43:47::SCWBifWriter::Writing BIF to file : D:/Programs/Proyecto_3LFCC_Zybo/Vitis_3adc/CLC_3adc_system/Debug/system.bif
TRACE::2024-08-30.15:43:47::SCWBifWriter::Writing the Zynq Baremetal bif 
TRACE::2024-08-30.15:44:55::SCWBifWriter::Found the complete platform D:/Programs/Proyecto_3LFCC_Zybo/Vitis_3adc/3LFCC_3adc_platform/export/3LFCC_3adc_platform/3LFCC_3adc_platform.xpfm
TRACE::2024-08-30.15:44:55::SCWBifWriter::hardware databse : Design_Closed_Loop_wrapper_6
TRACE::2024-08-30.15:44:55::SCWBifWriter::bitstream found in the design
TRACE::2024-08-30.15:44:55::SCWBifWriter::Found a baremetal domain, proc: ps7_cortexa9_0
TRACE::2024-08-30.15:44:55::SCWBifWriter::proc type : 
TRACE::2024-08-30.15:44:55::SCWBifWriter::proc[0] : ps7_cortexa9_0
TRACE::2024-08-30.15:44:55::SCWBifWriter::Device type is : zynq
TRACE::2024-08-30.15:44:55::SCWBifWriter::Writing BIF to file : D:/Programs/Proyecto_3LFCC_Zybo/Vitis_3adc/CLC_3adc_system/Debug/system.bif
TRACE::2024-08-30.15:44:55::SCWBifWriter::Writing the Zynq Baremetal bif 
TRACE::2024-08-30.15:45:10::SCWBifWriter::Found the complete platform D:/Programs/Proyecto_3LFCC_Zybo/Vitis_3adc/3LFCC_3adc_platform/export/3LFCC_3adc_platform/3LFCC_3adc_platform.xpfm
TRACE::2024-08-30.15:45:11::SCWBifWriter::hardware databse : Design_Closed_Loop_wrapper_6
TRACE::2024-08-30.15:45:11::SCWBifWriter::bitstream found in the design
TRACE::2024-08-30.15:45:11::SCWBifWriter::Found a baremetal domain, proc: ps7_cortexa9_0
TRACE::2024-08-30.15:45:11::SCWBifWriter::proc type : 
TRACE::2024-08-30.15:45:11::SCWBifWriter::proc[0] : ps7_cortexa9_0
TRACE::2024-08-30.15:45:11::SCWBifWriter::Device type is : zynq
TRACE::2024-08-30.15:45:11::SCWBifWriter::Writing BIF to file : D:/Programs/Proyecto_3LFCC_Zybo/Vitis_3adc/CLC_3adc_system/Debug/system.bif
TRACE::2024-08-30.15:45:11::SCWBifWriter::Writing the Zynq Baremetal bif 
TRACE::2024-08-30.15:51:01::SCWBifWriter::Found the complete platform D:/Programs/Proyecto_3LFCC_Zybo/Vitis_3adc/3LFCC_3adc_platform/export/3LFCC_3adc_platform/3LFCC_3adc_platform.xpfm
TRACE::2024-08-30.15:51:01::SCWBifWriter::hardware databse : Design_Closed_Loop_wrapper_7
TRACE::2024-08-30.15:51:01::SCWBifWriter::bitstream found in the design
TRACE::2024-08-30.15:51:01::SCWBifWriter::Found a baremetal domain, proc: ps7_cortexa9_0
TRACE::2024-08-30.15:51:01::SCWBifWriter::proc type : 
TRACE::2024-08-30.15:51:01::SCWBifWriter::proc[0] : ps7_cortexa9_0
TRACE::2024-08-30.15:51:01::SCWBifWriter::Device type is : zynq
TRACE::2024-08-30.15:51:01::SCWBifWriter::Writing BIF to file : D:/Programs/Proyecto_3LFCC_Zybo/Vitis_3adc/CLC_3adc_system/Debug/system.bif
TRACE::2024-08-30.15:51:01::SCWBifWriter::Writing the Zynq Baremetal bif 
TRACE::2024-08-30.16:08:21::SCWBifWriter::Found the complete platform D:/Programs/Proyecto_3LFCC_Zybo/Vitis_3adc/3LFCC_3adc_platform/export/3LFCC_3adc_platform/3LFCC_3adc_platform.xpfm
TRACE::2024-08-30.16:08:21::SCWBifWriter::hardware databse : Design_Closed_Loop_wrapper_10
TRACE::2024-08-30.16:08:21::SCWBifWriter::bitstream found in the design
TRACE::2024-08-30.16:08:21::SCWBifWriter::Found a baremetal domain, proc: ps7_cortexa9_0
TRACE::2024-08-30.16:08:21::SCWBifWriter::proc type : 
TRACE::2024-08-30.16:08:21::SCWBifWriter::proc[0] : ps7_cortexa9_0
TRACE::2024-08-30.16:08:21::SCWBifWriter::Device type is : zynq
TRACE::2024-08-30.16:08:21::SCWBifWriter::Writing BIF to file : D:/Programs/Proyecto_3LFCC_Zybo/Vitis_3adc/CLC_3adc_system/Debug/system.bif
TRACE::2024-08-30.16:08:21::SCWBifWriter::Writing the Zynq Baremetal bif 
TRACE::2024-08-30.16:09:04::SCWBifWriter::Found the complete platform D:/Programs/Proyecto_3LFCC_Zybo/Vitis_3adc/3LFCC_3adc_platform/export/3LFCC_3adc_platform/3LFCC_3adc_platform.xpfm
TRACE::2024-08-30.16:09:05::SCWBifWriter::hardware databse : Design_Closed_Loop_wrapper_11
TRACE::2024-08-30.16:09:05::SCWBifWriter::bitstream found in the design
TRACE::2024-08-30.16:09:05::SCWBifWriter::Found a baremetal domain, proc: ps7_cortexa9_0
TRACE::2024-08-30.16:09:05::SCWBifWriter::proc type : 
TRACE::2024-08-30.16:09:05::SCWBifWriter::proc[0] : ps7_cortexa9_0
TRACE::2024-08-30.16:09:05::SCWBifWriter::Device type is : zynq
TRACE::2024-08-30.16:09:05::SCWBifWriter::Writing BIF to file : D:/Programs/Proyecto_3LFCC_Zybo/Vitis_3adc/CLC_3adc_system/Debug/system.bif
TRACE::2024-08-30.16:09:05::SCWBifWriter::Writing the Zynq Baremetal bif 
TRACE::2024-08-30.16:09:20::SCWBifWriter::Found the complete platform D:/Programs/Proyecto_3LFCC_Zybo/Vitis_3adc/3LFCC_3adc_platform/export/3LFCC_3adc_platform/3LFCC_3adc_platform.xpfm
TRACE::2024-08-30.16:09:20::SCWBifWriter::hardware databse : Design_Closed_Loop_wrapper_11
TRACE::2024-08-30.16:09:20::SCWBifWriter::bitstream found in the design
TRACE::2024-08-30.16:09:20::SCWBifWriter::Found a baremetal domain, proc: ps7_cortexa9_0
TRACE::2024-08-30.16:09:20::SCWBifWriter::proc type : 
TRACE::2024-08-30.16:09:20::SCWBifWriter::proc[0] : ps7_cortexa9_0
TRACE::2024-08-30.16:09:20::SCWBifWriter::Device type is : zynq
TRACE::2024-08-30.16:09:20::SCWBifWriter::Writing BIF to file : D:/Programs/Proyecto_3LFCC_Zybo/Vitis_3adc/CLC_3adc_system/Debug/system.bif
TRACE::2024-08-30.16:09:20::SCWBifWriter::Writing the Zynq Baremetal bif 
TRACE::2024-09-04.14:33:58::SCWBifWriter::Found the complete platform D:/Programs/Proyecto_3LFCC_Zybo/Vitis_3adc/3LFCC_3adc_platform/export/3LFCC_3adc_platform/3LFCC_3adc_platform.xpfm
TRACE::2024-09-04.14:33:59::SCWBifWriter::hardware databse : Design_Closed_Loop_wrapper
TRACE::2024-09-04.14:33:59::SCWBifWriter::bitstream found in the design
TRACE::2024-09-04.14:33:59::SCWBifWriter::Found a baremetal domain, proc: ps7_cortexa9_0
TRACE::2024-09-04.14:33:59::SCWBifWriter::proc type : 
TRACE::2024-09-04.14:33:59::SCWBifWriter::proc[0] : ps7_cortexa9_0
TRACE::2024-09-04.14:33:59::SCWBifWriter::Device type is : zynq
TRACE::2024-09-04.14:33:59::SCWBifWriter::Writing BIF to file : D:/Programs/Proyecto_3LFCC_Zybo/Vitis_3adc/CLC_3adc_system/Debug/system.bif
TRACE::2024-09-04.14:33:59::SCWBifWriter::Writing the Zynq Baremetal bif 
TRACE::2024-09-04.14:35:35::SCWBifWriter::Found the complete platform D:/Programs/Proyecto_3LFCC_Zybo/Vitis_3adc/3LFCC_3adc_platform/export/3LFCC_3adc_platform/3LFCC_3adc_platform.xpfm
TRACE::2024-09-04.14:35:36::SCWBifWriter::hardware databse : Design_Closed_Loop_wrapper
TRACE::2024-09-04.14:35:36::SCWBifWriter::bitstream found in the design
TRACE::2024-09-04.14:35:36::SCWBifWriter::Found a baremetal domain, proc: ps7_cortexa9_0
TRACE::2024-09-04.14:35:36::SCWBifWriter::proc type : 
TRACE::2024-09-04.14:35:36::SCWBifWriter::proc[0] : ps7_cortexa9_0
TRACE::2024-09-04.14:35:36::SCWBifWriter::Device type is : zynq
TRACE::2024-09-04.14:35:36::SCWBifWriter::Writing BIF to file : D:/Programs/Proyecto_3LFCC_Zybo/Vitis_3adc/CLC_3adc_system/Debug/system.bif
TRACE::2024-09-04.14:35:36::SCWBifWriter::Writing the Zynq Baremetal bif 
TRACE::2024-09-04.14:38:02::SCWBifWriter::Found the complete platform D:/Programs/Proyecto_3LFCC_Zybo/Vitis_3adc/3LFCC_3adc_platform/export/3LFCC_3adc_platform/3LFCC_3adc_platform.xpfm
TRACE::2024-09-04.14:38:02::SCWBifWriter::hardware databse : Design_Closed_Loop_wrapper_0
TRACE::2024-09-04.14:38:02::SCWBifWriter::bitstream found in the design
TRACE::2024-09-04.14:38:02::SCWBifWriter::Found a baremetal domain, proc: ps7_cortexa9_0
TRACE::2024-09-04.14:38:02::SCWBifWriter::proc type : 
TRACE::2024-09-04.14:38:02::SCWBifWriter::proc[0] : ps7_cortexa9_0
TRACE::2024-09-04.14:38:02::SCWBifWriter::Device type is : zynq
TRACE::2024-09-04.14:38:02::SCWBifWriter::Writing BIF to file : D:/Programs/Proyecto_3LFCC_Zybo/Vitis_3adc/CLC_3adc_system/Debug/system.bif
TRACE::2024-09-04.14:38:02::SCWBifWriter::Writing the Zynq Baremetal bif 
TRACE::2024-09-04.14:41:57::SCWBifWriter::Found the complete platform D:/Programs/Proyecto_3LFCC_Zybo/Vitis_3adc/3LFCC_3adc_platform/export/3LFCC_3adc_platform/3LFCC_3adc_platform.xpfm
TRACE::2024-09-04.14:41:57::SCWBifWriter::hardware databse : Design_Closed_Loop_wrapper_1
TRACE::2024-09-04.14:41:57::SCWBifWriter::bitstream found in the design
TRACE::2024-09-04.14:41:57::SCWBifWriter::Found a baremetal domain, proc: ps7_cortexa9_0
TRACE::2024-09-04.14:41:57::SCWBifWriter::proc type : 
TRACE::2024-09-04.14:41:57::SCWBifWriter::proc[0] : ps7_cortexa9_0
TRACE::2024-09-04.14:41:57::SCWBifWriter::Device type is : zynq
TRACE::2024-09-04.14:41:57::SCWBifWriter::Writing BIF to file : D:/Programs/Proyecto_3LFCC_Zybo/Vitis_3adc/CLC_3adc_system/Debug/system.bif
TRACE::2024-09-04.14:41:57::SCWBifWriter::Writing the Zynq Baremetal bif 
TRACE::2024-09-04.14:57:47::SCWBifWriter::Found the complete platform D:/Programs/Proyecto_3LFCC_Zybo/Vitis_3adc/3LFCC_3adc_platform/export/3LFCC_3adc_platform/3LFCC_3adc_platform.xpfm
TRACE::2024-09-04.14:57:48::SCWBifWriter::hardware databse : Design_Closed_Loop_wrapper_2
TRACE::2024-09-04.14:57:48::SCWBifWriter::bitstream found in the design
TRACE::2024-09-04.14:57:48::SCWBifWriter::Found a baremetal domain, proc: ps7_cortexa9_0
TRACE::2024-09-04.14:57:48::SCWBifWriter::proc type : 
TRACE::2024-09-04.14:57:48::SCWBifWriter::proc[0] : ps7_cortexa9_0
TRACE::2024-09-04.14:57:48::SCWBifWriter::Device type is : zynq
TRACE::2024-09-04.14:57:48::SCWBifWriter::Writing BIF to file : D:/Programs/Proyecto_3LFCC_Zybo/Vitis_3adc/CLC_3adc_system/Debug/system.bif
TRACE::2024-09-04.14:57:48::SCWBifWriter::Writing the Zynq Baremetal bif 
TRACE::2024-09-04.15:26:53::SCWBifWriter::Found the complete platform D:/Programs/Proyecto_3LFCC_Zybo/Vitis_3adc/3LFCC_3adc_platform/export/3LFCC_3adc_platform/3LFCC_3adc_platform.xpfm
TRACE::2024-09-04.15:26:53::SCWBifWriter::hardware databse : Design_Closed_Loop_wrapper_3
TRACE::2024-09-04.15:26:54::SCWBifWriter::bitstream found in the design
TRACE::2024-09-04.15:26:54::SCWBifWriter::Found a baremetal domain, proc: ps7_cortexa9_0
TRACE::2024-09-04.15:26:54::SCWBifWriter::proc type : 
TRACE::2024-09-04.15:26:54::SCWBifWriter::proc[0] : ps7_cortexa9_0
TRACE::2024-09-04.15:26:54::SCWBifWriter::Device type is : zynq
TRACE::2024-09-04.15:26:54::SCWBifWriter::Writing BIF to file : D:/Programs/Proyecto_3LFCC_Zybo/Vitis_3adc/CLC_3adc_system/Debug/system.bif
TRACE::2024-09-04.15:26:54::SCWBifWriter::Writing the Zynq Baremetal bif 
TRACE::2024-09-04.15:58:39::SCWBifWriter::Found the complete platform D:/Programs/Proyecto_3LFCC_Zybo/Vitis_3adc/3LFCC_3adc_platform/export/3LFCC_3adc_platform/3LFCC_3adc_platform.xpfm
TRACE::2024-09-04.15:58:39::SCWBifWriter::hardware databse : Design_Closed_Loop_wrapper_4
TRACE::2024-09-04.15:58:39::SCWBifWriter::bitstream found in the design
TRACE::2024-09-04.15:58:39::SCWBifWriter::Found a baremetal domain, proc: ps7_cortexa9_0
TRACE::2024-09-04.15:58:39::SCWBifWriter::proc type : 
TRACE::2024-09-04.15:58:39::SCWBifWriter::proc[0] : ps7_cortexa9_0
TRACE::2024-09-04.15:58:39::SCWBifWriter::Device type is : zynq
TRACE::2024-09-04.15:58:39::SCWBifWriter::Writing BIF to file : D:/Programs/Proyecto_3LFCC_Zybo/Vitis_3adc/CLC_3adc_system/Debug/system.bif
TRACE::2024-09-04.15:58:39::SCWBifWriter::Writing the Zynq Baremetal bif 
TRACE::2024-09-04.16:06:01::SCWBifWriter::Found the complete platform D:/Programs/Proyecto_3LFCC_Zybo/Vitis_3adc/3LFCC_3adc_platform/export/3LFCC_3adc_platform/3LFCC_3adc_platform.xpfm
TRACE::2024-09-04.16:06:01::SCWBifWriter::hardware databse : Design_Closed_Loop_wrapper_5
TRACE::2024-09-04.16:06:01::SCWBifWriter::bitstream found in the design
TRACE::2024-09-04.16:06:01::SCWBifWriter::Found a baremetal domain, proc: ps7_cortexa9_0
TRACE::2024-09-04.16:06:01::SCWBifWriter::proc type : 
TRACE::2024-09-04.16:06:01::SCWBifWriter::proc[0] : ps7_cortexa9_0
TRACE::2024-09-04.16:06:01::SCWBifWriter::Device type is : zynq
TRACE::2024-09-04.16:06:01::SCWBifWriter::Writing BIF to file : D:/Programs/Proyecto_3LFCC_Zybo/Vitis_3adc/CLC_3adc_system/Debug/system.bif
TRACE::2024-09-04.16:06:02::SCWBifWriter::Writing the Zynq Baremetal bif 
TRACE::2024-09-04.16:35:38::SCWBifWriter::Found the complete platform D:/Programs/Proyecto_3LFCC_Zybo/Vitis_3adc/3LFCC_3adc_platform/export/3LFCC_3adc_platform/3LFCC_3adc_platform.xpfm
TRACE::2024-09-04.16:35:39::SCWBifWriter::hardware databse : Design_Closed_Loop_wrapper_6
TRACE::2024-09-04.16:35:39::SCWBifWriter::bitstream found in the design
TRACE::2024-09-04.16:35:39::SCWBifWriter::Found a baremetal domain, proc: ps7_cortexa9_0
TRACE::2024-09-04.16:35:39::SCWBifWriter::proc type : 
TRACE::2024-09-04.16:35:39::SCWBifWriter::proc[0] : ps7_cortexa9_0
TRACE::2024-09-04.16:35:39::SCWBifWriter::Device type is : zynq
TRACE::2024-09-04.16:35:39::SCWBifWriter::Writing BIF to file : D:/Programs/Proyecto_3LFCC_Zybo/Vitis_3adc/CLC_3adc_system/Debug/system.bif
TRACE::2024-09-04.16:35:39::SCWBifWriter::Writing the Zynq Baremetal bif 
TRACE::2024-09-05.11:53:48::SCWBifWriter::Found the complete platform D:/Programs/Proyecto_3LFCC_Zybo/Vitis_3adc/3LFCC_3adc_platform/export/3LFCC_3adc_platform/3LFCC_3adc_platform.xpfm
TRACE::2024-09-05.11:53:49::SCWBifWriter::hardware databse : Design_Closed_Loop_wrapper
TRACE::2024-09-05.11:53:49::SCWBifWriter::bitstream found in the design
TRACE::2024-09-05.11:53:49::SCWBifWriter::Found a baremetal domain, proc: ps7_cortexa9_0
TRACE::2024-09-05.11:53:49::SCWBifWriter::proc type : 
TRACE::2024-09-05.11:53:49::SCWBifWriter::proc[0] : ps7_cortexa9_0
TRACE::2024-09-05.11:53:49::SCWBifWriter::Device type is : zynq
TRACE::2024-09-05.11:53:49::SCWBifWriter::Writing BIF to file : D:/Programs/Proyecto_3LFCC_Zybo/Vitis_3adc/CLC_3adc_system/Debug/system.bif
TRACE::2024-09-05.11:53:49::SCWBifWriter::Writing the Zynq Baremetal bif 
TRACE::2024-09-05.14:33:58::SCWBifWriter::Found the complete platform D:/Programs/Proyecto_3LFCC_Zybo/Vitis_3adc/3LFCC_3adc_platform/export/3LFCC_3adc_platform/3LFCC_3adc_platform.xpfm
TRACE::2024-09-05.14:33:58::SCWBifWriter::hardware databse : Design_Closed_Loop_wrapper
TRACE::2024-09-05.14:33:58::SCWBifWriter::bitstream found in the design
TRACE::2024-09-05.14:33:58::SCWBifWriter::Found a baremetal domain, proc: ps7_cortexa9_0
TRACE::2024-09-05.14:33:58::SCWBifWriter::proc type : 
TRACE::2024-09-05.14:33:58::SCWBifWriter::proc[0] : ps7_cortexa9_0
TRACE::2024-09-05.14:33:58::SCWBifWriter::Device type is : zynq
TRACE::2024-09-05.14:33:58::SCWBifWriter::Writing BIF to file : D:/Programs/Proyecto_3LFCC_Zybo/Vitis_3adc/CLC_3adc_system/Debug/system.bif
TRACE::2024-09-05.14:33:58::SCWBifWriter::Writing the Zynq Baremetal bif 
TRACE::2024-09-05.14:36:09::SCWBifWriter::Found the complete platform D:/Programs/Proyecto_3LFCC_Zybo/Vitis_3adc/3LFCC_3adc_platform/export/3LFCC_3adc_platform/3LFCC_3adc_platform.xpfm
TRACE::2024-09-05.14:36:10::SCWBifWriter::hardware databse : Design_Closed_Loop_wrapper
TRACE::2024-09-05.14:36:10::SCWBifWriter::bitstream found in the design
TRACE::2024-09-05.14:36:10::SCWBifWriter::Found a baremetal domain, proc: ps7_cortexa9_0
TRACE::2024-09-05.14:36:10::SCWBifWriter::proc type : 
TRACE::2024-09-05.14:36:10::SCWBifWriter::proc[0] : ps7_cortexa9_0
TRACE::2024-09-05.14:36:10::SCWBifWriter::Device type is : zynq
TRACE::2024-09-05.14:36:10::SCWBifWriter::Writing BIF to file : D:/Programs/Proyecto_3LFCC_Zybo/Vitis_3adc/CLC_3adc_system/Debug/system.bif
TRACE::2024-09-05.14:36:10::SCWBifWriter::Writing the Zynq Baremetal bif 
TRACE::2024-09-05.14:38:31::SCWBifWriter::Found the complete platform D:/Programs/Proyecto_3LFCC_Zybo/Vitis_3adc/3LFCC_3adc_platform/export/3LFCC_3adc_platform/3LFCC_3adc_platform.xpfm
TRACE::2024-09-05.14:38:31::SCWBifWriter::hardware databse : Design_Closed_Loop_wrapper
TRACE::2024-09-05.14:38:31::SCWBifWriter::bitstream found in the design
TRACE::2024-09-05.14:38:31::SCWBifWriter::Found a baremetal domain, proc: ps7_cortexa9_0
TRACE::2024-09-05.14:38:31::SCWBifWriter::proc type : 
TRACE::2024-09-05.14:38:31::SCWBifWriter::proc[0] : ps7_cortexa9_0
TRACE::2024-09-05.14:38:31::SCWBifWriter::Device type is : zynq
TRACE::2024-09-05.14:38:31::SCWBifWriter::Writing BIF to file : D:/Programs/Proyecto_3LFCC_Zybo/Vitis_3adc/CLC_3adc_system/Debug/system.bif
TRACE::2024-09-05.14:38:31::SCWBifWriter::Writing the Zynq Baremetal bif 
TRACE::2024-09-05.15:37:35::SCWBifWriter::Found the complete platform D:/Programs/Proyecto_3LFCC_Zybo/Vitis_3adc/3LFCC_3adc_platform/export/3LFCC_3adc_platform/3LFCC_3adc_platform.xpfm
TRACE::2024-09-05.15:37:36::SCWBifWriter::hardware databse : Design_Closed_Loop_wrapper_0
TRACE::2024-09-05.15:37:36::SCWBifWriter::bitstream found in the design
TRACE::2024-09-05.15:37:36::SCWBifWriter::Found a baremetal domain, proc: ps7_cortexa9_0
TRACE::2024-09-05.15:37:36::SCWBifWriter::proc type : 
TRACE::2024-09-05.15:37:36::SCWBifWriter::proc[0] : ps7_cortexa9_0
TRACE::2024-09-05.15:37:36::SCWBifWriter::Device type is : zynq
TRACE::2024-09-05.15:37:36::SCWBifWriter::Writing BIF to file : D:/Programs/Proyecto_3LFCC_Zybo/Vitis_3adc/CLC_3adc_system/Debug/system.bif
TRACE::2024-09-05.15:37:36::SCWBifWriter::Writing the Zynq Baremetal bif 
TRACE::2024-09-05.15:56:27::SCWBifWriter::Found the complete platform D:/Programs/Proyecto_3LFCC_Zybo/Vitis_3adc/3LFCC_3adc_platform/export/3LFCC_3adc_platform/3LFCC_3adc_platform.xpfm
TRACE::2024-09-05.15:56:28::SCWBifWriter::hardware databse : Design_Closed_Loop_wrapper_3
TRACE::2024-09-05.15:56:28::SCWBifWriter::bitstream found in the design
TRACE::2024-09-05.15:56:28::SCWBifWriter::Found a baremetal domain, proc: ps7_cortexa9_0
TRACE::2024-09-05.15:56:28::SCWBifWriter::proc type : 
TRACE::2024-09-05.15:56:28::SCWBifWriter::proc[0] : ps7_cortexa9_0
TRACE::2024-09-05.15:56:28::SCWBifWriter::Device type is : zynq
TRACE::2024-09-05.15:56:28::SCWBifWriter::Writing BIF to file : D:/Programs/Proyecto_3LFCC_Zybo/Vitis_3adc/CLC_3adc_system/Debug/system.bif
TRACE::2024-09-05.15:56:28::SCWBifWriter::Writing the Zynq Baremetal bif 
TRACE::2024-09-05.15:57:32::SCWBifWriter::Found the complete platform D:/Programs/Proyecto_3LFCC_Zybo/Vitis_3adc/3LFCC_3adc_platform/export/3LFCC_3adc_platform/3LFCC_3adc_platform.xpfm
TRACE::2024-09-05.15:57:32::SCWBifWriter::hardware databse : Design_Closed_Loop_wrapper_4
TRACE::2024-09-05.15:57:32::SCWBifWriter::bitstream found in the design
TRACE::2024-09-05.15:57:32::SCWBifWriter::Found a baremetal domain, proc: ps7_cortexa9_0
TRACE::2024-09-05.15:57:32::SCWBifWriter::proc type : 
TRACE::2024-09-05.15:57:32::SCWBifWriter::proc[0] : ps7_cortexa9_0
TRACE::2024-09-05.15:57:32::SCWBifWriter::Device type is : zynq
TRACE::2024-09-05.15:57:32::SCWBifWriter::Writing BIF to file : D:/Programs/Proyecto_3LFCC_Zybo/Vitis_3adc/CLC_3adc_system/Debug/system.bif
TRACE::2024-09-05.15:57:32::SCWBifWriter::Writing the Zynq Baremetal bif 
TRACE::2024-09-05.16:12:41::SCWBifWriter::Found the complete platform D:/Programs/Proyecto_3LFCC_Zybo/Vitis_3adc/3LFCC_3adc_platform/export/3LFCC_3adc_platform/3LFCC_3adc_platform.xpfm
TRACE::2024-09-05.16:12:41::SCWBifWriter::hardware databse : Design_Closed_Loop_wrapper_4
TRACE::2024-09-05.16:12:41::SCWBifWriter::bitstream found in the design
TRACE::2024-09-05.16:12:41::SCWBifWriter::Found a baremetal domain, proc: ps7_cortexa9_0
TRACE::2024-09-05.16:12:41::SCWBifWriter::proc type : 
TRACE::2024-09-05.16:12:41::SCWBifWriter::proc[0] : ps7_cortexa9_0
TRACE::2024-09-05.16:12:41::SCWBifWriter::Device type is : zynq
TRACE::2024-09-05.16:12:41::SCWBifWriter::Writing BIF to file : D:/Programs/Proyecto_3LFCC_Zybo/Vitis_3adc/CLC_3adc_system/Debug/system.bif
TRACE::2024-09-05.16:12:41::SCWBifWriter::Writing the Zynq Baremetal bif 
TRACE::2024-09-05.16:31:41::SCWBifWriter::Found the complete platform D:/Programs/Proyecto_3LFCC_Zybo/Vitis_3adc/3LFCC_3adc_platform/export/3LFCC_3adc_platform/3LFCC_3adc_platform.xpfm
TRACE::2024-09-05.16:31:41::SCWBifWriter::hardware databse : Design_Closed_Loop_wrapper_5
TRACE::2024-09-05.16:31:41::SCWBifWriter::bitstream found in the design
TRACE::2024-09-05.16:31:41::SCWBifWriter::Found a baremetal domain, proc: ps7_cortexa9_0
TRACE::2024-09-05.16:31:41::SCWBifWriter::proc type : 
TRACE::2024-09-05.16:31:41::SCWBifWriter::proc[0] : ps7_cortexa9_0
TRACE::2024-09-05.16:31:42::SCWBifWriter::Device type is : zynq
TRACE::2024-09-05.16:31:42::SCWBifWriter::Writing BIF to file : D:/Programs/Proyecto_3LFCC_Zybo/Vitis_3adc/CLC_3adc_system/Debug/system.bif
TRACE::2024-09-05.16:31:42::SCWBifWriter::Writing the Zynq Baremetal bif 
TRACE::2024-09-09.16:14:57::SCWBifWriter::Found the complete platform D:/Programs/Proyecto_3LFCC_Zybo/Vitis_3adc/3LFCC_3adc_platform/export/3LFCC_3adc_platform/3LFCC_3adc_platform.xpfm
TRACE::2024-09-09.16:14:57::SCWBifWriter::hardware databse : Design_Closed_Loop_wrapper
TRACE::2024-09-09.16:14:57::SCWBifWriter::bitstream found in the design
TRACE::2024-09-09.16:14:57::SCWBifWriter::Found a baremetal domain, proc: ps7_cortexa9_0
TRACE::2024-09-09.16:14:57::SCWBifWriter::proc type : 
TRACE::2024-09-09.16:14:57::SCWBifWriter::proc[0] : ps7_cortexa9_0
TRACE::2024-09-09.16:14:57::SCWBifWriter::Device type is : zynq
TRACE::2024-09-09.16:14:57::SCWBifWriter::Writing BIF to file : D:/Programs/Proyecto_3LFCC_Zybo/Vitis_3adc/CLC_3adc_system/Debug/system.bif
TRACE::2024-09-09.16:14:57::SCWBifWriter::Writing the Zynq Baremetal bif 
TRACE::2024-09-09.16:17:21::SCWBifWriter::Found the complete platform D:/Programs/Proyecto_3LFCC_Zybo/Vitis_3adc/3LFCC_3adc_platform/export/3LFCC_3adc_platform/3LFCC_3adc_platform.xpfm
TRACE::2024-09-09.16:17:21::SCWBifWriter::hardware databse : Design_Closed_Loop_wrapper_0
TRACE::2024-09-09.16:17:21::SCWBifWriter::bitstream found in the design
TRACE::2024-09-09.16:17:21::SCWBifWriter::Found a baremetal domain, proc: ps7_cortexa9_0
TRACE::2024-09-09.16:17:21::SCWBifWriter::proc type : 
TRACE::2024-09-09.16:17:21::SCWBifWriter::proc[0] : ps7_cortexa9_0
TRACE::2024-09-09.16:17:21::SCWBifWriter::Device type is : zynq
TRACE::2024-09-09.16:17:21::SCWBifWriter::Writing BIF to file : D:/Programs/Proyecto_3LFCC_Zybo/Vitis_3adc/CLC_3adc_system/Debug/system.bif
TRACE::2024-09-09.16:17:21::SCWBifWriter::Writing the Zynq Baremetal bif 
TRACE::2024-09-09.16:17:37::SCWBifWriter::Found the complete platform D:/Programs/Proyecto_3LFCC_Zybo/Vitis_3adc/3LFCC_3adc_platform/export/3LFCC_3adc_platform/3LFCC_3adc_platform.xpfm
TRACE::2024-09-09.16:17:37::SCWBifWriter::hardware databse : Design_Closed_Loop_wrapper_0
TRACE::2024-09-09.16:17:37::SCWBifWriter::bitstream found in the design
TRACE::2024-09-09.16:17:37::SCWBifWriter::Found a baremetal domain, proc: ps7_cortexa9_0
TRACE::2024-09-09.16:17:37::SCWBifWriter::proc type : 
TRACE::2024-09-09.16:17:37::SCWBifWriter::proc[0] : ps7_cortexa9_0
TRACE::2024-09-09.16:17:37::SCWBifWriter::Device type is : zynq
TRACE::2024-09-09.16:17:37::SCWBifWriter::Writing BIF to file : D:/Programs/Proyecto_3LFCC_Zybo/Vitis_3adc/CLC_3adc_system/Debug/system.bif
TRACE::2024-09-09.16:17:37::SCWBifWriter::Writing the Zynq Baremetal bif 
TRACE::2024-09-09.16:17:55::SCWBifWriter::Found the complete platform D:/Programs/Proyecto_3LFCC_Zybo/Vitis_3adc/3LFCC_3adc_platform/export/3LFCC_3adc_platform/3LFCC_3adc_platform.xpfm
TRACE::2024-09-09.16:17:55::SCWBifWriter::hardware databse : Design_Closed_Loop_wrapper_0
TRACE::2024-09-09.16:17:55::SCWBifWriter::bitstream found in the design
TRACE::2024-09-09.16:17:55::SCWBifWriter::Found a baremetal domain, proc: ps7_cortexa9_0
TRACE::2024-09-09.16:17:55::SCWBifWriter::proc type : 
TRACE::2024-09-09.16:17:55::SCWBifWriter::proc[0] : ps7_cortexa9_0
TRACE::2024-09-09.16:17:55::SCWBifWriter::Device type is : zynq
TRACE::2024-09-09.16:17:55::SCWBifWriter::Writing BIF to file : D:/Programs/Proyecto_3LFCC_Zybo/Vitis_3adc/CLC_3adc_system/Debug/system.bif
TRACE::2024-09-09.16:17:55::SCWBifWriter::Writing the Zynq Baremetal bif 
TRACE::2024-09-09.16:19:39::SCWBifWriter::Found the complete platform D:/Programs/Proyecto_3LFCC_Zybo/Vitis_3adc/3LFCC_3adc_platform/export/3LFCC_3adc_platform/3LFCC_3adc_platform.xpfm
TRACE::2024-09-09.16:19:39::SCWBifWriter::hardware databse : Design_Closed_Loop_wrapper_1
TRACE::2024-09-09.16:19:39::SCWBifWriter::bitstream found in the design
TRACE::2024-09-09.16:19:39::SCWBifWriter::Found a baremetal domain, proc: ps7_cortexa9_0
TRACE::2024-09-09.16:19:39::SCWBifWriter::proc type : 
TRACE::2024-09-09.16:19:39::SCWBifWriter::proc[0] : ps7_cortexa9_0
TRACE::2024-09-09.16:19:39::SCWBifWriter::Device type is : zynq
TRACE::2024-09-09.16:19:39::SCWBifWriter::Writing BIF to file : D:/Programs/Proyecto_3LFCC_Zybo/Vitis_3adc/CLC_3adc_system/Debug/system.bif
TRACE::2024-09-09.16:19:39::SCWBifWriter::Writing the Zynq Baremetal bif 
TRACE::2024-09-09.16:19:53::SCWBifWriter::Found the complete platform D:/Programs/Proyecto_3LFCC_Zybo/Vitis_3adc/3LFCC_3adc_platform/export/3LFCC_3adc_platform/3LFCC_3adc_platform.xpfm
TRACE::2024-09-09.16:19:53::SCWBifWriter::hardware databse : Design_Closed_Loop_wrapper_1
TRACE::2024-09-09.16:19:53::SCWBifWriter::bitstream found in the design
TRACE::2024-09-09.16:19:53::SCWBifWriter::Found a baremetal domain, proc: ps7_cortexa9_0
TRACE::2024-09-09.16:19:53::SCWBifWriter::proc type : 
TRACE::2024-09-09.16:19:53::SCWBifWriter::proc[0] : ps7_cortexa9_0
TRACE::2024-09-09.16:19:53::SCWBifWriter::Device type is : zynq
TRACE::2024-09-09.16:19:53::SCWBifWriter::Writing BIF to file : D:/Programs/Proyecto_3LFCC_Zybo/Vitis_3adc/CLC_3adc_system/Debug/system.bif
TRACE::2024-09-09.16:19:53::SCWBifWriter::Writing the Zynq Baremetal bif 
TRACE::2024-09-09.16:22:04::SCWBifWriter::Found the complete platform D:/Programs/Proyecto_3LFCC_Zybo/Vitis_3adc/3LFCC_3adc_platform/export/3LFCC_3adc_platform/3LFCC_3adc_platform.xpfm
TRACE::2024-09-09.16:22:04::SCWBifWriter::hardware databse : Design_Closed_Loop_wrapper_2
TRACE::2024-09-09.16:22:04::SCWBifWriter::bitstream found in the design
TRACE::2024-09-09.16:22:04::SCWBifWriter::Found a baremetal domain, proc: ps7_cortexa9_0
TRACE::2024-09-09.16:22:04::SCWBifWriter::proc type : 
TRACE::2024-09-09.16:22:04::SCWBifWriter::proc[0] : ps7_cortexa9_0
TRACE::2024-09-09.16:22:04::SCWBifWriter::Device type is : zynq
TRACE::2024-09-09.16:22:04::SCWBifWriter::Writing BIF to file : D:/Programs/Proyecto_3LFCC_Zybo/Vitis_3adc/CLC_3adc_system/Debug/system.bif
TRACE::2024-09-09.16:22:04::SCWBifWriter::Writing the Zynq Baremetal bif 
TRACE::2024-09-09.16:23:21::SCWBifWriter::Found the complete platform D:/Programs/Proyecto_3LFCC_Zybo/Vitis_3adc/3LFCC_3adc_platform/export/3LFCC_3adc_platform/3LFCC_3adc_platform.xpfm
TRACE::2024-09-09.16:23:21::SCWBifWriter::hardware databse : Design_Closed_Loop_wrapper_3
TRACE::2024-09-09.16:23:21::SCWBifWriter::bitstream found in the design
TRACE::2024-09-09.16:23:21::SCWBifWriter::Found a baremetal domain, proc: ps7_cortexa9_0
TRACE::2024-09-09.16:23:21::SCWBifWriter::proc type : 
TRACE::2024-09-09.16:23:21::SCWBifWriter::proc[0] : ps7_cortexa9_0
TRACE::2024-09-09.16:23:21::SCWBifWriter::Device type is : zynq
TRACE::2024-09-09.16:23:21::SCWBifWriter::Writing BIF to file : D:/Programs/Proyecto_3LFCC_Zybo/Vitis_3adc/CLC_3adc_system/Debug/system.bif
TRACE::2024-09-09.16:23:21::SCWBifWriter::Writing the Zynq Baremetal bif 
TRACE::2024-09-11.15:38:28::SCWBifWriter::Found the complete platform D:/Programs/Proyecto_3LFCC_Zybo/Vitis_3adc/3LFCC_3adc_platform/export/3LFCC_3adc_platform/3LFCC_3adc_platform.xpfm
TRACE::2024-09-11.15:38:28::SCWBifWriter::hardware databse : Design_Closed_Loop_wrapper
TRACE::2024-09-11.15:38:28::SCWBifWriter::bitstream found in the design
TRACE::2024-09-11.15:38:28::SCWBifWriter::Found a baremetal domain, proc: ps7_cortexa9_0
TRACE::2024-09-11.15:38:28::SCWBifWriter::proc type : 
TRACE::2024-09-11.15:38:28::SCWBifWriter::proc[0] : ps7_cortexa9_0
TRACE::2024-09-11.15:38:28::SCWBifWriter::Device type is : zynq
TRACE::2024-09-11.15:38:28::SCWBifWriter::Writing BIF to file : D:/Programs/Proyecto_3LFCC_Zybo/Vitis_3adc/CLC_3adc_system/Debug/system.bif
TRACE::2024-09-11.15:38:28::SCWBifWriter::Writing the Zynq Baremetal bif 
TRACE::2024-09-11.15:52:07::SCWBifWriter::Found the complete platform D:/Programs/Proyecto_3LFCC_Zybo/Vitis_3adc/3LFCC_3adc_platform/export/3LFCC_3adc_platform/3LFCC_3adc_platform.xpfm
TRACE::2024-09-11.15:52:07::SCWBifWriter::hardware databse : Design_Closed_Loop_wrapper
TRACE::2024-09-11.15:52:07::SCWBifWriter::bitstream found in the design
TRACE::2024-09-11.15:52:07::SCWBifWriter::Found a baremetal domain, proc: ps7_cortexa9_0
TRACE::2024-09-11.15:52:07::SCWBifWriter::proc type : 
TRACE::2024-09-11.15:52:07::SCWBifWriter::proc[0] : ps7_cortexa9_0
TRACE::2024-09-11.15:52:07::SCWBifWriter::Device type is : zynq
TRACE::2024-09-11.15:52:07::SCWBifWriter::Writing BIF to file : D:/Programs/Proyecto_3LFCC_Zybo/Vitis_3adc/CLC_3adc_system/Debug/system.bif
TRACE::2024-09-11.15:52:07::SCWBifWriter::Writing the Zynq Baremetal bif 
TRACE::2024-09-11.15:52:34::SCWBifWriter::Found the complete platform D:/Programs/Proyecto_3LFCC_Zybo/Vitis_3adc/3LFCC_3adc_platform/export/3LFCC_3adc_platform/3LFCC_3adc_platform.xpfm
TRACE::2024-09-11.15:52:35::SCWBifWriter::hardware databse : Design_Closed_Loop_wrapper
TRACE::2024-09-11.15:52:35::SCWBifWriter::bitstream found in the design
TRACE::2024-09-11.15:52:35::SCWBifWriter::Found a baremetal domain, proc: ps7_cortexa9_0
TRACE::2024-09-11.15:52:35::SCWBifWriter::proc type : 
TRACE::2024-09-11.15:52:35::SCWBifWriter::proc[0] : ps7_cortexa9_0
TRACE::2024-09-11.15:52:35::SCWBifWriter::Device type is : zynq
TRACE::2024-09-11.15:52:35::SCWBifWriter::Writing BIF to file : D:/Programs/Proyecto_3LFCC_Zybo/Vitis_3adc/CLC_3adc_system/Debug/system.bif
TRACE::2024-09-11.15:52:35::SCWBifWriter::Writing the Zynq Baremetal bif 
TRACE::2024-09-12.15:04:44::SCWBifWriter::Found the complete platform D:/Programs/Proyecto_3LFCC_Zybo/Vitis_3adc/3LFCC_3adc_platform/export/3LFCC_3adc_platform/3LFCC_3adc_platform.xpfm
TRACE::2024-09-12.15:04:46::SCWBifWriter::hardware databse : Design_Closed_Loop_wrapper
TRACE::2024-09-12.15:04:46::SCWBifWriter::bitstream found in the design
TRACE::2024-09-12.15:04:46::SCWBifWriter::Found a baremetal domain, proc: ps7_cortexa9_0
TRACE::2024-09-12.15:04:46::SCWBifWriter::proc type : 
TRACE::2024-09-12.15:04:46::SCWBifWriter::proc[0] : ps7_cortexa9_0
TRACE::2024-09-12.15:04:46::SCWBifWriter::Device type is : zynq
TRACE::2024-09-12.15:04:46::SCWBifWriter::Writing BIF to file : D:/Programs/Proyecto_3LFCC_Zybo/Vitis_3adc/CLC_3adc_system/Debug/system.bif
TRACE::2024-09-12.15:04:46::SCWBifWriter::Writing the Zynq Baremetal bif 
TRACE::2024-09-12.15:05:06::SCWBifWriter::Found the complete platform D:/Programs/Proyecto_3LFCC_Zybo/Vitis_3adc/3LFCC_3adc_platform/export/3LFCC_3adc_platform/3LFCC_3adc_platform.xpfm
TRACE::2024-09-12.15:05:06::SCWBifWriter::hardware databse : Design_Closed_Loop_wrapper
TRACE::2024-09-12.15:05:06::SCWBifWriter::bitstream found in the design
TRACE::2024-09-12.15:05:06::SCWBifWriter::Found a baremetal domain, proc: ps7_cortexa9_0
TRACE::2024-09-12.15:05:06::SCWBifWriter::proc type : 
TRACE::2024-09-12.15:05:06::SCWBifWriter::proc[0] : ps7_cortexa9_0
TRACE::2024-09-12.15:05:06::SCWBifWriter::Device type is : zynq
TRACE::2024-09-12.15:05:06::SCWBifWriter::Writing BIF to file : D:/Programs/Proyecto_3LFCC_Zybo/Vitis_3adc/CLC_3adc_system/Debug/system.bif
TRACE::2024-09-12.15:05:06::SCWBifWriter::Writing the Zynq Baremetal bif 
TRACE::2024-09-13.12:14:58::SCWBifWriter::Found the complete platform D:/Programs/Proyecto_3LFCC_Zybo/Vitis_3adc/3LFCC_3adc_platform/export/3LFCC_3adc_platform/3LFCC_3adc_platform.xpfm
TRACE::2024-09-13.12:14:58::SCWBifWriter::hardware databse : Design_Closed_Loop_wrapper
TRACE::2024-09-13.12:14:58::SCWBifWriter::bitstream found in the design
TRACE::2024-09-13.12:14:58::SCWBifWriter::Found a baremetal domain, proc: ps7_cortexa9_0
TRACE::2024-09-13.12:14:58::SCWBifWriter::proc type : 
TRACE::2024-09-13.12:14:58::SCWBifWriter::proc[0] : ps7_cortexa9_0
TRACE::2024-09-13.12:14:58::SCWBifWriter::Device type is : zynq
TRACE::2024-09-13.12:14:58::SCWBifWriter::Writing BIF to file : D:/Programs/Proyecto_3LFCC_Zybo/Vitis_3adc/CLC_3adc_system/Debug/system.bif
TRACE::2024-09-13.12:14:58::SCWBifWriter::Writing the Zynq Baremetal bif 
TRACE::2024-09-13.12:15:15::SCWBifWriter::Found the complete platform D:/Programs/Proyecto_3LFCC_Zybo/Vitis_3adc/3LFCC_3adc_platform/export/3LFCC_3adc_platform/3LFCC_3adc_platform.xpfm
TRACE::2024-09-13.12:15:15::SCWBifWriter::hardware databse : Design_Closed_Loop_wrapper
TRACE::2024-09-13.12:15:15::SCWBifWriter::bitstream found in the design
TRACE::2024-09-13.12:15:15::SCWBifWriter::Found a baremetal domain, proc: ps7_cortexa9_0
TRACE::2024-09-13.12:15:15::SCWBifWriter::proc type : 
TRACE::2024-09-13.12:15:15::SCWBifWriter::proc[0] : ps7_cortexa9_0
TRACE::2024-09-13.12:15:15::SCWBifWriter::Device type is : zynq
TRACE::2024-09-13.12:15:15::SCWBifWriter::Writing BIF to file : D:/Programs/Proyecto_3LFCC_Zybo/Vitis_3adc/CLC_3adc_system/Debug/system.bif
TRACE::2024-09-13.12:15:15::SCWBifWriter::Writing the Zynq Baremetal bif 
TRACE::2024-09-13.12:35:35::SCWBifWriter::Found the complete platform D:/Programs/Proyecto_3LFCC_Zybo/Vitis_3adc/3LFCC_3adc_platform/export/3LFCC_3adc_platform/3LFCC_3adc_platform.xpfm
TRACE::2024-09-13.12:35:35::SCWBifWriter::hardware databse : Design_Closed_Loop_wrapper_0
TRACE::2024-09-13.12:35:35::SCWBifWriter::bitstream found in the design
TRACE::2024-09-13.12:35:35::SCWBifWriter::Found a baremetal domain, proc: ps7_cortexa9_0
TRACE::2024-09-13.12:35:35::SCWBifWriter::proc type : 
TRACE::2024-09-13.12:35:35::SCWBifWriter::proc[0] : ps7_cortexa9_0
TRACE::2024-09-13.12:35:35::SCWBifWriter::Device type is : zynq
TRACE::2024-09-13.12:35:35::SCWBifWriter::Writing BIF to file : D:/Programs/Proyecto_3LFCC_Zybo/Vitis_3adc/CLC_3adc_system/Debug/system.bif
TRACE::2024-09-13.12:35:35::SCWBifWriter::Writing the Zynq Baremetal bif 
TRACE::2024-09-13.12:38:28::SCWBifWriter::Found the complete platform D:/Programs/Proyecto_3LFCC_Zybo/Vitis_3adc/3LFCC_3adc_platform/export/3LFCC_3adc_platform/3LFCC_3adc_platform.xpfm
TRACE::2024-09-13.12:38:28::SCWBifWriter::hardware databse : Design_Closed_Loop_wrapper_1
TRACE::2024-09-13.12:38:28::SCWBifWriter::bitstream found in the design
TRACE::2024-09-13.12:38:28::SCWBifWriter::Found a baremetal domain, proc: ps7_cortexa9_0
TRACE::2024-09-13.12:38:28::SCWBifWriter::proc type : 
TRACE::2024-09-13.12:38:28::SCWBifWriter::proc[0] : ps7_cortexa9_0
TRACE::2024-09-13.12:38:28::SCWBifWriter::Device type is : zynq
TRACE::2024-09-13.12:38:28::SCWBifWriter::Writing BIF to file : D:/Programs/Proyecto_3LFCC_Zybo/Vitis_3adc/CLC_3adc_system/Debug/system.bif
TRACE::2024-09-13.12:38:28::SCWBifWriter::Writing the Zynq Baremetal bif 
TRACE::2024-09-13.12:40:20::SCWBifWriter::Found the complete platform D:/Programs/Proyecto_3LFCC_Zybo/Vitis_3adc/3LFCC_3adc_platform/export/3LFCC_3adc_platform/3LFCC_3adc_platform.xpfm
TRACE::2024-09-13.12:40:20::SCWBifWriter::hardware databse : Design_Closed_Loop_wrapper_2
TRACE::2024-09-13.12:40:20::SCWBifWriter::bitstream found in the design
TRACE::2024-09-13.12:40:20::SCWBifWriter::Found a baremetal domain, proc: ps7_cortexa9_0
TRACE::2024-09-13.12:40:20::SCWBifWriter::proc type : 
TRACE::2024-09-13.12:40:20::SCWBifWriter::proc[0] : ps7_cortexa9_0
TRACE::2024-09-13.12:40:20::SCWBifWriter::Device type is : zynq
TRACE::2024-09-13.12:40:20::SCWBifWriter::Writing BIF to file : D:/Programs/Proyecto_3LFCC_Zybo/Vitis_3adc/CLC_3adc_system/Debug/system.bif
TRACE::2024-09-13.12:40:20::SCWBifWriter::Writing the Zynq Baremetal bif 
TRACE::2024-09-13.12:42:21::SCWBifWriter::Found the complete platform D:/Programs/Proyecto_3LFCC_Zybo/Vitis_3adc/3LFCC_3adc_platform/export/3LFCC_3adc_platform/3LFCC_3adc_platform.xpfm
TRACE::2024-09-13.12:42:21::SCWBifWriter::hardware databse : Design_Closed_Loop_wrapper_3
TRACE::2024-09-13.12:42:21::SCWBifWriter::bitstream found in the design
TRACE::2024-09-13.12:42:21::SCWBifWriter::Found a baremetal domain, proc: ps7_cortexa9_0
TRACE::2024-09-13.12:42:22::SCWBifWriter::proc type : 
TRACE::2024-09-13.12:42:22::SCWBifWriter::proc[0] : ps7_cortexa9_0
TRACE::2024-09-13.12:42:22::SCWBifWriter::Device type is : zynq
TRACE::2024-09-13.12:42:22::SCWBifWriter::Writing BIF to file : D:/Programs/Proyecto_3LFCC_Zybo/Vitis_3adc/CLC_3adc_system/Debug/system.bif
TRACE::2024-09-13.12:42:22::SCWBifWriter::Writing the Zynq Baremetal bif 
TRACE::2024-09-13.12:43:13::SCWBifWriter::Found the complete platform D:/Programs/Proyecto_3LFCC_Zybo/Vitis_3adc/3LFCC_3adc_platform/export/3LFCC_3adc_platform/3LFCC_3adc_platform.xpfm
TRACE::2024-09-13.12:43:13::SCWBifWriter::hardware databse : Design_Closed_Loop_wrapper_5
TRACE::2024-09-13.12:43:13::SCWBifWriter::bitstream found in the design
TRACE::2024-09-13.12:43:13::SCWBifWriter::Found a baremetal domain, proc: ps7_cortexa9_0
TRACE::2024-09-13.12:43:13::SCWBifWriter::proc type : 
TRACE::2024-09-13.12:43:13::SCWBifWriter::proc[0] : ps7_cortexa9_0
TRACE::2024-09-13.12:43:13::SCWBifWriter::Device type is : zynq
TRACE::2024-09-13.12:43:13::SCWBifWriter::Writing BIF to file : D:/Programs/Proyecto_3LFCC_Zybo/Vitis_3adc/CLC_3adc_system/Debug/system.bif
TRACE::2024-09-13.12:43:13::SCWBifWriter::Writing the Zynq Baremetal bif 
TRACE::2024-09-25.15:39:06::SCWBifWriter::Found the complete platform D:/Programs/Proyecto_3LFCC_Zybo/Vitis_3adc/3LFCC_3adc_platform/export/3LFCC_3adc_platform/3LFCC_3adc_platform.xpfm
TRACE::2024-09-25.15:39:06::SCWBifWriter::hardware databse : Design_Closed_Loop_wrapper
TRACE::2024-09-25.15:39:06::SCWBifWriter::bitstream found in the design
TRACE::2024-09-25.15:39:06::SCWBifWriter::Found a baremetal domain, proc: ps7_cortexa9_0
TRACE::2024-09-25.15:39:06::SCWBifWriter::proc type : 
TRACE::2024-09-25.15:39:06::SCWBifWriter::proc[0] : ps7_cortexa9_0
TRACE::2024-09-25.15:39:06::SCWBifWriter::Device type is : zynq
TRACE::2024-09-25.15:39:06::SCWBifWriter::Writing BIF to file : D:/Programs/Proyecto_3LFCC_Zybo/Vitis_3adc/CLC_3adc_system/Debug/system.bif
TRACE::2024-09-25.15:39:06::SCWBifWriter::Writing the Zynq Baremetal bif 
TRACE::2024-09-25.15:45:53::SCWBifWriter::Found the complete platform D:/Programs/Proyecto_3LFCC_Zybo/Vitis_3adc/3LFCC_3adc_platform/export/3LFCC_3adc_platform/3LFCC_3adc_platform.xpfm
TRACE::2024-09-25.15:45:53::SCWBifWriter::hardware databse : Design_Closed_Loop_wrapper
TRACE::2024-09-25.15:45:53::SCWBifWriter::bitstream found in the design
TRACE::2024-09-25.15:45:53::SCWBifWriter::Found a baremetal domain, proc: ps7_cortexa9_0
TRACE::2024-09-25.15:45:53::SCWBifWriter::proc type : 
TRACE::2024-09-25.15:45:53::SCWBifWriter::proc[0] : ps7_cortexa9_0
TRACE::2024-09-25.15:45:53::SCWBifWriter::Device type is : zynq
TRACE::2024-09-25.15:45:53::SCWBifWriter::Writing BIF to file : D:/Programs/Proyecto_3LFCC_Zybo/Vitis_3adc/CLC_3adc_system/Debug/system.bif
TRACE::2024-09-25.15:45:53::SCWBifWriter::Writing the Zynq Baremetal bif 
TRACE::2024-09-25.15:46:09::SCWBifWriter::Found the complete platform D:/Programs/Proyecto_3LFCC_Zybo/Vitis_3adc/3LFCC_3adc_platform/export/3LFCC_3adc_platform/3LFCC_3adc_platform.xpfm
TRACE::2024-09-25.15:46:10::SCWBifWriter::hardware databse : Design_Closed_Loop_wrapper
TRACE::2024-09-25.15:46:10::SCWBifWriter::bitstream found in the design
TRACE::2024-09-25.15:46:10::SCWBifWriter::Found a baremetal domain, proc: ps7_cortexa9_0
TRACE::2024-09-25.15:46:10::SCWBifWriter::proc type : 
TRACE::2024-09-25.15:46:10::SCWBifWriter::proc[0] : ps7_cortexa9_0
TRACE::2024-09-25.15:46:10::SCWBifWriter::Device type is : zynq
TRACE::2024-09-25.15:46:10::SCWBifWriter::Writing BIF to file : D:/Programs/Proyecto_3LFCC_Zybo/Vitis_3adc/CLC_3adc_system/Debug/system.bif
TRACE::2024-09-25.15:46:10::SCWBifWriter::Writing the Zynq Baremetal bif 
TRACE::2024-09-26.15:40:10::SCWBifWriter::Found the complete platform D:/Programs/Proyecto_3LFCC_Zybo/Vitis_3adc/3LFCC_3adc_platform/export/3LFCC_3adc_platform/3LFCC_3adc_platform.xpfm
TRACE::2024-09-26.15:40:10::SCWBifWriter::hardware databse : Design_Closed_Loop_wrapper
TRACE::2024-09-26.15:40:10::SCWBifWriter::bitstream found in the design
TRACE::2024-09-26.15:40:10::SCWBifWriter::Found a baremetal domain, proc: ps7_cortexa9_0
TRACE::2024-09-26.15:40:10::SCWBifWriter::proc type : 
TRACE::2024-09-26.15:40:10::SCWBifWriter::proc[0] : ps7_cortexa9_0
TRACE::2024-09-26.15:40:10::SCWBifWriter::Device type is : zynq
TRACE::2024-09-26.15:40:10::SCWBifWriter::Writing BIF to file : D:/Programs/Proyecto_3LFCC_Zybo/Vitis_3adc/CLC_3adc_system/Debug/system.bif
TRACE::2024-09-26.15:40:10::SCWBifWriter::Writing the Zynq Baremetal bif 
TRACE::2024-09-26.15:43:05::SCWBifWriter::Found the complete platform D:/Programs/Proyecto_3LFCC_Zybo/Vitis_3adc/3LFCC_3adc_platform/export/3LFCC_3adc_platform/3LFCC_3adc_platform.xpfm
TRACE::2024-09-26.15:43:05::SCWBifWriter::hardware databse : Design_Closed_Loop_wrapper_0
TRACE::2024-09-26.15:43:05::SCWBifWriter::bitstream found in the design
TRACE::2024-09-26.15:43:05::SCWBifWriter::Found a baremetal domain, proc: ps7_cortexa9_0
TRACE::2024-09-26.15:43:05::SCWBifWriter::proc type : 
TRACE::2024-09-26.15:43:05::SCWBifWriter::proc[0] : ps7_cortexa9_0
TRACE::2024-09-26.15:43:05::SCWBifWriter::Device type is : zynq
TRACE::2024-09-26.15:43:05::SCWBifWriter::Writing BIF to file : D:/Programs/Proyecto_3LFCC_Zybo/Vitis_3adc/CLC_3adc_system/Debug/system.bif
TRACE::2024-09-26.15:43:05::SCWBifWriter::Writing the Zynq Baremetal bif 
TRACE::2024-09-26.15:47:14::SCWBifWriter::Found the complete platform D:/Programs/Proyecto_3LFCC_Zybo/Vitis_3adc/3LFCC_3adc_platform/export/3LFCC_3adc_platform/3LFCC_3adc_platform.xpfm
TRACE::2024-09-26.15:47:15::SCWBifWriter::hardware databse : Design_Closed_Loop_wrapper_0
TRACE::2024-09-26.15:47:15::SCWBifWriter::bitstream found in the design
TRACE::2024-09-26.15:47:15::SCWBifWriter::Found a baremetal domain, proc: ps7_cortexa9_0
TRACE::2024-09-26.15:47:15::SCWBifWriter::proc type : 
TRACE::2024-09-26.15:47:15::SCWBifWriter::proc[0] : ps7_cortexa9_0
TRACE::2024-09-26.15:47:15::SCWBifWriter::Device type is : zynq
TRACE::2024-09-26.15:47:15::SCWBifWriter::Writing BIF to file : D:/Programs/Proyecto_3LFCC_Zybo/Vitis_3adc/CLC_3adc_system/Debug/system.bif
TRACE::2024-09-26.15:47:15::SCWBifWriter::Writing the Zynq Baremetal bif 
TRACE::2024-09-26.16:49:57::SCWBifWriter::Found the complete platform D:/Programs/Proyecto_3LFCC_Zybo/Vitis_3adc/3LFCC_3adc_platform/export/3LFCC_3adc_platform/3LFCC_3adc_platform.xpfm
TRACE::2024-09-26.16:49:57::SCWBifWriter::hardware databse : Design_Closed_Loop_wrapper_7
TRACE::2024-09-26.16:49:57::SCWBifWriter::bitstream found in the design
TRACE::2024-09-26.16:49:57::SCWBifWriter::Found a baremetal domain, proc: ps7_cortexa9_0
TRACE::2024-09-26.16:49:57::SCWBifWriter::proc type : 
TRACE::2024-09-26.16:49:57::SCWBifWriter::proc[0] : ps7_cortexa9_0
TRACE::2024-09-26.16:49:57::SCWBifWriter::Device type is : zynq
TRACE::2024-09-26.16:49:57::SCWBifWriter::Writing BIF to file : D:/Programs/Proyecto_3LFCC_Zybo/Vitis_3adc/CLC_3adc_system/Debug/system.bif
TRACE::2024-09-26.16:49:57::SCWBifWriter::Writing the Zynq Baremetal bif 
